{
  "form": "CompanyDocument",
  "_parentid": "3717BD9B07B555DF8525816D0054AAEB",
  "document": "Vivamus pulvinar neque quis nibh volutpat vehicula. Suspendisse quam lectus, rutrum a suscipit vel, molestie at nisi. Quisque tempus elementum dui sed aliquet. Phasellus sagittis, lectus eget imperdiet tristique, turpis eros sagittis urna, ac volutpat massa nisl sit amet arcu. Ut leo elit, scelerisque sed venenatis in, tincidunt id lorem. In ultrices imperdiet diam sit amet tincidunt. Integer lorem metus, vulputate et tristique gravida, malesuada eget lorem. Donec fringilla adipiscing posuere. Etiam sit amet risus sed purus pretium volutpat vitae vel orci. Nunc commodo faucibus venenatis. Pellentesque dictum faucibus nisi, a venenatis lectus mattis at. Maecenas hendrerit commodo convallis. Fusce ac feugiat mi. Mauris euismod, lectus vel lobortis elementum, orci nibh sodales purus, eget laoreet augue neque ac arcu.\n\nAenean varius dui a tellus fermentum sollicitudin. Sed convallis sollicitudin lectus, sed vestibulum velit bibendum eget. Mauris quam diam, porta eget consequat et, facilisis vitae ligula. Sed venenatis, libero a ornare cursus, felis dui dapibus turpis, vitae ullamcorper libero tellus sit amet massa. Nullam mi orci, iaculis a sagittis nec, vestibulum et diam. Nunc tincidunt lacinia lorem, eget consequat leo tempus fermentum. Etiam hendrerit, sem nec sodales commodo, purus elit feugiat odio, et auctor ipsum purus ut est. Pellentesque metus eros, lobortis id auctor ut, consequat hendrerit nisi. Mauris pharetra pulvinar ante eget dictum. Nullam nulla turpis, tincidunt sed ultricies sit amet, sagittis sodales est. Phasellus sodales augue ornare purus pellentesque ut ornare nisl hendrerit. Praesent euismod, sem id malesuada sodales, orci justo bibendum elit, sed lobortis libero mauris eu nisi. Proin quis sapien metus. Sed nec sapien odio.\n\nSed nec leo nec sem hendrerit dapibus vitae non dui. Nunc nec mattis nisi. Ut lobortis lobortis purus, eu interdum nibh pulvinar nec. Suspendisse volutpat nibh vitae orci tincidunt eget porttitor velit volutpat. Vivamus at massa libero, eget commodo purus. Nunc sed turpis purus. Pellentesque lobortis, massa aliquam semper imperdiet, mauris velit elementum nunc, ut dapibus tellus leo sed felis. Sed quis orci in diam rutrum venenatis ac et massa. Nulla facilisi. Mauris cursus pellentesque condimentum. Cras id odio quis ligula ornare rhoncus sed at leo. Fusce pellentesque egestas ligula, sed rutrum nulla mollis vitae. Suspendisse vel elit ut lorem venenatis facilisis ut vitae quam. Nunc at massa ligula, at ultrices quam. Vestibulum accumsan nulla in sem aliquet id suscipit augue dapibus.",
  "title": "Document 1-1-3-1-3",
  "__meta": {
    "updateId": -1810240330,
    "cdate": 1501428287820,
    "cuser": "cn=Al Mass,o=DARWINO",
    "mdate": 1501428313270,
    "replicaId": "85257FB8005090FB",
    "changes": "zlnh",
    "muser": "cn=Al Mass,o=DARWINO",
    "seqId": 1
  }
}