{
  "firstname": "Tom",
  "comments": "<font size=\"2\" face=\"sans-serif\">The green car is investigating the friendly salad</font><br />\r\n<font size=\"2\" face=\"sans-serif\">A green physicist bought the lawyer</font>",
  "homephone": "(574) 649-1532",
  "city": "Crown Point",
  "sex": "M",
  "picture": "http://www.gravatar.com/avatar/b06e8df7010cdf75863395a17e70ff92?d=retro",
  "lastname": "Walter",
  "__meta": {
    "updateId": -1810122570,
    "cdate": 1501428329830,
    "cuser": "cn=Al Mass,o=DARWINO",
    "mdate": 1501428431030,
    "replicaId": "85257FB8005090FB",
    "changes": "AoOp",
    "muser": "cn=Al Mass,o=DARWINO",
    "seqId": 2
  },
  "zipcode": "46307",
  "form": "Contact",
  "street": "418 Oak Street",
  "firstcontact": "2014-01-19T11:56:19.000-05:00",
  "workphone": "(292) 896-1150",
  "mobilephone": "(932) 460-1252",
  "company": "Zotware",
  "state": "IN",
  "card": "<img src=\"$document-attachment/Card%7C%7Cinline-0.84.gif\" width=\"80\" height=\"80\" /><br />\r\n<font size=\"2\" face=\"sans-serif\"><b>Name</b></font><font size=\"2\" face=\"sans-serif\">: Tom Walter</font><br />\r\n<font size=\"2\" face=\"sans-serif\"><b>EMail</b></font><font size=\"2\" face=\"sans-serif\">: twalter@darwino.com</font><br />\r\n<font size=\"2\" face=\"sans-serif\"><b>Company</b></font><font size=\"2\" face=\"sans-serif\">: Zotware</font>",
  "email": "twalter@darwino.com"
}