{
  "form": "CompanyDocument",
  "_parentid": "C047EB6F22F6EB868525816D0054AA1C",
  "document": "Pellentesque dolor sem, viverra eu elementum et, viverra non metus. Quisque velit purus, adipiscing nec auctor sed, porttitor eu est. Nullam sit amet dui elit. Phasellus mattis magna at arcu bibendum eu scelerisque justo aliquam. Donec sit amet odio sapien. Proin consectetur tempor dui, ut feugiat orci ultricies quis. Vestibulum nec sem tortor. In eu eros vel magna congue viverra. Duis non mauris felis. Pellentesque auctor fermentum eros. Cras in libero nisl. Aliquam erat volutpat. Quisque pellentesque auctor lorem id vulputate. Mauris in turpis vel neque ultrices consectetur eu nec risus. Maecenas enim purus, eleifend non tincidunt ut, pellentesque ut erat. Integer cursus mi eu ipsum auctor tempus. Aliquam lacinia, augue eu varius feugiat, nunc ante imperdiet ligula, eu varius risus ipsum ac felis. Vestibulum vel erat sit amet dolor iaculis eleifend. Quisque commodo urna ut enim vestibulum tincidunt. In in lacinia felis.\n\nDuis tempus sem quis lacus euismod blandit id eget tellus. Vivamus congue ipsum eu erat congue tincidunt. Proin sit amet ante id leo luctus egestas. Praesent a augue at velit venenatis aliquet. Praesent molestie luctus metus, vel vulputate urna rhoncus vitae. Morbi tincidunt velit orci, ac malesuada massa. Cras sit amet elit ipsum. Morbi viverra massa cursus elit aliquam iaculis. Sed vel neque lobortis augue placerat dignissim in et diam. Nunc scelerisque quam ut mi vestibulum vitae ornare magna convallis.",
  "title": "Document 5-2-1-2-1",
  "__meta": {
    "updateId": -1810246580,
    "cdate": 1501428285730,
    "cuser": "cn=Al Mass,o=DARWINO",
    "mdate": 1501428307020,
    "replicaId": "85257FB8005090FB",
    "changes": "3dbW",
    "muser": "cn=Al Mass,o=DARWINO",
    "seqId": 1
  }
}