{
  "form": "CompanyDocument",
  "_parentid": "FAC230F5A2E0EF798525816D0054B757",
  "document": "Aliquam ut lacus ut est commodo consequat. Curabitur elit diam, semper quis mollis ut, ultrices vitae risus. Etiam accumsan fringilla lacus, quis ultrices elit tincidunt a. Sed vulputate dui sed lorem pulvinar placerat. Sed consequat auctor velit lobortis posuere. Donec ut augue eget nulla blandit suscipit. Donec pharetra, tellus vitae auctor faucibus, arcu sem adipiscing nulla, congue ultrices ipsum tellus et enim. Lorem ipsum dolor sit amet, consectetur adipiscing elit. Donec eu dolor nisi. Cras commodo, diam eget gravida egestas, nisl lectus sollicitudin enim, aliquet mollis sapien risus et dolor. Maecenas laoreet, velit molestie iaculis porta, magna erat faucibus lectus, ut mollis augue nulla id erat.\n\nAliquam imperdiet rutrum lorem nec pulvinar. Cras justo ligula, sodales nec adipiscing vel, malesuada ut purus. Aliquam vel arcu leo. Aliquam in eros elit. Pellentesque eget vehicula tortor. Praesent malesuada, nunc non malesuada fermentum, quam turpis porttitor orci, vel rhoncus eros risus auctor eros. Mauris placerat, nisi sed rutrum lobortis, leo felis molestie justo, non dictum erat diam eu orci. Aliquam justo sapien, porta quis fermentum vel, venenatis eget leo. Cras venenatis luctus ullamcorper. Aliquam erat volutpat. Nulla in tincidunt arcu.\n\nNam eleifend ante sit amet lorem gravida varius. Integer pretium lobortis massa vitae mattis. Nam quis neque id leo fermentum hendrerit. Sed posuere tristique mauris, sit amet tincidunt leo adipiscing non. Vestibulum sit amet malesuada urna. Phasellus laoreet, ipsum eget ullamcorper feugiat, erat purus consectetur neque, et adipiscing dolor dui sed dui. Nullam viverra tortor lacinia ante ornare bibendum. Vestibulum laoreet nibh vitae nunc semper laoreet. Nunc dapibus blandit tristique. Sed eu magna et diam porta consequat non eu purus. Curabitur ligula lorem, commodo vel sodales vitae, eleifend et nisi. Morbi nec tortor leo. Nullam dolor quam, aliquet nec cursus in, adipiscing eu lacus. Duis volutpat orci eu quam lacinia blandit sit amet sed est. Proin eleifend orci vel enim lacinia tristique.",
  "title": "Document 1-4-1-1-2",
  "__meta": {
    "updateId": -1810145110,
    "cdate": 1501428319610,
    "cuser": "cn=Al Mass,o=DARWINO",
    "mdate": 1501428408490,
    "replicaId": "85257FB8005090FB",
    "changes": "jli6",
    "muser": "cn=Al Mass,o=DARWINO",
    "seqId": 1
  }
}