{
  "form": "CompanyDocument",
  "_parentid": "2640FD570615313E8525816D0054B611",
  "document": "Nam dapibus massa nec tortor venenatis ut vulputate massa condimentum. Nulla quam augue, convallis et bibendum nec, iaculis eu augue. Praesent volutpat turpis vel sapien aliquet eget fringilla eros dignissim. Suspendisse elit risus, pellentesque suscipit mattis eget, pulvinar ut velit. Aliquam pulvinar, felis a volutpat dapibus, ipsum metus gravida nisl, non laoreet mi nibh sit amet lorem. Aenean sed eros elit, a fermentum justo. Etiam lobortis vulputate lectus at convallis. Integer commodo sollicitudin odio nec eleifend. Integer vestibulum bibendum tincidunt. Morbi et odio odio. Sed sed eros mi. Morbi malesuada tristique ipsum sit amet porta. Vivamus aliquet eleifend dapibus. Vivamus diam tortor, facilisis eu elementum sit amet, ultrices sed arcu. Phasellus vitae mi magna, non ultricies justo. Pellentesque interdum mi a turpis consectetur rhoncus.\n\nPraesent aliquam mi leo, eu faucibus ligula. Donec ornare porttitor enim ut sollicitudin. Nullam laoreet, purus nec cursus accumsan, leo velit interdum arcu, vitae viverra mauris nisl vel ipsum. Nam pharetra gravida tempor. Cras ut tincidunt lacus. Duis porta malesuada tellus, quis semper odio feugiat vel. Nam sollicitudin fermentum libero sed bibendum. Vestibulum sed ornare mauris. Curabitur at massa velit. Sed eros purus, feugiat id imperdiet in, tincidunt vel dui. Morbi ornare nibh eu nunc bibendum rutrum. Suspendisse at nulla enim, et malesuada ipsum. Nulla id arcu pellentesque ante accumsan porttitor pretium et nulla.\n\nSed nec ante sit amet diam consequat tempor at non ipsum. Sed felis nisi, pellentesque nec tempus sed, accumsan ut lorem. Sed faucibus nisl vitae nunc suscipit sit amet semper nunc commodo. Pellentesque blandit metus ut dui iaculis porttitor. Phasellus non libero eu lorem sodales bibendum. Aliquam sit amet lectus sit amet libero feugiat interdum condimentum in lorem. Vivamus tincidunt tellus sed magna ornare sagittis. Aenean auctor sapien in massa viverra suscipit. Proin consequat nunc ac felis mattis ornare. In hac habitasse platea dictumst.\n\nSuspendisse eu urna massa. Nunc semper, sem nec vehicula faucibus, orci felis gravida erat, eget tempus purus nibh vitae justo. Duis eu rutrum quam. Morbi gravida, metus a condimentum tincidunt, est libero accumsan nunc, nec rhoncus enim felis quis diam. Sed ut nisl nunc. Aliquam in pretium nunc. Sed sit amet mauris ac risus vulputate vulputate in non neque. Aenean vitae mauris quis orci viverra tristique et sed est. Nulla libero neque, sodales elementum facilisis ut, ullamcorper a nunc. Ut velit augue, blandit ac commodo eu, ultricies a dui.",
  "title": "Document 2-2-3-2-3",
  "__meta": {
    "updateId": -1810154840,
    "cdate": 1501428316360,
    "cuser": "cn=Al Mass,o=DARWINO",
    "mdate": 1501428398760,
    "replicaId": "85257FB8005090FB",
    "changes": "gQZj",
    "muser": "cn=Al Mass,o=DARWINO",
    "seqId": 1
  }
}