{
  "form": "CompanyDocument",
  "_parentid": "2D24A36A36A4F8568525816D0054A856",
  "document": "In venenatis egestas mauris eget semper. Fusce condimentum ligula sed elit accumsan non tristique dui adipiscing. Nulla accumsan varius orci et laoreet. Fusce et tortor vel ante ultricies venenatis. Aenean sollicitudin, sapien a tincidunt scelerisque, tortor mauris tempor nisi, eu laoreet magna dui ut enim. Morbi vitae elit arcu. Aenean quis cursus nisi. Vivamus tempus, odio in tempus ullamcorper, urna orci tempor eros, nec porttitor magna tellus quis nunc. Vivamus adipiscing pellentesque felis, ut tincidunt nisi convallis ac. Nulla facilisi. Aliquam pulvinar nunc eu orci accumsan viverra. Quisque quis turpis dolor. In hac habitasse platea dictumst. Nullam augue odio, tincidunt a pellentesque at, consequat quis sem. Sed ultricies quam eget odio facilisis sollicitudin. Aenean quis mauris ante.\n\nSed nec ante sit amet diam consequat tempor at non ipsum. Sed felis nisi, pellentesque nec tempus sed, accumsan ut lorem. Sed faucibus nisl vitae nunc suscipit sit amet semper nunc commodo. Pellentesque blandit metus ut dui iaculis porttitor. Phasellus non libero eu lorem sodales bibendum. Aliquam sit amet lectus sit amet libero feugiat interdum condimentum in lorem. Vivamus tincidunt tellus sed magna ornare sagittis. Aenean auctor sapien in massa viverra suscipit. Proin consequat nunc ac felis mattis ornare. In hac habitasse platea dictumst.\n\nInteger vitae massa nec augue eleifend consequat. Donec tristique turpis ut est imperdiet id accumsan nunc pulvinar. Fusce pretium viverra sem a condimentum. Praesent convallis eleifend semper. Quisque eleifend, enim dapibus laoreet ultricies, quam sapien congue felis, quis accumsan augue velit sed nibh. Vestibulum quis magna nibh. Integer et orci velit, at tincidunt orci. Vivamus vel sem purus, quis vestibulum velit. Nulla ac viverra massa. Curabitur pellentesque erat a elit eleifend eu fermentum mi cursus. Donec tincidunt ornare lacus, eget varius turpis ultricies ut. Praesent nec neque rhoncus mi lobortis ultricies quis in nulla. Duis id iaculis sapien. Curabitur velit justo, lacinia et eleifend in, accumsan a est. Integer urna ipsum, facilisis vel faucibus nec, tristique vehicula ligula. Praesent at urna bibendum felis ullamcorper mollis quis eu lacus.",
  "title": "Document 2-1-1-2",
  "__meta": {
    "updateId": -1810260060,
    "cdate": 1501428281230,
    "cuser": "cn=Al Mass,o=DARWINO",
    "mdate": 1501428293540,
    "replicaId": "85257FB8005090FB",
    "changes": "YHbP",
    "muser": "cn=Al Mass,o=DARWINO",
    "seqId": 1
  }
}