{
  "form": "CompanyDocument",
  "_parentid": "125B9BAEA40A6C058525816D0054A6DC",
  "document": "Duis in justo sit amet est viverra faucibus. Pellentesque iaculis molestie est vitae eleifend. Nulla facilisi. Integer in velit tortor. In rhoncus neque id enim convallis vel tempus augue posuere. Integer lobortis, nisl vel ultricies cursus, libero nulla dapibus ligula, ac tincidunt purus massa ac odio. Sed posuere arcu eu arcu tempus molestie nec nec sem. Integer mattis mollis est in congue. Curabitur accumsan massa felis. Quisque accumsan scelerisque volutpat. Vestibulum ante ipsum primis in faucibus orci luctus et ultrices posuere cubilia Curae; Curabitur vestibulum lacinia felis, ac elementum turpis vestibulum vitae. Suspendisse ligula elit, pulvinar a condimentum a, ultricies eleifend nulla. Ut commodo risus sit amet tortor venenatis ullamcorper. Nunc nec purus sed enim porttitor ullamcorper sed et nisi. Mauris nisl mi, hendrerit ac tincidunt sed, suscipit id tellus. Quisque pulvinar eros sit amet mi ultrices congue ac et dolor.\n\nCras id eros malesuada nunc vehicula dapibus. Mauris lobortis dolor sed tortor venenatis dapibus. Nulla at turpis non dui sodales bibendum. Fusce volutpat ligula eget diam tempus consequat. Praesent vehicula leo sit amet tellus feugiat vehicula. Nulla facilisi. Vivamus vulputate pellentesque velit et laoreet. Praesent velit est, suscipit in fringilla non, ultrices et sapien. Aenean id lorem dui, in malesuada dui. Etiam ullamcorper auctor egestas. Suspendisse ultrices urna nec dui blandit ultricies ullamcorper tortor sagittis. Etiam imperdiet velit nec lacus aliquam interdum. Cras sagittis arcu et risus blandit tristique varius ante auctor. Nunc auctor eros vitae nulla imperdiet vulputate. Suspendisse pretium erat augue.\n\nNunc eu erat eu nisi consectetur tincidunt at et elit. Fusce non nulla ut turpis rhoncus accumsan. Nunc eleifend lacinia elit vitae faucibus. Aenean iaculis imperdiet ligula, ut consequat orci interdum nec. Vestibulum pretium felis sit amet enim aliquam euismod. Suspendisse eget nisl erat. Etiam tempus malesuada eros, eu consectetur tortor venenatis et. Sed in dolor et massa condimentum dictum. Phasellus at dolor nec nulla pharetra tempus. Morbi fringilla, urna et aliquam commodo, erat ligula aliquam diam, nec congue ligula sapien ut mauris. Curabitur suscipit auctor lectus vel interdum. Maecenas in dui ipsum. Nulla sollicitudin mauris in lorem feugiat tempor. Nam tincidunt neque ut arcu egestas volutpat. Integer eleifend mi id turpis accumsan aliquet tempor nisi commodo. Aliquam sed ligula eget erat pellentesque sollicitudin ac eu ante. Nulla at ligula libero, sit amet placerat erat. In scelerisque iaculis ligula vitae mattis.\n\nQuisque libero est, auctor sed tincidunt quis, lobortis et orci. Praesent ultricies orci quis est aliquam eget molestie lectus volutpat. Quisque ac ultricies arcu. Nullam tempor semper mi eu aliquet. Mauris ligula felis, porttitor non ultricies at, iaculis hendrerit lacus. Fusce pharetra nisl sed risus interdum in bibendum nisl scelerisque. Quisque porttitor, turpis in pharetra faucibus, velit risus adipiscing nibh, bibendum fringilla nisl ipsum ac metus. Aenean varius risus et turpis rhoncus vitae rhoncus metus lacinia. Fusce tempus, tellus sed malesuada malesuada, dui neque congue sem, eget mollis nisi elit et diam. In aliquam metus non nibh venenatis placerat. Duis vitae erat vel augue pretium mattis sed sed ipsum. Nam lacus libero, iaculis at dignissim vitae, dapibus et diam. Proin tempus augue nec diam facilisis fringilla.",
  "title": "Document 2-2-3-3",
  "__meta": {
    "updateId": -1810271340,
    "cdate": 1501428277460,
    "cuser": "cn=Al Mass,o=DARWINO",
    "mdate": 1501428282260,
    "replicaId": "85257FB8005090FB",
    "changes": "ZtDh",
    "muser": "cn=Al Mass,o=DARWINO",
    "seqId": 1
  }
}