{
  "form": "CompanyDocument",
  "_parentid": "265E87455F51F33B8525816D0054B65E",
  "document": "Vivamus facilisis tincidunt euismod. Pellentesque vehicula pellentesque accumsan. Maecenas vitae metus elit, gravida tincidunt nibh. Suspendisse vel odio mollis quam posuere interdum. Nulla fringilla eros quis justo vulputate elementum mollis leo mollis. Nulla sapien urna, euismod id elementum vel, bibendum vitae diam. Ut in mauris massa. Sed pulvinar libero et elit lobortis ultricies. Donec venenatis tortor id dui vestibulum pharetra mollis id arcu. Aenean vulputate, ante id laoreet tristique, mauris orci tempus ante, eget luctus tortor erat eget justo. Quisque accumsan euismod laoreet. Aenean sed eros odio.\n\nMauris vel diam vel velit consequat imperdiet. In tincidunt faucibus bibendum. Curabitur tellus enim, mollis ut dapibus laoreet, posuere in metus. Nam vel est mauris, vel cursus sem. Nullam imperdiet pulvinar nulla in commodo. Pellentesque ac ligula in ipsum tempor sollicitudin. Donec eget justo neque. Nulla facilisi. Fusce commodo lacinia tellus dictum pulvinar. In dui justo, placerat eget eleifend vehicula, viverra vitae augue. Fusce sollicitudin mi vel est facilisis pulvinar. Praesent urna lorem, varius a posuere eget, sagittis at mauris. Donec et erat turpis, non bibendum magna. Vestibulum ac eros lacus. Nam tristique leo ac orci placerat porttitor. Vestibulum a erat nec est tempus consequat et id sem. Ut vitae massa nisi. Phasellus feugiat blandit lacus, eget imperdiet lorem vestibulum a.\n\nAliquam erat volutpat. Morbi faucibus pulvinar ullamcorper. Mauris a arcu elit. Vivamus et tincidunt nunc. Vestibulum sagittis, eros sit amet facilisis rhoncus, lacus risus tincidunt lectus, nec molestie dui augue non lacus. Maecenas commodo tincidunt ornare. Pellentesque quis justo diam, vel ultricies tortor. Fusce lobortis eleifend diam, nec porta eros elementum in. Suspendisse mollis suscipit mattis. Fusce aliquam, nisi et egestas fermentum, elit ligula hendrerit libero, eu tincidunt est elit a lorem. Fusce volutpat urna vitae mauris fermentum aliquam. Donec eu ipsum sem. Cras neque ante, porta quis euismod quis, viverra id augue.\n\nSed id quam at urna dignissim accumsan. Nunc sed lorem non est dapibus egestas volutpat sed odio. Curabitur eros orci, viverra ut suscipit sed, adipiscing in diam. Nam adipiscing, ligula fermentum gravida hendrerit, lacus nunc gravida turpis, aliquam euismod ante metus eget dolor. Fusce porttitor, est et lacinia venenatis, felis metus porta erat, non hendrerit orci tellus eu massa. Proin vel orci quis ante blandit tempor. Donec lacus tellus, gravida at accumsan sed, dignissim et augue. Nunc cursus suscipit risus, eu consectetur erat sodales id. Morbi justo leo, aliquam commodo congue vel, convallis at orci. Vivamus condimentum fermentum augue, et rhoncus ligula semper sed. Nulla facilisi. Suspendisse a ipsum eget ipsum volutpat malesuada. Nulla porttitor laoreet condimentum.",
  "title": "Document 4-2-3-1",
  "__meta": {
    "updateId": -1810152590,
    "cdate": 1501428317110,
    "cuser": "cn=Al Mass,o=DARWINO",
    "mdate": 1501428401010,
    "replicaId": "85257FB8005090FB",
    "changes": "Lqtj",
    "muser": "cn=Al Mass,o=DARWINO",
    "seqId": 1
  }
}