{
  "form": "CompanyDocument",
  "_parentid": "5873CA99AA17632F8525816D0054A74B",
  "document": "Morbi dui ligula, tincidunt eget feugiat ut, malesuada non mi. Pellentesque nisi lectus, fermentum in dignissim vitae, sodales vitae magna. Donec ut mauris turpis, in sollicitudin urna. Suspendisse vitae lobortis eros. Fusce varius arcu sed diam rutrum consectetur. Sed vitae urna quam, ac facilisis ligula. Ut sagittis vestibulum elementum. Sed quis ligula in urna bibendum elementum sed eu tellus. Phasellus hendrerit elit eget sem rhoncus adipiscing. Phasellus venenatis, mauris sit amet volutpat condimentum, leo tellus commodo est, sit amet lobortis arcu turpis non orci. Duis cursus dapibus est, sit amet porta augue fermentum ut. Vivamus mollis volutpat elit, nec tristique purus tristique sit amet. Nullam dignissim sodales tellus mattis commodo. Aliquam gravida eleifend porttitor. Fusce eu lacus euismod ipsum consectetur volutpat a at elit. Phasellus tellus odio, condimentum sit amet aliquet ac, ultricies a ipsum. Donec sodales nibh eu nibh sagittis in commodo tortor cursus. In hac habitasse platea dictumst. Sed neque sem, fringilla sit amet gravida sed, pretium id quam. Curabitur vitae nisl felis.\n\nSed quis odio est. Aliquam sit amet lorem velit. Nullam eu nibh eget justo tempus rutrum. Donec bibendum lacinia tortor sit amet semper. Etiam eros enim, ullamcorper sit amet venenatis quis, adipiscing eget nulla. Pellentesque pharetra, sapien vitae convallis sollicitudin, lectus orci placerat libero, in iaculis metus purus et ipsum. Aenean non justo non orci scelerisque venenatis. Proin cursus lobortis libero nec aliquet. Donec id metus et lacus ultrices cursus et non justo. Nam orci libero, consequat ac elementum nec, pretium quis nulla. Suspendisse scelerisque sapien ac sem consectetur vehicula. Nunc faucibus nunc eu augue venenatis ac laoreet nisl euismod. Praesent imperdiet metus in ipsum commodo interdum. Sed malesuada quam ut dolor ultricies hendrerit. In pulvinar mi congue est hendrerit euismod. Praesent tempus accumsan magna, ut fermentum ligula fermentum a. Integer ornare sollicitudin sodales.\n\nCurabitur sed nibh nulla. Phasellus rutrum ultrices lectus, sed sagittis eros tempus nec. Nunc euismod ante et nisi venenatis iaculis. Vestibulum nec tortor elit. Sed commodo sapien non lorem condimentum congue. Vestibulum ante ipsum primis in faucibus orci luctus et ultrices posuere cubilia Curae; Mauris felis quam, ultrices sit amet tincidunt ac, mattis et sem. Aenean enim mi, gravida ac porttitor eget, fermentum quis quam. Nunc porta ultricies cursus. Nam sed velit erat. Nulla nisl augue, consequat ut pharetra vel, sagittis sit amet erat. Nullam tellus tellus, auctor id dapibus at, porta id dolor. Maecenas tempus lacinia nibh ac tempus. Proin eget elit quis ipsum interdum commodo. Nullam et lacus vel velit interdum luctus. Mauris at nibh et est cursus adipiscing eu et tellus. Etiam lacus mauris, volutpat at rutrum ut, congue non tortor. Quisque bibendum laoreet luctus. Duis at turpis arcu. Aliquam erat volutpat.\n\nEtiam sit amet posuere quam. Integer sit amet erat quis tellus pulvinar bibendum. Pellentesque non metus est, id hendrerit magna. Morbi a mi non nibh aliquam dapibus. Pellentesque vitae elementum nulla. Donec sit amet ullamcorper sem. Etiam facilisis lorem dui, adipiscing suscipit est. Donec velit orci, porta ut pretium ut, dignissim a turpis. Fusce at turpis arcu, id tempus neque. Vestibulum dictum erat elit. Aliquam vehicula, massa sit amet scelerisque egestas, enim nibh ultrices massa, id semper nunc magna quis lectus.",
  "title": "Document 4-2-3-1-1",
  "__meta": {
    "updateId": -1810268160,
    "cdate": 1501428278520,
    "cuser": "cn=Al Mass,o=DARWINO",
    "mdate": 1501428285440,
    "replicaId": "85257FB8005090FB",
    "changes": "oB7b",
    "muser": "cn=Al Mass,o=DARWINO",
    "seqId": 1
  }
}