{
  "firstname": "Steve",
  "comments": "<font size=\"2\" face=\"sans-serif\">A griffon was authorized to sell a stable lawyer</font><br />\r\n<font size=\"2\" face=\"sans-serif\">Last Tuesday evening the metallic tangerine is now managing a truck, claimed a gray spoon</font><br />\r\n<font size=\"2\" face=\"sans-serif\">The municipal duck rented the shoe, said a building</font><br />\r\n<font size=\"2\" face=\"sans-serif\">Last Tuesday afternoon a treehouse started a war with a building, said a metallic elephant</font><br />\r\n<font size=\"2\" face=\"sans-serif\">The national tangerine leased the metallic glass, reported the gray pear</font>",
  "homephone": "(436) 336-1391",
  "city": "Lincoln Park",
  "sex": "M",
  "picture": "http://www.gravatar.com/avatar/15b0ac3462cbc9dbf5f84e1e97fdad43?d=retro",
  "lastname": "Fields",
  "__meta": {
    "updateId": -1810132490,
    "cdate": 1501428324870,
    "cuser": "cn=Al Mass,o=DARWINO",
    "mdate": 1501428421110,
    "replicaId": "85257FB8005090FB",
    "changes": "X8M6",
    "muser": "cn=Al Mass,o=DARWINO",
    "seqId": 2
  },
  "zipcode": "48146",
  "form": "Contact",
  "street": "22 Roberts Road",
  "firstcontact": "2014-07-13T09:49:41.000-05:00",
  "workphone": "(440) 378-1562",
  "mobilephone": "(785) 834-1224",
  "company": "Openlane",
  "state": "MI",
  "card": "<img src=\"$document-attachment/Card%7C%7Cinline-0.84.gif\" width=\"80\" height=\"80\" /><br />\r\n<font size=\"2\" face=\"sans-serif\"><b>Name</b></font><font size=\"2\" face=\"sans-serif\">: Steve Fields</font><br />\r\n<font size=\"2\" face=\"sans-serif\"><b>EMail</b></font><font size=\"2\" face=\"sans-serif\">: sfields@darwino.com</font><br />\r\n<font size=\"2\" face=\"sans-serif\"><b>Company</b></font><font size=\"2\" face=\"sans-serif\">: Openlane</font>",
  "email": "sfields@darwino.com"
}