{
  "form": "CompanyDocument",
  "_parentid": "EE9EF830973C33E58525816D0054AB70",
  "document": "Sed ut nibh massa, a auctor eros. Suspendisse viverra ante ac purus consequat vel sagittis odio luctus. Nulla facilisi. Curabitur cursus, erat adipiscing aliquet ornare, leo velit tincidunt leo, in laoreet est tellus eget elit. Fusce libero dui, faucibus vel sollicitudin vel, dignissim et turpis. Vestibulum in turpis quam. Quisque nulla augue, bibendum in auctor id, tristique ac leo. Suspendisse magna ligula, venenatis eu tincidunt sit amet, sollicitudin eu dui. Maecenas sit amet nisl fringilla nisi tempor varius laoreet non ante. Maecenas pulvinar, nibh non volutpat lacinia, lorem ante suscipit massa, eu tristique est lorem rutrum enim. Nullam magna dui, rhoncus eget molestie ut, accumsan sagittis magna. Donec tempus fringilla elementum. Mauris ultricies interdum justo, vel imperdiet nisl varius ac. Curabitur non mauris quis augue dignissim consequat. Aliquam justo neque, posuere ac placerat ac, sagittis non mauris. Sed molestie, massa non venenatis condimentum, felis mauris placerat orci, non commodo eros nisi non neque. Nullam neque orci, congue sed mollis et, aliquam at massa. Proin mollis vulputate massa porta congue.\n\nPellentesque bibendum placerat scelerisque. Curabitur dignissim ipsum a nisi scelerisque lobortis. Sed tempor, sapien tincidunt pharetra lacinia, ipsum purus tempor lorem, in porttitor ante lectus eget ligula. Nulla fermentum, lectus at varius interdum, est velit laoreet purus, at porta ligula dolor quis sapien. Ut sit amet massa vel orci faucibus hendrerit in ac metus. Mauris porta ante sed diam luctus eget tempus lorem aliquam. Phasellus condimentum scelerisque metus, tincidunt vulputate tellus porta non. Vivamus sed odio a ipsum ornare ultricies. Praesent neque lorem, faucibus eget placerat eget, sagittis eget tortor. Donec ut tincidunt nisi. Aenean et lacus velit. Aenean ac nulla felis. Lorem ipsum dolor sit amet, consectetur adipiscing elit. Nunc ut risus id ipsum vulputate accumsan non eget diam. Integer et magna a diam viverra posuere. Nam nibh enim, dapibus vitae convallis sit amet, pulvinar commodo nisl. Ut ultricies lacinia nisl, at suscipit neque sollicitudin quis. Etiam feugiat augue sit amet tortor lacinia vulputate. Duis scelerisque nunc at quam accumsan a mattis elit aliquam.",
  "title": "Document 3-1-3-1-1",
  "__meta": {
    "updateId": -1810236400,
    "cdate": 1501428289130,
    "cuser": "cn=Al Mass,o=DARWINO",
    "mdate": 1501428317200,
    "replicaId": "85257FB8005090FB",
    "changes": "F@4B",
    "muser": "cn=Al Mass,o=DARWINO",
    "seqId": 1
  }
}