{
  "form": "CompanyDocument",
  "_parentid": "199710EDC316AC1E8525816D0054AB61",
  "document": "Cras convallis molestie elit, euismod pharetra nulla aliquet non. Vestibulum rutrum ornare nulla, ac tempor magna euismod at. Pellentesque vel felis ac lorem pharetra laoreet. Nulla lacus lectus, lobortis sit amet dictum ut, sollicitudin sit amet enim. In hac habitasse platea dictumst. Aenean dignissim, tellus at mattis hendrerit, tortor risus commodo dui, ac dapibus libero ipsum eget mi. Mauris semper cursus lectus ut egestas. Donec nec sapien eget quam consectetur commodo eget at est. Aliquam sit amet nulla metus. In hac habitasse platea dictumst. Proin risus purus, fermentum vel dictum vitae, suscipit ac quam.\n\nNullam a mi et arcu tristique blandit. Nullam sed velit quis massa pharetra condimentum a sed diam. Mauris in nibh quis arcu vehicula dictum. Mauris nec libero sapien, non mattis augue. Nulla justo odio, laoreet vitae iaculis eu, ullamcorper sit amet dui. Maecenas pretium cursus quam cursus aliquet. Sed lobortis sem ut nibh pharetra suscipit. Nulla turpis tellus, faucibus eget mollis at, molestie eget massa. Sed vitae arcu nibh. Sed eu massa quam. Maecenas viverra faucibus leo, at blandit mi commodo accumsan. Duis bibendum, sem id consectetur mattis, dolor massa vestibulum elit, sit amet convallis sem eros non dolor. Donec facilisis adipiscing magna vel sagittis. Suspendisse potenti. Phasellus porta ullamcorper diam, a ultrices lorem hendrerit vel.",
  "title": "Document 3-1-1-4-3",
  "__meta": {
    "updateId": -1810236790,
    "cdate": 1501428289000,
    "cuser": "cn=Al Mass,o=DARWINO",
    "mdate": 1501428316810,
    "replicaId": "85257FB8005090FB",
    "changes": "gJsh",
    "muser": "cn=Al Mass,o=DARWINO",
    "seqId": 1
  }
}