{
  "form": "CompanyDocument",
  "_parentid": "5708E55275F8D1D98525816D0054B4AB",
  "document": "Maecenas consectetur iaculis faucibus. Etiam ipsum nisl, aliquet et vestibulum in, aliquet et quam. Cras fringilla tortor vel lectus convallis ornare. Etiam nisi ante, elementum in hendrerit ac, tristique eget purus. Suspendisse aliquam, nibh non venenatis pulvinar, odio lectus dapibus ipsum, a porta velit ante ac tortor. Sed cursus dapibus lacus ac posuere. Sed nisl enim, mattis ac tincidunt sodales, faucibus egestas dui. Donec placerat venenatis nisi nec semper. Fusce vel leo mauris, in rutrum enim. Cras eget adipiscing dui. Ut malesuada lacinia dictum. Sed porttitor massa eu metus ullamcorper vitae imperdiet sapien volutpat. Aliquam ut elit odio, a hendrerit nunc. Mauris aliquet volutpat mattis. Sed ante quam, venenatis vitae placerat ut, sodales ac eros. Suspendisse leo nulla, feugiat tincidunt faucibus a, porttitor in nulla. Donec erat sem, egestas feugiat consectetur vel, fermentum eget justo.\n\nNam vel nulla nec neque luctus facilisis. Ut adipiscing lacus id mi dignissim et gravida dui tempor. Proin faucibus faucibus diam sed sodales. Vivamus congue, dui in sagittis dignissim, ante risus ultricies erat, vitae gravida eros nulla vel urna. Maecenas pretium tincidunt mauris. Sed aliquet eros sit amet turpis ultricies vestibulum. Phasellus tristique blandit mi, sed dignissim libero scelerisque at. Praesent ultricies convallis orci, ac fermentum mi bibendum at. Vestibulum suscipit vehicula tempor. Morbi velit metus, dapibus et aliquam ac, tempor a risus. Etiam eu turpis ante. Proin et erat augue. Integer justo velit, pellentesque id condimentum ac, pulvinar in ligula. Donec lobortis erat vitae libero facilisis non rutrum elit placerat. Phasellus accumsan arcu sit amet eros dictum scelerisque. Suspendisse potenti. Proin placerat laoreet accumsan. Aliquam eu velit libero. Vivamus nec enim sed odio viverra dictum ut et urna.\n\nNam dapibus massa nec tortor venenatis ut vulputate massa condimentum. Nulla quam augue, convallis et bibendum nec, iaculis eu augue. Praesent volutpat turpis vel sapien aliquet eget fringilla eros dignissim. Suspendisse elit risus, pellentesque suscipit mattis eget, pulvinar ut velit. Aliquam pulvinar, felis a volutpat dapibus, ipsum metus gravida nisl, non laoreet mi nibh sit amet lorem. Aenean sed eros elit, a fermentum justo. Etiam lobortis vulputate lectus at convallis. Integer commodo sollicitudin odio nec eleifend. Integer vestibulum bibendum tincidunt. Morbi et odio odio. Sed sed eros mi. Morbi malesuada tristique ipsum sit amet porta. Vivamus aliquet eleifend dapibus. Vivamus diam tortor, facilisis eu elementum sit amet, ultrices sed arcu. Phasellus vitae mi magna, non ultricies justo. Pellentesque interdum mi a turpis consectetur rhoncus.",
  "title": "Document 5-4-2-1-2",
  "__meta": {
    "updateId": -1810165580,
    "cdate": 1501428312770,
    "cuser": "cn=Al Mass,o=DARWINO",
    "mdate": 1501428388020,
    "replicaId": "85257FB8005090FB",
    "changes": "unrk",
    "muser": "cn=Al Mass,o=DARWINO",
    "seqId": 1
  }
}