{
  "form": "CompanyDocument",
  "_parentid": "40F8BF158F129B788525816D0054AF1E",
  "document": "Aenean eget dolor in felis dictum tincidunt. Vivamus vitae augue sed urna sagittis venenatis vel vel nisl. Aenean sed elementum erat. Quisque egestas tempus tellus, sed pulvinar lectus auctor sed. Donec id orci id elit placerat sollicitudin. In hac habitasse platea dictumst. Nam hendrerit viverra metus a lacinia. Morbi eleifend nunc at eros lobortis fermentum. Nam congue, libero a egestas cursus, elit turpis suscipit quam, id laoreet eros arcu et mauris. Praesent diam nibh, faucibus ut pretium a, rutrum in erat.",
  "title": "Document 2-2-1-1-2",
  "__meta": {
    "updateId": -1810208150,
    "cdate": 1501428298560,
    "cuser": "cn=Al Mass,o=DARWINO",
    "mdate": 1501428345450,
    "replicaId": "85257FB8005090FB",
    "changes": "pRnc",
    "muser": "cn=Al Mass,o=DARWINO",
    "seqId": 1
  }
}