{
  "form": "CompanyDocument",
  "_parentid": "32F8757E9DE9B9BA8525816D0054AC75",
  "document": "Ut et tristique diam. Cum sociis natoque penatibus et magnis dis parturient montes, nascetur ridiculus mus. Curabitur auctor lobortis urna, viverra dictum magna convallis eget. In non erat nibh. Morbi velit leo, auctor nec interdum vel, varius porttitor metus. Morbi interdum blandit est eget ornare. Morbi pharetra blandit dignissim. Suspendisse fermentum consequat elementum. In sollicitudin dolor in massa interdum a dapibus lacus condimentum. Sed in risus justo. Sed non purus a neque malesuada placerat at pulvinar est. Donec tellus ligula, iaculis vitae scelerisque et, dictum et libero. Vestibulum sollicitudin, nulla id placerat porttitor, lorem est elementum leo, quis iaculis dolor dui adipiscing velit. Phasellus sit amet tortor orci, fringilla bibendum quam. Ut porta faucibus egestas. Duis rhoncus iaculis adipiscing. Aenean sed adipiscing neque. Sed congue, neque eget ornare pharetra, dolor mi accumsan neque, sed porta nisi ligula non dolor. Mauris luctus varius pharetra.\n\nPellentesque bibendum placerat scelerisque. Curabitur dignissim ipsum a nisi scelerisque lobortis. Sed tempor, sapien tincidunt pharetra lacinia, ipsum purus tempor lorem, in porttitor ante lectus eget ligula. Nulla fermentum, lectus at varius interdum, est velit laoreet purus, at porta ligula dolor quis sapien. Ut sit amet massa vel orci faucibus hendrerit in ac metus. Mauris porta ante sed diam luctus eget tempus lorem aliquam. Phasellus condimentum scelerisque metus, tincidunt vulputate tellus porta non. Vivamus sed odio a ipsum ornare ultricies. Praesent neque lorem, faucibus eget placerat eget, sagittis eget tortor. Donec ut tincidunt nisi. Aenean et lacus velit. Aenean ac nulla felis. Lorem ipsum dolor sit amet, consectetur adipiscing elit. Nunc ut risus id ipsum vulputate accumsan non eget diam. Integer et magna a diam viverra posuere. Nam nibh enim, dapibus vitae convallis sit amet, pulvinar commodo nisl. Ut ultricies lacinia nisl, at suscipit neque sollicitudin quis. Etiam feugiat augue sit amet tortor lacinia vulputate. Duis scelerisque nunc at quam accumsan a mattis elit aliquam.\n\nPhasellus vel ipsum vel leo adipiscing consectetur. Nam a eros in metus venenatis eleifend. Pellentesque lectus eros, dignissim ut faucibus et, imperdiet et erat. Sed et augue et nisl rutrum luctus ac eget ligula. Vestibulum vel magna nunc, non vehicula tellus. Cras in tortor lorem, ac adipiscing sapien. Vestibulum ac urna erat. Cras molestie ultricies enim, a mattis ipsum varius id. Class aptent taciti sociosqu ad litora torquent per conubia nostra, per inceptos himenaeos. Suspendisse quis tortor nisi.\n\nCras convallis molestie elit, euismod pharetra nulla aliquet non. Vestibulum rutrum ornare nulla, ac tempor magna euismod at. Pellentesque vel felis ac lorem pharetra laoreet. Nulla lacus lectus, lobortis sit amet dictum ut, sollicitudin sit amet enim. In hac habitasse platea dictumst. Aenean dignissim, tellus at mattis hendrerit, tortor risus commodo dui, ac dapibus libero ipsum eget mi. Mauris semper cursus lectus ut egestas. Donec nec sapien eget quam consectetur commodo eget at est. Aliquam sit amet nulla metus. In hac habitasse platea dictumst. Proin risus purus, fermentum vel dictum vitae, suscipit ac quam.",
  "title": "Document 4-1-1-2",
  "__meta": {
    "updateId": -1810228520,
    "cdate": 1501428291760,
    "cuser": "cn=Al Mass,o=DARWINO",
    "mdate": 1501428325080,
    "replicaId": "85257FB8005090FB",
    "changes": "TTsw",
    "muser": "cn=Al Mass,o=DARWINO",
    "seqId": 1
  }
}