{
  "form": "CompanyDocument",
  "_parentid": "E49CBF705FE058A08525816D0054B2F1",
  "document": "Nunc ac tortor id libero euismod vehicula vitae ac orci. Vivamus hendrerit lobortis ligula vel molestie. Vestibulum semper orci sed orci tincidunt sit amet tincidunt erat vulputate. Nulla eu odio sed nisi interdum molestie. Vestibulum hendrerit eros scelerisque orci mattis consequat. Sed tristique velit nec quam adipiscing eu ultrices lorem facilisis. Cum sociis natoque penatibus et magnis dis parturient montes, nascetur ridiculus mus. Donec mollis hendrerit massa non euismod. Pellentesque habitant morbi tristique senectus et netus et malesuada fames ac turpis egestas. Nunc a erat metus. Sed placerat, justo sed pretium mattis, arcu dolor dapibus ligula, eu convallis massa diam eu quam. Nulla tempor ultrices arcu, vel bibendum libero lobortis quis.\n\nMauris dapibus eros sed tortor aliquet ut cursus massa dictum. Fusce quis ligula ut est scelerisque imperdiet eu ut eros. Aliquam erat volutpat. Pellentesque habitant morbi tristique senectus et netus et malesuada fames ac turpis egestas. Morbi pulvinar metus sit amet sem eleifend rhoncus. Ut feugiat, libero sit amet sagittis vestibulum, quam dolor ornare nunc, vel volutpat leo sapien at nisl. Mauris nec rhoncus diam. Donec tempor convallis eros, nec varius risus tincidunt quis. Mauris vel ante lectus. Etiam ac urna arcu. Curabitur vel quam lectus, sed scelerisque justo.",
  "title": "Document 3-4-1",
  "__meta": {
    "updateId": -1810178860,
    "cdate": 1501428308340,
    "cuser": "cn=Al Mass,o=DARWINO",
    "mdate": 1501428374740,
    "replicaId": "85257FB8005090FB",
    "changes": "8vNa",
    "muser": "cn=Al Mass,o=DARWINO",
    "seqId": 1
  }
}