{
  "firstname": "Edward",
  "comments": "<font size=\"2\" face=\"sans-serif\">A lawyer has met with a fierce cat</font><br />\r\n<font size=\"2\" face=\"sans-serif\">The municipal phone warned the cowardly pear</font><br />\r\n<font size=\"2\" face=\"sans-serif\">The pen allegedly spoke to the friendly steak</font><br />\r\n<font size=\"2\" face=\"sans-serif\">The golden slipper signed a partnership with a foreign truck</font>",
  "homephone": "(971) 895-1312",
  "city": "Branford",
  "sex": "M",
  "picture": "http://www.gravatar.com/avatar/22f06e4705ffdcf0aff91e94d305f9c0?d=retro",
  "lastname": "Brady",
  "__meta": {
    "updateId": -1810122690,
    "cdate": 1501428329770,
    "cuser": "cn=Al Mass,o=DARWINO",
    "mdate": 1501428430910,
    "replicaId": "85257FB8005090FB",
    "changes": "1fuL",
    "muser": "cn=Al Mass,o=DARWINO",
    "seqId": 2
  },
  "zipcode": "06405",
  "form": "Contact",
  "street": "132 Delaware Avenue",
  "firstcontact": "2014-05-13T23:52:02.000-05:00",
  "workphone": "(879) 311-1604",
  "mobilephone": "(794) 294-1316",
  "company": "Zencorporation",
  "state": "CT",
  "card": "<img src=\"$document-attachment/Card%7C%7Cinline-0.84.gif\" width=\"80\" height=\"80\" /><br />\r\n<font size=\"2\" face=\"sans-serif\"><b>Name</b></font><font size=\"2\" face=\"sans-serif\">: Edward Brady</font><br />\r\n<font size=\"2\" face=\"sans-serif\"><b>EMail</b></font><font size=\"2\" face=\"sans-serif\">: ebrady@darwino.com</font><br />\r\n<font size=\"2\" face=\"sans-serif\"><b>Company</b></font><font size=\"2\" face=\"sans-serif\">: Zencorporation</font>",
  "email": "ebrady@darwino.com"
}