{
  "form": "CompanyDocument",
  "_parentid": "0BAD6089B66578F18525816D0054B7A2",
  "document": "Nullam tempus ante quis eros egestas ut rutrum sem consequat. In laoreet pellentesque tempus. Integer mauris elit, sagittis sit amet hendrerit vel, placerat sit amet turpis. Fusce tempor mattis sem, ac molestie nulla iaculis id. Phasellus vel neque sem. Maecenas vehicula scelerisque risus condimentum viverra. Praesent et magna dolor, at varius nisi. Sed facilisis rhoncus nunc ut semper. In hac habitasse platea dictumst. Pellentesque lobortis lorem et velit consequat a mollis tellus convallis. Pellentesque tempus ipsum et ante vehicula egestas. Nam turpis augue, volutpat sagittis tincidunt non, fermentum nec quam. Nam blandit ligula quis justo vestibulum porta. Donec vel commodo augue.\n\nCurabitur laoreet rhoncus sem eu egestas. Pellentesque turpis felis, sagittis a auctor vel, adipiscing vel libero. Lorem ipsum dolor sit amet, consectetur adipiscing elit. In quis pretium felis. Proin nec risus ut magna laoreet gravida. Aenean a pellentesque turpis. Class aptent taciti sociosqu ad litora torquent per conubia nostra, per inceptos himenaeos. Cras a suscipit lorem. Duis molestie justo sed ante euismod sit amet aliquet eros adipiscing. Curabitur dignissim ultricies leo et ultricies. Etiam cursus tristique diam, vel egestas purus tempus id. Pellentesque vel consequat arcu. Mauris velit arcu, bibendum sed sodales ut, euismod ac libero. Nulla congue nunc a purus ultricies imperdiet. In orci arcu, molestie a blandit convallis, hendrerit id lorem. Donec sapien tortor, tempor non elementum quis, fringilla quis est. Etiam dapibus dolor vel justo faucibus vel egestas nunc placerat. Nulla tortor sapien, volutpat id auctor at, venenatis ac metus. Phasellus malesuada dui eros. Morbi porttitor erat ac lorem volutpat ut facilisis tortor feugiat.\n\nEtiam gravida massa vitae felis viverra ullamcorper. Mauris a odio aliquam diam facilisis vestibulum. Maecenas placerat hendrerit tortor, a consectetur enim commodo a. Fusce diam quam, bibendum non suscipit ac, pharetra nec libero. Sed aliquet augue sed turpis tincidunt in convallis odio malesuada. Pellentesque lorem erat, commodo quis laoreet at, euismod ut massa. Etiam accumsan quam ut arcu suscipit rutrum. Aenean laoreet tellus sit amet mi elementum a pulvinar leo elementum. Ut tellus nibh, luctus sed viverra vitae, feugiat eu libero. Aliquam tempus faucibus pharetra. Fusce id orci vel urna luctus elementum quis vel nunc. Quisque adipiscing dui sed felis consectetur consectetur. Nunc non interdum purus. Donec convallis dictum tempus. Cras in nulla at dui pharetra accumsan ac eget nisi. Morbi vel lorem ut mauris congue scelerisque. Morbi scelerisque risus sit amet tortor pharetra porta. Fusce ornare lectus ac quam scelerisque et scelerisque nibh condimentum. Quisque enim nulla, aliquam feugiat feugiat et, rutrum sed ante. Class aptent taciti sociosqu ad litora torquent per conubia nostra, per inceptos himenaeos.\n\nDuis diam dui, tincidunt id egestas sed, eleifend eu elit. Etiam rutrum eleifend magna, et euismod elit commodo at. Sed et metus ut velit aliquam tincidunt ut sed sem. Nulla facilisi. Curabitur nulla elit, aliquam eu congue nec, interdum id risus. Nulla sollicitudin leo ut arcu pellentesque pretium. In lacinia porttitor sapien. Suspendisse potenti. Aliquam erat volutpat. Proin auctor nisi in purus molestie faucibus. Morbi commodo varius massa, sed adipiscing leo tincidunt pharetra. Aliquam imperdiet tincidunt metus et adipiscing. Curabitur sed mi in ipsum lobortis ornare. Phasellus arcu nisi, suscipit vitae posuere ac, ullamcorper ac velit. Vivamus sit amet diam sapien. Nunc vel erat sit amet augue scelerisque aliquam. Pellentesque habitant morbi tristique senectus et netus et malesuada fames ac turpis egestas. Mauris ornare tristique velit quis dictum. Fusce nec nisi ligula.",
  "title": "Document 3-2-1-1-1",
  "__meta": {
    "updateId": -1810142890,
    "cdate": 1501428320350,
    "cuser": "cn=Al Mass,o=DARWINO",
    "mdate": 1501428410710,
    "replicaId": "85257FB8005090FB",
    "changes": "iUa9",
    "muser": "cn=Al Mass,o=DARWINO",
    "seqId": 1
  }
}