{
  "form": "CompanyDocument",
  "_parentid": "0042261F2B2340618525816D0054B55A",
  "document": "Donec ut turpis in libero laoreet vestibulum vitae id tortor. Curabitur justo purus, egestas id mollis id, lacinia quis lorem. Vivamus nisl sapien, laoreet sed ornare quis, imperdiet volutpat enim. Nullam aliquet aliquam odio sit amet convallis. Nullam auctor leo vitae sapien sagittis sed eleifend velit fermentum. In felis eros, feugiat ac tincidunt id, consectetur quis enim. Quisque laoreet lacinia hendrerit. Phasellus fermentum volutpat erat, vitae porta turpis molestie laoreet. Suspendisse eu elit dolor, nec tempor sem. Donec tincidunt, orci sed ultricies sodales, enim velit elementum felis, eu auctor est lectus eget odio. Sed semper eros sit amet tellus pretium tincidunt.\n\nNullam a mi et arcu tristique blandit. Nullam sed velit quis massa pharetra condimentum a sed diam. Mauris in nibh quis arcu vehicula dictum. Mauris nec libero sapien, non mattis augue. Nulla justo odio, laoreet vitae iaculis eu, ullamcorper sit amet dui. Maecenas pretium cursus quam cursus aliquet. Sed lobortis sem ut nibh pharetra suscipit. Nulla turpis tellus, faucibus eget mollis at, molestie eget massa. Sed vitae arcu nibh. Sed eu massa quam. Maecenas viverra faucibus leo, at blandit mi commodo accumsan. Duis bibendum, sem id consectetur mattis, dolor massa vestibulum elit, sit amet convallis sem eros non dolor. Donec facilisis adipiscing magna vel sagittis. Suspendisse potenti. Phasellus porta ullamcorper diam, a ultrices lorem hendrerit vel.",
  "title": "Document 2-3-4-1-3",
  "__meta": {
    "updateId": -1810160320,
    "cdate": 1501428314530,
    "cuser": "cn=Al Mass,o=DARWINO",
    "mdate": 1501428393280,
    "replicaId": "85257FB8005090FB",
    "changes": "Ipku",
    "muser": "cn=Al Mass,o=DARWINO",
    "seqId": 1
  }
}