{
  "form": "CompanyDocument",
  "_parentid": "5930CF7C668A11AC8525816D0054B073",
  "document": "Mauris dapibus eros sed tortor aliquet ut cursus massa dictum. Fusce quis ligula ut est scelerisque imperdiet eu ut eros. Aliquam erat volutpat. Pellentesque habitant morbi tristique senectus et netus et malesuada fames ac turpis egestas. Morbi pulvinar metus sit amet sem eleifend rhoncus. Ut feugiat, libero sit amet sagittis vestibulum, quam dolor ornare nunc, vel volutpat leo sapien at nisl. Mauris nec rhoncus diam. Donec tempor convallis eros, nec varius risus tincidunt quis. Mauris vel ante lectus. Etiam ac urna arcu. Curabitur vel quam lectus, sed scelerisque justo.\n\nDonec faucibus nibh id lectus mollis tempor. Vestibulum enim sapien, lacinia vel tempus vitae, tempus vitae justo. In non lorem est. Morbi tempus magna vitae ipsum cursus mollis. Sed imperdiet consequat vestibulum. Quisque luctus augue a erat porta suscipit. Mauris pretium nibh ut elit fermentum tempus. Phasellus eu rhoncus tortor. Suspendisse dui lorem, faucibus ac ultricies at, iaculis id justo. Cras aliquam fermentum quam a vestibulum. Duis vitae mi tellus, convallis imperdiet ligula. Vestibulum vel mauris malesuada sapien venenatis bibendum in id ligula.",
  "title": "Document 3-1-1",
  "__meta": {
    "updateId": -1810197960,
    "cdate": 1501428301960,
    "cuser": "cn=Al Mass,o=DARWINO",
    "mdate": 1501428355640,
    "replicaId": "85257FB8005090FB",
    "changes": "8rXb",
    "muser": "cn=Al Mass,o=DARWINO",
    "seqId": 1
  }
}