{
  "firstname": "Seth",
  "comments": "<font size=\"2\" face=\"sans-serif\">The fierce car sold a sweet griffon, reported a short building</font><br />\r\n<font size=\"2\" face=\"sans-serif\">A bottle signed a truce with a sweet pen, claimed the tall engineer</font><br />\r\n<font size=\"2\" face=\"sans-serif\">Yesterday the stable fork allegedly spoke to the table</font><br />\r\n<font size=\"2\" face=\"sans-serif\">A bowl spoke to the physicist, reported a desk</font>",
  "homephone": "(281) 317-1795",
  "city": "Rapid City",
  "sex": "M",
  "picture": "http://www.gravatar.com/avatar/e7109bdf434ad382ba80f213d4334812?d=retro",
  "lastname": "Vincent",
  "__meta": {
    "updateId": -1810126370,
    "cdate": 1501428327930,
    "cuser": "cn=Al Mass,o=DARWINO",
    "mdate": 1501428427230,
    "replicaId": "85257FB8005090FB",
    "changes": "B2e1",
    "muser": "cn=Al Mass,o=DARWINO",
    "seqId": 2
  },
  "zipcode": "57701",
  "form": "Contact",
  "street": "44 Water Street",
  "firstcontact": "2012-06-06T16:35:26.000-05:00",
  "workphone": "(518) 613-1695",
  "mobilephone": "(354) 425-1532",
  "company": "Bioholding",
  "state": "SD",
  "card": "<img src=\"$document-attachment/Card%7C%7Cinline-0.84.gif\" width=\"80\" height=\"80\" /><br />\r\n<font size=\"2\" face=\"sans-serif\"><b>Name</b></font><font size=\"2\" face=\"sans-serif\">: Seth Vincent</font><br />\r\n<font size=\"2\" face=\"sans-serif\"><b>EMail</b></font><font size=\"2\" face=\"sans-serif\">: svincent@darwino.com</font><br />\r\n<font size=\"2\" face=\"sans-serif\"><b>Company</b></font><font size=\"2\" face=\"sans-serif\">: Bioholding</font>",
  "email": "svincent@darwino.com"
}