{
  "form": "CompanyDocument",
  "_parentid": "BB15B53D5D5C47678525816D0054B6F1",
  "document": "Suspendisse ultrices aliquet orci, at dapibus nibh blandit ac. Sed euismod dictum molestie. Etiam leo massa, vestibulum nec fermentum vitae, iaculis ac est. Vivamus nisl urna, porta vel viverra eu, dictum at justo. Nullam eu augue pretium leo eleifend porta. Vestibulum et sem quis magna posuere blandit a at odio. Proin blandit feugiat lorem vel interdum. Nam varius fringilla ipsum condimentum interdum. Donec enim nulla, sodales eu convallis sed, sagittis quis tortor. In dolor nulla, vestibulum at faucibus ornare, imperdiet non odio. Donec vestibulum elementum felis, eget gravida turpis tristique at. Nulla porta nulla sed diam faucibus porta. Vestibulum adipiscing nunc vel dolor vestibulum non mattis metus eleifend. Vivamus ultrices accumsan lorem, et fermentum libero vestibulum at. Ut orci elit, eleifend aliquam egestas vel, vestibulum in dui. Morbi in nisl in urna tincidunt euismod. Vestibulum molestie arcu ut nunc tincidunt non facilisis arcu consectetur.",
  "title": "Document 3-4-2-1-1",
  "__meta": {
    "updateId": -1810148190,
    "cdate": 1501428318580,
    "cuser": "cn=Al Mass,o=DARWINO",
    "mdate": 1501428405410,
    "replicaId": "85257FB8005090FB",
    "changes": "54nj",
    "muser": "cn=Al Mass,o=DARWINO",
    "seqId": 1
  }
}