{
  "form": "CompanyDocument",
  "_parentid": "D13C6DC5299BCE598525816D0054B73E",
  "document": "Nullam venenatis arcu in nunc mattis interdum. Vivamus ut facilisis velit. Sed vitae rutrum elit. Praesent vel urna vel nisl faucibus euismod nec ac nulla. Mauris mattis, tortor vel placerat facilisis, erat dolor luctus turpis, nec facilisis sapien enim at sapien. Suspendisse potenti. Pellentesque vestibulum nunc a tortor interdum quis congue nisl tincidunt. Maecenas vel nibh nec ligula vulputate scelerisque a eu arcu. In et bibendum nisi. Nulla laoreet imperdiet magna, ut ornare orci dapibus sed. Sed et urna lacus. Praesent id nulla commodo diam rhoncus consequat. Pellentesque rutrum lacinia libero, ut cursus nisl faucibus non. Pellentesque nibh risus, ultricies sit amet hendrerit et, viverra sed nulla.",
  "title": "Document 1-2-3-1-1",
  "__meta": {
    "updateId": -1810145890,
    "cdate": 1501428319350,
    "cuser": "cn=Al Mass,o=DARWINO",
    "mdate": 1501428407710,
    "replicaId": "85257FB8005090FB",
    "changes": "VNS6",
    "muser": "cn=Al Mass,o=DARWINO",
    "seqId": 1
  }
}