{
  "form": "CompanyDocument",
  "_parentid": "7975FAB8D8C6B5558525816D0054B10C",
  "document": "Cras ut neque in justo rutrum eleifend. In hac habitasse platea dictumst. Nulla malesuada enim eget turpis condimentum lacinia. Suspendisse semper, lorem adipiscing posuere gravida, libero ipsum pharetra orci, id euismod urna metus eget risus. Nam nec mattis purus. Aenean sit amet augue id nibh facilisis posuere. Etiam hendrerit blandit metus, nec accumsan ligula interdum ut. Nullam sagittis venenatis urna, sed gravida ante mollis nec. Donec quis dapibus dolor. Duis id consectetur mi. Phasellus dapibus vehicula semper. Sed condimentum tempor tincidunt. Mauris quis odio non mi porttitor molestie ac ut nisi. Curabitur sed magna sit amet sem faucibus posuere a at sem. Phasellus interdum pharetra est, at sodales ipsum fermentum non. Nullam lacus dolor, malesuada eu tempor in, tincidunt euismod magna. Maecenas velit nunc, lobortis nec eleifend eget, dictum laoreet odio.",
  "title": "Document 4-1-1-3-1",
  "__meta": {
    "updateId": -1810193380,
    "cdate": 1501428303490,
    "cuser": "cn=Al Mass,o=DARWINO",
    "mdate": 1501428360220,
    "replicaId": "85257FB8005090FB",
    "changes": "nEc9",
    "muser": "cn=Al Mass,o=DARWINO",
    "seqId": 1
  }
}