{
  "form": "CompanyDocument",
  "_parentid": "86925C4A63A05E358525816D0054B7C9",
  "document": "Sed ac ante nisl, quis semper arcu. Donec quis magna sit amet dui semper rhoncus in a purus. Praesent blandit viverra tortor, dignissim consectetur elit pellentesque non. Aenean aliquam porta quam eget eleifend. Vestibulum ante ipsum primis in faucibus orci luctus et ultrices posuere cubilia Curae; Praesent eleifend faucibus ligula quis commodo. Sed faucibus ultrices neque ac pretium. Suspendisse id enim at orci facilisis adipiscing. Suspendisse consectetur, enim et sollicitudin pharetra, felis magna mattis lectus, ut mattis quam sapien sit amet purus. Aenean varius vulputate nisl, vitae condimentum augue malesuada nec.\n\nDonec sed quam sem, a ullamcorper tortor. Sed porta convallis metus id mollis. Integer luctus rutrum tellus et imperdiet. Suspendisse nec dolor non augue luctus fermentum a ac magna. Pellentesque habitant morbi tristique senectus et netus et malesuada fames ac turpis egestas. Aenean rhoncus orci ac dolor suscipit nec auctor odio scelerisque. Etiam nunc augue, dignissim vitae placerat ac, pulvinar id arcu. Fusce in sapien a ipsum semper pellentesque. Aliquam erat volutpat. Maecenas eget ligula sit amet enim eleifend viverra id et libero. In enim massa, interdum vitae hendrerit vitae, dignissim ut lectus.",
  "title": "Document 1-1-3-1-1",
  "__meta": {
    "updateId": -1810141730,
    "cdate": 1501428320740,
    "cuser": "cn=Al Mass,o=DARWINO",
    "mdate": 1501428411870,
    "replicaId": "85257FB8005090FB",
    "changes": "NE5T",
    "muser": "cn=Al Mass,o=DARWINO",
    "seqId": 1
  }
}