{
  "form": "CompanyDocument",
  "_parentid": "1DF2F2EC745E63AF8525816D0054ABD6",
  "document": "Donec lacus dui, sagittis ac varius sed, lobortis sed neque. Nullam mollis justo sed magna eleifend iaculis. Nulla in nunc sed turpis vestibulum porttitor. Aliquam a diam libero, sit amet pretium odio. Pellentesque habitant morbi tristique senectus et netus et malesuada fames ac turpis egestas. Cum sociis natoque penatibus et magnis dis parturient montes, nascetur ridiculus mus. Quisque sed arcu urna. Proin nibh massa, pulvinar ac elementum eu, luctus eget justo. Morbi lobortis purus quis metus consectetur tincidunt. Suspendisse ac sapien vitae nunc convallis semper. Maecenas tincidunt varius lacus non luctus. Donec congue, arcu viverra tristique luctus, tellus augue lacinia felis, sed varius velit tellus sed tellus. Class aptent taciti sociosqu ad litora torquent per conubia nostra, per inceptos himenaeos. Cras pulvinar velit ipsum. Nulla rhoncus ullamcorper nisi, in malesuada massa vehicula sit amet. Maecenas blandit nisi a urna fermentum vestibulum. Sed vel vulputate orci. Vestibulum rhoncus, odio a mattis feugiat, velit est sagittis est, non vehicula diam felis a lacus.\n\nSed et nibh elit, in vestibulum mi. Etiam viverra, ipsum nec rhoncus convallis, massa nisl fermentum felis, id bibendum neque augue in arcu. Vivamus vel enim sem. Ut pharetra felis sed eros venenatis eu facilisis nisi mattis. Cras sed arcu risus, quis dictum libero. Quisque imperdiet luctus est nec vestibulum. Vestibulum interdum, tortor et sodales pretium, augue nunc vehicula nibh, ac dictum sem neque quis sem. Duis arcu metus, pellentesque et molestie vel, viverra in orci. Nulla libero ante, pulvinar a pretium id, pharetra a enim. Nullam id libero gravida nibh gravida faucibus eget et nulla. Phasellus quis dolor risus.\n\nSed et nibh elit, in vestibulum mi. Etiam viverra, ipsum nec rhoncus convallis, massa nisl fermentum felis, id bibendum neque augue in arcu. Vivamus vel enim sem. Ut pharetra felis sed eros venenatis eu facilisis nisi mattis. Cras sed arcu risus, quis dictum libero. Quisque imperdiet luctus est nec vestibulum. Vestibulum interdum, tortor et sodales pretium, augue nunc vehicula nibh, ac dictum sem neque quis sem. Duis arcu metus, pellentesque et molestie vel, viverra in orci. Nulla libero ante, pulvinar a pretium id, pharetra a enim. Nullam id libero gravida nibh gravida faucibus eget et nulla. Phasellus quis dolor risus.",
  "title": "Document 4-3-2-1",
  "__meta": {
    "updateId": -1810233340,
    "cdate": 1501428290150,
    "cuser": "cn=Al Mass,o=DARWINO",
    "mdate": 1501428320260,
    "replicaId": "85257FB8005090FB",
    "changes": "qitQ",
    "muser": "cn=Al Mass,o=DARWINO",
    "seqId": 1
  }
}