{
  "form": "CompanyDocument",
  "_parentid": "1DEA8AEDEDA4A1838525816D0054A957",
  "document": "Suspendisse quis nulla id libero tempus blandit. Maecenas nec erat nec turpis fringilla tristique at id magna. Nulla egestas, turpis a malesuada mollis, tellus nibh accumsan tellus, quis fringilla dui quam mattis nisl. Cras nunc ipsum, malesuada sit amet venenatis ut, lacinia eget ligula. Mauris porta scelerisque mattis. Nunc eu sapien ac massa aliquam vestibulum. Nulla facilisi. Mauris congue sollicitudin tempor. Aliquam velit mi, tincidunt in bibendum vitae, vulputate id nisl. Curabitur porttitor sodales facilisis. Nulla facilisi. Integer et nulla non massa laoreet mollis non non lorem. Nunc dictum tincidunt pulvinar.",
  "title": "Document 4-1-2-1",
  "__meta": {
    "updateId": -1810252480,
    "cdate": 1501428283760,
    "cuser": "cn=Al Mass,o=DARWINO",
    "mdate": 1501428301120,
    "replicaId": "85257FB8005090FB",
    "changes": "skhf",
    "muser": "cn=Al Mass,o=DARWINO",
    "seqId": 1
  }
}