{
  "form": "CompanyDocument",
  "_parentid": "04B885F19248590C8525816D0054B26C",
  "document": "Morbi dapibus ultricies dignissim. Lorem ipsum dolor sit amet, consectetur adipiscing elit. Suspendisse sollicitudin lobortis odio a euismod. Sed vitae ultricies metus. Vestibulum ut dignissim purus. Maecenas metus leo, auctor tincidunt vulputate ut, euismod id leo. Nam dolor diam, tempus posuere fringilla quis, malesuada sit amet velit. Vivamus tristique, metus eget luctus tempus, quam urna convallis dolor, id euismod felis massa eget turpis. Pellentesque habitant morbi tristique senectus et netus et malesuada fames ac turpis egestas. Vestibulum lacus justo, gravida ac congue eu, vulputate sit amet dolor. Class aptent taciti sociosqu ad litora torquent per conubia nostra, per inceptos himenaeos.\n\nMorbi dui ligula, tincidunt eget feugiat ut, malesuada non mi. Pellentesque nisi lectus, fermentum in dignissim vitae, sodales vitae magna. Donec ut mauris turpis, in sollicitudin urna. Suspendisse vitae lobortis eros. Fusce varius arcu sed diam rutrum consectetur. Sed vitae urna quam, ac facilisis ligula. Ut sagittis vestibulum elementum. Sed quis ligula in urna bibendum elementum sed eu tellus. Phasellus hendrerit elit eget sem rhoncus adipiscing. Phasellus venenatis, mauris sit amet volutpat condimentum, leo tellus commodo est, sit amet lobortis arcu turpis non orci. Duis cursus dapibus est, sit amet porta augue fermentum ut. Vivamus mollis volutpat elit, nec tristique purus tristique sit amet. Nullam dignissim sodales tellus mattis commodo. Aliquam gravida eleifend porttitor. Fusce eu lacus euismod ipsum consectetur volutpat a at elit. Phasellus tellus odio, condimentum sit amet aliquet ac, ultricies a ipsum. Donec sodales nibh eu nibh sagittis in commodo tortor cursus. In hac habitasse platea dictumst. Sed neque sem, fringilla sit amet gravida sed, pretium id quam. Curabitur vitae nisl felis.",
  "title": "Document 4-3-4",
  "__meta": {
    "updateId": -1810181970,
    "cdate": 1501428307300,
    "cuser": "cn=Al Mass,o=DARWINO",
    "mdate": 1501428371630,
    "replicaId": "85257FB8005090FB",
    "changes": "fWY6",
    "muser": "cn=Al Mass,o=DARWINO",
    "seqId": 1
  }
}