{
  "form": "CompanyDocument",
  "_parentid": "5B94DDCFF19B699E8525816D0054B0D7",
  "document": "Donec nisl nibh, ullamcorper id iaculis a, venenatis sed nisl. Curabitur vel laoreet nulla. Cras mattis, ipsum in molestie pharetra, tortor lacus mattis ligula, non scelerisque erat tortor sit amet lectus. Nulla facilisi. Pellentesque sit amet magna nec augue lacinia molestie. Suspendisse nec mauris vel lorem sollicitudin scelerisque. Quisque nisl risus, tincidunt ac feugiat at, ultricies ut arcu. In in massa quis enim luctus tempus. In hac habitasse platea dictumst. Aenean dignissim nisi laoreet lorem auctor eget aliquet eros imperdiet. Quisque eleifend sollicitudin urna, sed elementum sem feugiat non. Integer ullamcorper adipiscing ultricies. Cras sollicitudin commodo neque. Sed pharetra fermentum purus, id pharetra mi consequat nec. Cras fermentum adipiscing blandit. Maecenas ligula libero, pulvinar sed lobortis at, tempor eu nisl. Proin vel tortor a nibh malesuada suscipit. Curabitur consequat convallis risus eu viverra.\n\nIn suscipit blandit tristique. Etiam eros lectus, interdum imperdiet lacinia nec, rutrum eu dolor. Maecenas iaculis diam in tortor imperdiet sollicitudin viverra lacus varius. Mauris odio nulla, fermentum ac porta nec, mollis non justo. Praesent sit amet ligula a justo bibendum condimentum nec at felis. Vivamus quis tortor massa, in sagittis tellus. Sed non tortor dui. Aliquam rhoncus metus id magna bibendum at pharetra ante aliquet. Phasellus non pretium orci. Vestibulum leo arcu, rutrum sit amet condimentum et, dignissim at felis. Nunc non nisl et tortor vestibulum ultricies. Suspendisse eget quam leo, a molestie velit. In hac habitasse platea dictumst. Curabitur euismod dolor sit amet nulla molestie laoreet. Aliquam imperdiet pellentesque mi ac bibendum. Nulla quam lorem, rhoncus imperdiet faucibus sed, gravida ac risus. Ut quis nisi eget nisl commodo porta feugiat quis lectus. In lacinia libero at ipsum iaculis varius.",
  "title": "Document 3-1-2-4-1",
  "__meta": {
    "updateId": -1810194970,
    "cdate": 1501428302960,
    "cuser": "cn=Al Mass,o=DARWINO",
    "mdate": 1501428358630,
    "replicaId": "85257FB8005090FB",
    "changes": "t74Z",
    "muser": "cn=Al Mass,o=DARWINO",
    "seqId": 1
  }
}