{
  "form": "CompanyDocument",
  "_parentid": "562C43A0F5EE8A7C8525816D0054ADA8",
  "document": "Sed suscipit ipsum eu nibh vehicula placerat sed nec massa. Aenean tortor mi, tristique non fringilla nec, sodales nec mauris. Nulla ac tempor est. Curabitur non orci a purus tempus rhoncus. Sed laoreet placerat turpis et scelerisque. Mauris posuere imperdiet metus, et tempus ipsum pharetra ac. Sed faucibus mi quis ante cursus a malesuada augue pulvinar. Pellentesque bibendum lacus eu turpis lacinia faucibus. Mauris porttitor commodo congue. Sed elit massa, vestibulum sit amet feugiat a, dictum at lectus. Vestibulum sem turpis, interdum quis consectetur ullamcorper, euismod sed odio. Suspendisse congue justo in dui mollis fringilla. Suspendisse lacinia nunc a sapien elementum congue. Class aptent taciti sociosqu ad litora torquent per conubia nostra, per inceptos himenaeos. Pellentesque orci dolor, accumsan sed vehicula commodo, lacinia ac turpis. Proin luctus lorem vel sapien iaculis luctus.\n\nEtiam vitae tincidunt lacus. Nam ac felis et purus sagittis pretium ut nec metus. Suspendisse nisl dolor, tempus at ultrices a, lacinia congue metus. Nulla tempor euismod consectetur. Donec sed mi eu magna consectetur eleifend sit amet vel magna. Proin aliquet leo vel nisi malesuada non adipiscing odio semper. Morbi id velit at eros venenatis cursus. Aenean id augue non neque pharetra iaculis et non risus. Vestibulum ante ipsum primis in faucibus orci luctus et ultrices posuere cubilia Curae; Ut pulvinar sollicitudin ligula, ullamcorper egestas leo pellentesque in. Integer elementum dui et leo gravida ornare. Suspendisse laoreet, mi at posuere fringilla, nisi tellus scelerisque elit, vel imperdiet nunc ipsum in purus. Quisque convallis, mi id placerat accumsan, ligula enim cursus metus, sit amet molestie sapien enim eget nibh. Aenean sagittis sollicitudin malesuada. Suspendisse potenti. Suspendisse vel massa id justo fermentum facilisis at in nunc. Nam sed quam risus, a dictum sem. Integer porttitor risus nec nisi aliquet semper. Cras ultrices magna ac metus eleifend mattis.\n\nQuisque sed nisl nibh. Maecenas condimentum est lacinia arcu sagittis mollis. Aliquam elementum volutpat turpis in varius. Praesent porttitor lectus ac metus ornare sollicitudin. Integer tellus eros, aliquam et consectetur at, varius vel elit. Curabitur tellus mi, fringilla et malesuada quis, dictum ac lorem. Praesent ultricies convallis fermentum. Aenean nulla est, mollis eu mattis a, ullamcorper venenatis risus. Nam accumsan gravida dui, quis aliquet purus dignissim eget. Aliquam vel erat sapien. Aliquam tincidunt sem tristique quam euismod fringilla scelerisque lacus gravida. Morbi dolor diam, tristique vel eleifend id, sodales at nisi. Proin vitae justo vitae orci venenatis vulputate. Pellentesque fermentum mollis libero non ornare. Cum sociis natoque penatibus et magnis dis parturient montes, nascetur ridiculus mus. Maecenas lacinia mauris vitae magna rutrum ac accumsan arcu condimentum.",
  "title": "Document 5-1-4",
  "__meta": {
    "updateId": -1810218570,
    "cdate": 1501428295080,
    "cuser": "cn=Al Mass,o=DARWINO",
    "mdate": 1501428335030,
    "replicaId": "85257FB8005090FB",
    "changes": "Dywd",
    "muser": "cn=Al Mass,o=DARWINO",
    "seqId": 1
  }
}