{
  "form": "CompanyDocument",
  "_parentid": "84B7FE1770EDEFD58525816D0054B36A",
  "document": "Quisque sed nisl nibh. Maecenas condimentum est lacinia arcu sagittis mollis. Aliquam elementum volutpat turpis in varius. Praesent porttitor lectus ac metus ornare sollicitudin. Integer tellus eros, aliquam et consectetur at, varius vel elit. Curabitur tellus mi, fringilla et malesuada quis, dictum ac lorem. Praesent ultricies convallis fermentum. Aenean nulla est, mollis eu mattis a, ullamcorper venenatis risus. Nam accumsan gravida dui, quis aliquet purus dignissim eget. Aliquam vel erat sapien. Aliquam tincidunt sem tristique quam euismod fringilla scelerisque lacus gravida. Morbi dolor diam, tristique vel eleifend id, sodales at nisi. Proin vitae justo vitae orci venenatis vulputate. Pellentesque fermentum mollis libero non ornare. Cum sociis natoque penatibus et magnis dis parturient montes, nascetur ridiculus mus. Maecenas lacinia mauris vitae magna rutrum ac accumsan arcu condimentum.\n\nPhasellus fermentum, erat id luctus commodo, nibh diam iaculis augue, eu pharetra ante velit facilisis arcu. Fusce posuere condimentum ligula, ac suscipit ante aliquet eget. Nam quis orci at erat cursus vulputate sed sit amet erat. Suspendisse ornare, est ac mattis sodales, nulla velit sollicitudin lacus, id porta erat nulla at enim. Maecenas fringilla justo in sapien ullamcorper imperdiet. Suspendisse nulla orci, elementum eu feugiat in, adipiscing eu nisi. Suspendisse venenatis molestie tortor at vehicula. Nunc sit amet est eget odio tincidunt sagittis. Aliquam eu arcu urna, vitae iaculis justo. Praesent ac mauris quis mi pretium consectetur. Aenean vitae mauris nulla, at vehicula leo. Aliquam semper, mi id euismod ornare, dui nulla luctus odio, vel hendrerit diam sapien in tellus.\n\nDonec nisl nibh, ullamcorper id iaculis a, venenatis sed nisl. Curabitur vel laoreet nulla. Cras mattis, ipsum in molestie pharetra, tortor lacus mattis ligula, non scelerisque erat tortor sit amet lectus. Nulla facilisi. Pellentesque sit amet magna nec augue lacinia molestie. Suspendisse nec mauris vel lorem sollicitudin scelerisque. Quisque nisl risus, tincidunt ac feugiat at, ultricies ut arcu. In in massa quis enim luctus tempus. In hac habitasse platea dictumst. Aenean dignissim nisi laoreet lorem auctor eget aliquet eros imperdiet. Quisque eleifend sollicitudin urna, sed elementum sem feugiat non. Integer ullamcorper adipiscing ultricies. Cras sollicitudin commodo neque. Sed pharetra fermentum purus, id pharetra mi consequat nec. Cras fermentum adipiscing blandit. Maecenas ligula libero, pulvinar sed lobortis at, tempor eu nisl. Proin vel tortor a nibh malesuada suscipit. Curabitur consequat convallis risus eu viverra.\n\nDonec sit amet odio sed dolor tincidunt commodo. Phasellus vitae neque a diam consectetur lacinia. In eget nisi metus. Quisque vehicula, urna mollis iaculis placerat, neque sapien pulvinar risus, at suscipit justo odio consectetur mauris. Aenean facilisis purus a quam commodo ac ultricies ante lacinia. Fusce a lectus massa, non convallis orci. Vestibulum cursus accumsan congue. Sed vestibulum orci vitae neque sollicitudin fringilla. Praesent mollis posuere dolor semper pulvinar. Pellentesque sollicitudin, quam eu dapibus facilisis, velit justo vestibulum lorem, at sollicitudin augue enim quis eros. Aliquam ut ante enim. Cras sit amet lectus nec odio sodales tincidunt. Curabitur hendrerit felis vitae nisl tempus vitae lobortis orci aliquam. Integer faucibus lectus vel purus eleifend elementum. Aliquam nec ultricies ipsum. Donec eu blandit arcu. Vivamus cursus, turpis a porttitor lobortis, ligula sapien aliquam dolor, vel tincidunt justo nulla in tellus. Etiam tincidunt laoreet laoreet. Nulla velit odio, convallis tempus eleifend in, fermentum ac nisl.",
  "title": "Document 1-3",
  "__meta": {
    "updateId": -1810173710,
    "cdate": 1501428310060,
    "cuser": "cn=Al Mass,o=DARWINO",
    "mdate": 1501428379890,
    "replicaId": "85257FB8005090FB",
    "changes": "iBGL",
    "muser": "cn=Al Mass,o=DARWINO",
    "seqId": 1
  }
}