{
  "form": "CompanyDocument",
  "_parentid": "F83828FB019CD17B8525816D0054B183",
  "document": "Fusce quis neque eget purus vulputate consectetur. Curabitur sit amet felis id est lobortis pellentesque. Vivamus et purus nibh, eget rutrum libero. In ultrices suscipit diam quis accumsan. Mauris tincidunt dui in risus pharetra id dictum ipsum hendrerit. Sed a ligula purus, eget placerat orci. Fusce at consequat tellus. Vivamus convallis venenatis est vel blandit. Nam eget tortor et metus bibendum bibendum. Nullam sapien sapien, gravida ac faucibus vitae, iaculis a tortor. Suspendisse potenti. Duis bibendum posuere hendrerit. Aenean aliquam enim eget metus lacinia vitae tempus velit pretium. Sed vulputate, lectus sed bibendum auctor, quam est accumsan lorem, quis consectetur dolor enim eget lectus. Fusce ut justo sed velit suscipit tincidunt a sit amet nibh.\n\nPraesent aliquam mi leo, eu faucibus ligula. Donec ornare porttitor enim ut sollicitudin. Nullam laoreet, purus nec cursus accumsan, leo velit interdum arcu, vitae viverra mauris nisl vel ipsum. Nam pharetra gravida tempor. Cras ut tincidunt lacus. Duis porta malesuada tellus, quis semper odio feugiat vel. Nam sollicitudin fermentum libero sed bibendum. Vestibulum sed ornare mauris. Curabitur at massa velit. Sed eros purus, feugiat id imperdiet in, tincidunt vel dui. Morbi ornare nibh eu nunc bibendum rutrum. Suspendisse at nulla enim, et malesuada ipsum. Nulla id arcu pellentesque ante accumsan porttitor pretium et nulla.",
  "title": "Document 3-2-3",
  "__meta": {
    "updateId": -1810189250,
    "cdate": 1501428304870,
    "cuser": "cn=Al Mass,o=DARWINO",
    "mdate": 1501428364350,
    "replicaId": "85257FB8005090FB",
    "changes": "2_Nj",
    "muser": "cn=Al Mass,o=DARWINO",
    "seqId": 1
  }
}