{
  "form": "CompanyDocument",
  "_parentid": "A0F6655ABFEDEAE68525816D0054B7B7",
  "document": "Aenean aliquet iaculis quam sit amet semper. Sed in justo vitae ipsum blandit bibendum. Proin lobortis, enim a tempus ornare, ipsum ipsum porttitor turpis, non sodales elit justo nec eros. Pellentesque orci nibh, sodales id dictum eu, bibendum a tortor. Suspendisse potenti. Vivamus laoreet semper egestas. Aenean nisi urna, consequat et dictum sed, rhoncus sed dolor. Cras pretium fringilla lobortis. Sed leo lacus, aliquam nec adipiscing in, tempus bibendum purus. Sed hendrerit nibh ac erat ultrices varius. Pellentesque id scelerisque orci. Nulla tristique placerat tristique. Curabitur ullamcorper, libero in posuere porttitor, odio urna feugiat magna, quis pulvinar orci neque id urna. Ut volutpat sem in lectus fermentum sed iaculis elit tincidunt. Integer quam lorem, eleifend at convallis accumsan, commodo posuere dolor. Integer consectetur purus ut nisi sagittis consequat. Pellentesque facilisis pretium neque nec feugiat.\n\nNam varius feugiat aliquam. Integer placerat ipsum eu metus imperdiet fringilla. Sed nibh lorem, dictum vel vestibulum viverra, consequat non nibh. Donec in sem quam, quis sollicitudin libero. Fusce tortor nisl, malesuada non vestibulum ac, suscipit vel lorem. Donec et nisl id tortor mattis pulvinar in at augue. Proin congue felis eu erat aliquet et fermentum nibh adipiscing. Aliquam sit amet cursus turpis. Donec aliquam risus a massa accumsan non egestas ligula pretium. Suspendisse sed tortor vel est gravida viverra. Fusce accumsan erat sit amet nunc condimentum varius. Aliquam eu augue pulvinar nibh interdum iaculis. Curabitur aliquet convallis ligula, et luctus erat semper vitae. Maecenas faucibus mi in diam volutpat auctor. Nam dignissim nisi vitae enim condimentum quis consectetur lacus faucibus. Quisque porttitor consectetur ligula, et tincidunt est pulvinar ac. Suspendisse vitae lorem sed diam pellentesque blandit. Donec vestibulum mattis varius. Class aptent taciti sociosqu ad litora torquent per conubia nostra, per inceptos himenaeos.",
  "title": "Document 1-1-1-3",
  "__meta": {
    "updateId": -1810142150,
    "cdate": 1501428320600,
    "cuser": "cn=Al Mass,o=DARWINO",
    "mdate": 1501428411450,
    "replicaId": "85257FB8005090FB",
    "changes": "lwtW",
    "muser": "cn=Al Mass,o=DARWINO",
    "seqId": 1
  }
}