{
  "form": "CompanyDocument",
  "_parentid": "EBC90C5C4AD6F29D8525816D0054A911",
  "document": "Fusce ac erat nec sem auctor lacinia. Cum sociis natoque penatibus et magnis dis parturient montes, nascetur ridiculus mus. Donec accumsan commodo commodo. Duis sit amet enim dolor. Aenean vitae augue ut dolor bibendum semper ut nec justo. Nullam adipiscing adipiscing metus. Nunc eget nisl in nibh mollis hendrerit sed eu leo. Ut gravida massa vitae purus molestie scelerisque. Aliquam adipiscing viverra massa. Quisque et eros ipsum, nec condimentum nunc.\n\nSed et arcu ut metus vulputate ultrices pulvinar ut diam. Aliquam pharetra congue elit, vitae ultricies tellus pharetra ac. Donec ut leo sed sem suscipit accumsan. Donec porta nibh risus. Donec aliquam, lorem vitae aliquet lobortis, ligula quam sodales dui, vel auctor lacus nisi et purus. Vestibulum sollicitudin, nisi a adipiscing consectetur, neque nunc tristique nisi, nec faucibus justo erat sed mauris. Curabitur elementum orci sit amet sem egestas dapibus. Suspendisse potenti. Sed feugiat viverra erat, et ullamcorper metus ullamcorper eu. Nunc ultrices commodo nisl.",
  "title": "Document 1-3-2-1-1",
  "__meta": {
    "updateId": -1810254580,
    "cdate": 1501428283060,
    "cuser": "cn=Al Mass,o=DARWINO",
    "mdate": 1501428299020,
    "replicaId": "85257FB8005090FB",
    "changes": "XhA_",
    "muser": "cn=Al Mass,o=DARWINO",
    "seqId": 1
  }
}