{
  "form": "CompanyDocument",
  "_parentid": "515517AC6DEA86768525816D0054B4A6",
  "document": "Phasellus tincidunt scelerisque dapibus. Cum sociis natoque penatibus et magnis dis parturient montes, nascetur ridiculus mus. In consequat quam non quam malesuada sit amet bibendum nunc porta. Vestibulum adipiscing vehicula purus, non convallis purus cursus at. Ut nisi purus, mattis quis lacinia a, rhoncus et ante. Ut nec arcu ligula, a tempus eros. Curabitur vel dictum metus. Ut rhoncus semper commodo. Pellentesque vitae leo eget magna rutrum feugiat bibendum ac turpis. Curabitur adipiscing augue odio. Sed iaculis pellentesque metus, eu porttitor neque sagittis id. Phasellus justo quam, lobortis eu varius in, vulputate sed tortor.\n\nMorbi a nulla lorem. Morbi vel ligula et arcu facilisis posuere. Curabitur luctus interdum mauris, in auctor quam sagittis quis. Suspendisse potenti. Duis interdum purus eu risus pellentesque sodales. Aenean pretium consequat nulla sit amet convallis. Curabitur pharetra nibh a neque eleifend porttitor non sed metus. Morbi eleifend nisi ac arcu laoreet sagittis. Suspendisse potenti. Donec at tortor tortor, vitae condimentum felis. Aenean tincidunt est in sapien aliquet eu pharetra lacus vehicula.\n\nSed et tellus ut velit tristique malesuada. Aliquam quis leo ligula. Morbi mattis dolor eu ipsum vestibulum hendrerit hendrerit risus consectetur. Sed in metus felis, non faucibus turpis. Class aptent taciti sociosqu ad litora torquent per conubia nostra, per inceptos himenaeos. Integer a justo id enim ullamcorper cursus in sed purus. Integer porta blandit consectetur. Aliquam et lorem quis nisl gravida ultrices. Ut cursus mattis est at tincidunt. Aenean ut tincidunt leo. Morbi pretium eleifend massa vel convallis. Nullam tortor lacus, sollicitudin vitae sagittis vel, interdum vitae erat. Praesent auctor erat ut neque fermentum ac dictum purus vulputate. Praesent accumsan neque est. Maecenas viverra turpis et justo volutpat sodales.\n\nMauris vel porta velit. In pulvinar metus libero, sit amet fringilla felis. Donec tellus velit, viverra sit amet tincidunt vitae, rhoncus sit amet ligula. Cum sociis natoque penatibus et magnis dis parturient montes, nascetur ridiculus mus. Duis vitae nulla nunc, vitae feugiat magna. Sed diam risus, pellentesque ac laoreet vitae, egestas ut nisi. Mauris ultricies est vitae velit egestas sed vestibulum quam pharetra. Vivamus hendrerit justo id tellus mattis lobortis. Nam dolor felis, tincidunt eu vehicula a, tristique ut neque. Donec egestas tempor risus ac feugiat. Quisque elit nisl, sodales id euismod eu, rutrum et metus. Sed commodo eleifend sodales. Suspendisse sagittis commodo malesuada. Curabitur fringilla nulla vel nulla aliquet auctor. Maecenas blandit sem enim, vitae viverra sem. Aenean nisl dui, tristique ut malesuada non, vehicula elementum ipsum.",
  "title": "Document 5-4-1-4-1",
  "__meta": {
    "updateId": -1810165760,
    "cdate": 1501428312710,
    "cuser": "cn=Al Mass,o=DARWINO",
    "mdate": 1501428387840,
    "replicaId": "85257FB8005090FB",
    "changes": "YBIg",
    "muser": "cn=Al Mass,o=DARWINO",
    "seqId": 1
  }
}