{
  "form": "CompanyDocument",
  "_parentid": "B576AAF954BB6CED8525816D0054B0D1",
  "document": "Donec lacus dui, sagittis ac varius sed, lobortis sed neque. Nullam mollis justo sed magna eleifend iaculis. Nulla in nunc sed turpis vestibulum porttitor. Aliquam a diam libero, sit amet pretium odio. Pellentesque habitant morbi tristique senectus et netus et malesuada fames ac turpis egestas. Cum sociis natoque penatibus et magnis dis parturient montes, nascetur ridiculus mus. Quisque sed arcu urna. Proin nibh massa, pulvinar ac elementum eu, luctus eget justo. Morbi lobortis purus quis metus consectetur tincidunt. Suspendisse ac sapien vitae nunc convallis semper. Maecenas tincidunt varius lacus non luctus. Donec congue, arcu viverra tristique luctus, tellus augue lacinia felis, sed varius velit tellus sed tellus. Class aptent taciti sociosqu ad litora torquent per conubia nostra, per inceptos himenaeos. Cras pulvinar velit ipsum. Nulla rhoncus ullamcorper nisi, in malesuada massa vehicula sit amet. Maecenas blandit nisi a urna fermentum vestibulum. Sed vel vulputate orci. Vestibulum rhoncus, odio a mattis feugiat, velit est sagittis est, non vehicula diam felis a lacus.",
  "title": "Document 3-1-2-1-3",
  "__meta": {
    "updateId": -1810195090,
    "cdate": 1501428302920,
    "cuser": "cn=Al Mass,o=DARWINO",
    "mdate": 1501428358510,
    "replicaId": "85257FB8005090FB",
    "changes": "9rgV",
    "muser": "cn=Al Mass,o=DARWINO",
    "seqId": 1
  }
}