{
  "form": "CompanyDocument",
  "_parentid": "E5587704CA5756528525816D0054AFC6",
  "document": "Sed sapien est, semper vitae fermentum eget, euismod vel eros. Quisque dignissim nibh nec enim porttitor id tempus eros tincidunt. Sed bibendum lectus id dui accumsan luctus. Aliquam ac adipiscing turpis. Cras sit amet augue leo, vel sagittis enim. Class aptent taciti sociosqu ad litora torquent per conubia nostra, per inceptos himenaeos. Aenean commodo, nisi eu posuere tristique, quam sem lobortis turpis, varius ultricies purus urna et erat. Morbi pharetra velit ac ligula elementum faucibus eget a dolor. Maecenas elementum nunc ut risus mollis et consectetur arcu aliquam. Praesent mollis risus a nulla feugiat commodo. Aliquam eget metus nunc, at imperdiet velit. Fusce eget lacus eros.",
  "title": "Document 4-2-4-2-2",
  "__meta": {
    "updateId": -1810203110,
    "cdate": 1501428300240,
    "cuser": "cn=Al Mass,o=DARWINO",
    "mdate": 1501428350490,
    "replicaId": "85257FB8005090FB",
    "changes": "Mw3k",
    "muser": "cn=Al Mass,o=DARWINO",
    "seqId": 1
  }
}