{
  "form": "CompanyDocument",
  "_parentid": "D032A35B580A90518525816D0054B1C5",
  "document": "Phasellus nisi nunc, porttitor non faucibus ut, viverra varius lectus. Donec ultricies ultrices viverra. Nunc vitae diam eget libero consectetur volutpat a nec orci. Fusce sed metus tristique metus consectetur consectetur a eget dolor. Ut convallis urna sit amet orci iaculis scelerisque. Ut justo ante, venenatis quis vehicula id, accumsan adipiscing justo. Nunc adipiscing augue quis tellus mollis at mollis massa commodo. Praesent accumsan venenatis euismod. Ut lacus odio, molestie at cursus volutpat, consectetur sit amet ligula. Suspendisse eu mauris sed est aliquet lobortis. Pellentesque habitant morbi tristique senectus et netus et malesuada fames ac turpis egestas. Ut orci lacus, vulputate sit amet fringilla sit amet, tincidunt suscipit urna. Morbi at enim quis lacus tempus egestas.\n\nCurabitur sit amet turpis at odio aliquam sollicitudin. Maecenas ac urna diam, sit amet sollicitudin orci. Maecenas quis porttitor nisi. Etiam sit amet ante diam, vel ullamcorper est. Nulla facilisi. Maecenas eu tellus magna, at blandit massa. Mauris interdum rutrum tellus id rutrum. Pellentesque vitae tortor at odio fringilla fermentum vel sit amet lorem. Cum sociis natoque penatibus et magnis dis parturient montes, nascetur ridiculus mus. Aliquam nec eleifend ligula. In tortor sapien, tincidunt et accumsan a, blandit a sem. Nullam pharetra consequat justo, sed faucibus libero dictum id. Praesent et nibh eget eros scelerisque sagittis quis ac sem. Vestibulum posuere vehicula augue. Ut id tempor risus. Praesent vestibulum, lacus sit amet facilisis tristique, odio nisi auctor ipsum, in facilisis sapien nisl ac dui.\n\nFusce varius mi vel massa egestas rhoncus. Integer rhoncus blandit vehicula. Etiam lobortis eros at massa placerat ullamcorper. Vivamus condimentum ultricies metus nec dignissim. Vivamus dignissim, diam et feugiat vestibulum, dui tellus elementum arcu, et pulvinar diam metus quis quam. Pellentesque faucibus dapibus laoreet. Donec congue velit et purus vestibulum ut pulvinar erat pharetra. Ut faucibus orci eu lectus vulputate gravida. Fusce ante lectus, porttitor non imperdiet eget, eleifend ut nibh. Etiam vestibulum rutrum metus quis laoreet.",
  "title": "Document 4-1",
  "__meta": {
    "updateId": -1810187840,
    "cdate": 1501428305340,
    "cuser": "cn=Al Mass,o=DARWINO",
    "mdate": 1501428365760,
    "replicaId": "85257FB8005090FB",
    "changes": "rwaG",
    "muser": "cn=Al Mass,o=DARWINO",
    "seqId": 1
  }
}