{
  "form": "CompanyDocument",
  "_parentid": "E85B8F9887B2FC8D8525816D0054AC63",
  "document": "Curabitur laoreet rhoncus sem eu egestas. Pellentesque turpis felis, sagittis a auctor vel, adipiscing vel libero. Lorem ipsum dolor sit amet, consectetur adipiscing elit. In quis pretium felis. Proin nec risus ut magna laoreet gravida. Aenean a pellentesque turpis. Class aptent taciti sociosqu ad litora torquent per conubia nostra, per inceptos himenaeos. Cras a suscipit lorem. Duis molestie justo sed ante euismod sit amet aliquet eros adipiscing. Curabitur dignissim ultricies leo et ultricies. Etiam cursus tristique diam, vel egestas purus tempus id. Pellentesque vel consequat arcu. Mauris velit arcu, bibendum sed sodales ut, euismod ac libero. Nulla congue nunc a purus ultricies imperdiet. In orci arcu, molestie a blandit convallis, hendrerit id lorem. Donec sapien tortor, tempor non elementum quis, fringilla quis est. Etiam dapibus dolor vel justo faucibus vel egestas nunc placerat. Nulla tortor sapien, volutpat id auctor at, venenatis ac metus. Phasellus malesuada dui eros. Morbi porttitor erat ac lorem volutpat ut facilisis tortor feugiat.",
  "title": "Document 3-2-3-3-2",
  "__meta": {
    "updateId": -1810229090,
    "cdate": 1501428291570,
    "cuser": "cn=Al Mass,o=DARWINO",
    "mdate": 1501428324510,
    "replicaId": "85257FB8005090FB",
    "changes": "sNh2",
    "muser": "cn=Al Mass,o=DARWINO",
    "seqId": 1
  }
}