{
  "form": "CompanyDocument",
  "_parentid": "6870D5EC93C4A87B8525816D0054AC07",
  "document": "Aliquam ut risus metus, ac euismod lacus. Nullam ultricies sagittis dolor, et lobortis dolor condimentum et. Maecenas et orci lacus, at molestie erat. Proin nisi dui, vulputate sit amet adipiscing ac, porta at ipsum. Pellentesque vitae condimentum velit. Aenean nibh ante, aliquet ut aliquam non, placerat rhoncus justo. Nam euismod sagittis felis at mattis. Aenean eros libero, gravida id tristique euismod, scelerisque a est. In hac habitasse platea dictumst. Nulla euismod dictum ipsum. Ut quis urna nec sapien lobortis pharetra id quis enim. Class aptent taciti sociosqu ad litora torquent per conubia nostra, per inceptos himenaeos. Curabitur et magna venenatis leo congue sollicitudin sed sit amet arcu.\n\nInteger orci turpis, ullamcorper non faucibus eu, cursus in sem. Sed volutpat est a libero tincidunt ut laoreet dolor rhoncus. Cras sed eleifend velit. Ut semper urna ac mauris ultricies sed luctus dolor varius. Maecenas tincidunt nibh felis, at pulvinar orci. Duis ac scelerisque leo. Nam luctus augue non massa accumsan bibendum. Suspendisse posuere tincidunt imperdiet. Mauris aliquam ullamcorper tincidunt. Cras ultrices placerat nibh, id pulvinar lorem molestie et. Pellentesque aliquam posuere leo, at rutrum lorem vulputate eget. Aliquam luctus tortor eu risus malesuada ac rutrum justo tempus. Cras nec dignissim dolor.",
  "title": "Document 5",
  "__meta": {
    "updateId": -1810226750,
    "cdate": 1501428292350,
    "cuser": "cn=Al Mass,o=DARWINO",
    "mdate": 1501428326850,
    "replicaId": "85257FB8005090FB",
    "changes": "zNNE",
    "muser": "cn=Al Mass,o=DARWINO",
    "seqId": 1
  }
}