{
  "form": "CompanyDocument",
  "_parentid": "55A16A3C170077418525816D0054AE8D",
  "document": "Praesent eget velit nunc. Donec consequat facilisis ultrices. Donec euismod risus quis eros eleifend venenatis. Nunc in lacus dolor, sit amet placerat tortor. Phasellus porttitor egestas nibh ut malesuada. Maecenas enim augue, malesuada a bibendum et, euismod ut diam. Quisque nunc sem, laoreet vel tincidunt eu, bibendum in nisi. Maecenas rhoncus ipsum eu diam volutpat dignissim. Nulla viverra augue ac velit pellentesque in malesuada nisl hendrerit. Etiam in pharetra nisl. Vestibulum egestas volutpat ligula vel venenatis. Nullam mollis gravida quam eget bibendum. Nunc consequat suscipit tincidunt. Proin varius arcu eget ligula pharetra sed vehicula quam vulputate.\n\nEtiam gravida massa vitae felis viverra ullamcorper. Mauris a odio aliquam diam facilisis vestibulum. Maecenas placerat hendrerit tortor, a consectetur enim commodo a. Fusce diam quam, bibendum non suscipit ac, pharetra nec libero. Sed aliquet augue sed turpis tincidunt in convallis odio malesuada. Pellentesque lorem erat, commodo quis laoreet at, euismod ut massa. Etiam accumsan quam ut arcu suscipit rutrum. Aenean laoreet tellus sit amet mi elementum a pulvinar leo elementum. Ut tellus nibh, luctus sed viverra vitae, feugiat eu libero. Aliquam tempus faucibus pharetra. Fusce id orci vel urna luctus elementum quis vel nunc. Quisque adipiscing dui sed felis consectetur consectetur. Nunc non interdum purus. Donec convallis dictum tempus. Cras in nulla at dui pharetra accumsan ac eget nisi. Morbi vel lorem ut mauris congue scelerisque. Morbi scelerisque risus sit amet tortor pharetra porta. Fusce ornare lectus ac quam scelerisque et scelerisque nibh condimentum. Quisque enim nulla, aliquam feugiat feugiat et, rutrum sed ante. Class aptent taciti sociosqu ad litora torquent per conubia nostra, per inceptos himenaeos.",
  "title": "Document 5-3-1-3",
  "__meta": {
    "updateId": -1810212280,
    "cdate": 1501428297180,
    "cuser": "cn=Al Mass,o=DARWINO",
    "mdate": 1501428341320,
    "replicaId": "85257FB8005090FB",
    "changes": "xm66",
    "muser": "cn=Al Mass,o=DARWINO",
    "seqId": 1
  }
}