{
  "form": "CompanyDocument",
  "_parentid": "6CE7A78E5E13B4BE8525816D0054AA66",
  "document": "Fusce sed sapien quam. Aenean in risus elit. Praesent condimentum pharetra ultricies. Vestibulum ante ipsum primis in faucibus orci luctus et ultrices posuere cubilia Curae; Aenean vitae lectus neque, ut sodales leo. Morbi eros nibh, varius eget tristique ac, consectetur sit amet purus. Nullam fringilla egestas purus, sit amet ultrices odio porttitor id. Praesent ac sem ipsum. Fusce sem quam, egestas consequat convallis in, condimentum sed lacus. Aliquam sodales mollis enim, ac consectetur nibh dictum sed. Fusce quis ligula enim. Aliquam tristique faucibus orci eu laoreet. Vestibulum dapibus massa eu nunc tempor a feugiat nisi luctus. Fusce et ullamcorper nunc. Maecenas vestibulum pretium sodales. Morbi gravida quam vitae ante aliquet pretium. Cras viverra nulla fringilla sapien tincidunt sed malesuada neque aliquet. Praesent semper fermentum venenatis.\n\nNulla facilisi. Integer luctus ante et tortor porttitor in tincidunt sapien dapibus. Donec lorem tellus, rhoncus eget interdum adipiscing, pulvinar ac odio. Donec in nisl vitae magna consequat euismod nec ut mauris. Vivamus eget neque magna. Duis nec arcu nec nibh feugiat ultricies scelerisque sit amet est. Pellentesque id laoreet ante. Proin vestibulum ultricies tellus, in sagittis arcu imperdiet quis. Phasellus at nisi justo, ut tristique metus. Vestibulum feugiat porttitor lectus et pretium. Nam molestie suscipit ante at condimentum. Nullam tincidunt viverra ipsum, eget malesuada felis vulputate eget. Morbi vel erat sapien, quis pretium risus. Phasellus sodales, elit ac faucibus bibendum, enim dolor porta risus, id laoreet enim massa a quam. Aliquam non eros et ligula laoreet tempus. Lorem ipsum dolor sit amet, consectetur adipiscing elit.",
  "title": "Document 2-1-1-2-2",
  "__meta": {
    "updateId": -1810244340,
    "cdate": 1501428286480,
    "cuser": "cn=Al Mass,o=DARWINO",
    "mdate": 1501428309260,
    "replicaId": "85257FB8005090FB",
    "changes": "egen",
    "muser": "cn=Al Mass,o=DARWINO",
    "seqId": 1
  }
}