{
  "form": "CompanyDocument",
  "_parentid": "4A459F795CBF55358525816D0054B0FB",
  "document": "Proin elit lacus, egestas ac sagittis et, facilisis et purus. Maecenas dignissim tellus ut odio bibendum sit amet mollis mi viverra. Praesent eget nisi vel magna lacinia tincidunt ut non elit. Vestibulum sit amet molestie elit. In ultricies, nisi eu lacinia vehicula, mi purus posuere urna, at eleifend ipsum urna non risus. Sed sit amet sem velit. Donec est nisi, molestie rutrum luctus non, volutpat sed lectus. Donec velit nisi, lobortis quis hendrerit ut, porttitor eget sem. Curabitur aliquam euismod quam, eu ullamcorper neque pretium at. Morbi non nulla sed risus malesuada egestas ut a enim. Etiam non consectetur dolor. Nam sed libero quis nibh aliquam suscipit. Aliquam eget sapien risus. Maecenas facilisis eleifend turpis ut tincidunt. In non mauris odio. Etiam sodales vehicula orci, ut placerat justo porta ac. Duis aliquam, tellus vel tincidunt feugiat, dolor libero consequat risus, sit amet ultrices tellus ligula eget nulla.\n\nDonec mauris neque, vehicula sed gravida quis, sodales a quam. Aliquam erat volutpat. Aliquam erat volutpat. Ut scelerisque aliquam bibendum. Nunc tellus magna, egestas ut ornare non, mollis sit amet metus. Nunc dictum, felis eget malesuada hendrerit, massa eros tincidunt justo, non gravida metus enim sed justo. Cras varius dictum vulputate. Maecenas faucibus interdum mauris, sit amet varius lorem mollis eu. Pellentesque quis purus nulla, eu eleifend leo. In hac habitasse platea dictumst. Phasellus ac quam sapien.\n\nNulla facilisi. Integer luctus ante et tortor porttitor in tincidunt sapien dapibus. Donec lorem tellus, rhoncus eget interdum adipiscing, pulvinar ac odio. Donec in nisl vitae magna consequat euismod nec ut mauris. Vivamus eget neque magna. Duis nec arcu nec nibh feugiat ultricies scelerisque sit amet est. Pellentesque id laoreet ante. Proin vestibulum ultricies tellus, in sagittis arcu imperdiet quis. Phasellus at nisi justo, ut tristique metus. Vestibulum feugiat porttitor lectus et pretium. Nam molestie suscipit ante at condimentum. Nullam tincidunt viverra ipsum, eget malesuada felis vulputate eget. Morbi vel erat sapien, quis pretium risus. Phasellus sodales, elit ac faucibus bibendum, enim dolor porta risus, id laoreet enim massa a quam. Aliquam non eros et ligula laoreet tempus. Lorem ipsum dolor sit amet, consectetur adipiscing elit.\n\nAliquam imperdiet rutrum lorem nec pulvinar. Cras justo ligula, sodales nec adipiscing vel, malesuada ut purus. Aliquam vel arcu leo. Aliquam in eros elit. Pellentesque eget vehicula tortor. Praesent malesuada, nunc non malesuada fermentum, quam turpis porttitor orci, vel rhoncus eros risus auctor eros. Mauris placerat, nisi sed rutrum lobortis, leo felis molestie justo, non dictum erat diam eu orci. Aliquam justo sapien, porta quis fermentum vel, venenatis eget leo. Cras venenatis luctus ullamcorper. Aliquam erat volutpat. Nulla in tincidunt arcu.",
  "title": "Document 3-4-2-1-2",
  "__meta": {
    "updateId": -1810193860,
    "cdate": 1501428303330,
    "cuser": "cn=Al Mass,o=DARWINO",
    "mdate": 1501428359740,
    "replicaId": "85257FB8005090FB",
    "changes": "pRnB",
    "muser": "cn=Al Mass,o=DARWINO",
    "seqId": 1
  }
}