{
  "form": "CompanyDocument",
  "_parentid": "BFAE11F0F5118B608525816D0054AE3D",
  "document": "Integer in erat id est egestas pretium id in turpis. Ut placerat dolor vel nunc sodales tempor. Class aptent taciti sociosqu ad litora torquent per conubia nostra, per inceptos himenaeos. Ut adipiscing sapien a nunc ultrices semper accumsan nisl scelerisque. Cum sociis natoque penatibus et magnis dis parturient montes, nascetur ridiculus mus. Vivamus porttitor erat in leo pellentesque interdum. Curabitur tempus pulvinar tellus et iaculis. Sed aliquam urna ut orci blandit nec aliquet magna sollicitudin. Vestibulum eget erat metus, sagittis aliquet nunc. Aenean at turpis sapien, in aliquam diam. Praesent et leo risus, in congue diam. Praesent rutrum, orci et cursus volutpat, velit nunc lobortis sapien, id rhoncus tellus ipsum at arcu. In tortor odio, vestibulum at varius non, aliquet quis dui. Proin semper tortor quis lorem lobortis volutpat.",
  "title": "Document 1-3-4-1-2",
  "__meta": {
    "updateId": -1810214890,
    "cdate": 1501428296310,
    "cuser": "cn=Al Mass,o=DARWINO",
    "mdate": 1501428338710,
    "replicaId": "85257FB8005090FB",
    "changes": "zCDa",
    "muser": "cn=Al Mass,o=DARWINO",
    "seqId": 1
  }
}