{
  "firstname": "Alvin",
  "comments": "<font size=\"2\" face=\"sans-serif\">A yellow elephant is now managing a engineer, said the red pencil</font><br />\r\n<font size=\"2\" face=\"sans-serif\">The phone signed a partnership with the sweet potato</font><br />\r\n<font size=\"2\" face=\"sans-serif\">A metallic lawyer advanced towards a planet, claimed a silver mouse</font><br />\r\n<font size=\"2\" face=\"sans-serif\">Last Monday evening the pear is expected to buy the green potato</font>",
  "homephone": "(573) 200-1174",
  "city": "Fort Mill",
  "sex": "M",
  "picture": "http://www.gravatar.com/avatar/0e4d2ec53d8ffcb3aca8ddc2b3d9a369?d=retro",
  "lastname": "Roberts",
  "__meta": {
    "updateId": -1810120770,
    "cdate": 1501428330730,
    "cuser": "cn=Al Mass,o=DARWINO",
    "mdate": 1501428432830,
    "replicaId": "85257FB8005090FB",
    "changes": "jsIc",
    "muser": "cn=Al Mass,o=DARWINO",
    "seqId": 2
  },
  "zipcode": "29708",
  "form": "Contact",
  "street": "432 Adams Street",
  "firstcontact": "2014-04-10T08:54:33.000-05:00",
  "workphone": "(678) 494-1288",
  "mobilephone": "(975) 585-1843",
  "company": "Opentech",
  "state": "SC",
  "card": "<img src=\"$document-attachment/Card%7C%7Cinline-0.84.gif\" width=\"80\" height=\"80\" /><br />\r\n<font size=\"2\" face=\"sans-serif\"><b>Name</b></font><font size=\"2\" face=\"sans-serif\">: Alvin Roberts</font><br />\r\n<font size=\"2\" face=\"sans-serif\"><b>EMail</b></font><font size=\"2\" face=\"sans-serif\">: aroberts@darwino.com</font><br />\r\n<font size=\"2\" face=\"sans-serif\"><b>Company</b></font><font size=\"2\" face=\"sans-serif\">: Opentech</font>",
  "email": "aroberts@darwino.com"
}