{
  "form": "CompanyDocument",
  "_parentid": "F0E3FD36FD9C86208525816D0054A9C7",
  "document": "In a enim sit amet elit bibendum scelerisque eget id neque. Donec sed tellus dolor, sed luctus magna. Vestibulum ac tellus ac est euismod tincidunt. Curabitur nisi quam, faucibus et porttitor quis, faucibus ac ligula. Pellentesque dictum, lectus a scelerisque imperdiet, odio neque hendrerit ligula, mattis viverra eros mi eget libero. Donec ut enim ut elit vehicula malesuada. Nunc consectetur elementum facilisis. Donec eleifend congue nulla ut fermentum. Class aptent taciti sociosqu ad litora torquent per conubia nostra, per inceptos himenaeos. Class aptent taciti sociosqu ad litora torquent per conubia nostra, per inceptos himenaeos. Nulla sit amet aliquam urna.\n\nSed id quam at urna dignissim accumsan. Nunc sed lorem non est dapibus egestas volutpat sed odio. Curabitur eros orci, viverra ut suscipit sed, adipiscing in diam. Nam adipiscing, ligula fermentum gravida hendrerit, lacus nunc gravida turpis, aliquam euismod ante metus eget dolor. Fusce porttitor, est et lacinia venenatis, felis metus porta erat, non hendrerit orci tellus eu massa. Proin vel orci quis ante blandit tempor. Donec lacus tellus, gravida at accumsan sed, dignissim et augue. Nunc cursus suscipit risus, eu consectetur erat sodales id. Morbi justo leo, aliquam commodo congue vel, convallis at orci. Vivamus condimentum fermentum augue, et rhoncus ligula semper sed. Nulla facilisi. Suspendisse a ipsum eget ipsum volutpat malesuada. Nulla porttitor laoreet condimentum.",
  "title": "Document 2-1-1-1",
  "__meta": {
    "updateId": -1810249130,
    "cdate": 1501428284880,
    "cuser": "cn=Al Mass,o=DARWINO",
    "mdate": 1501428304470,
    "replicaId": "85257FB8005090FB",
    "changes": "nA_6",
    "muser": "cn=Al Mass,o=DARWINO",
    "seqId": 1
  }
}