{
  "form": "CompanyDocument",
  "_parentid": "97C2D060E60BB5538525816D0054B100",
  "document": "Donec sit amet nisl a dolor tristique volutpat. Proin interdum rutrum ipsum sit amet tincidunt. Vivamus dignissim consectetur neque, in faucibus magna tempor nec. Nullam in turpis molestie magna rutrum lobortis. Duis euismod tellus non lorem dignissim consequat. Mauris non sapien nunc. Cras malesuada leo quis neque eleifend nec convallis erat accumsan. Vivamus facilisis congue ante auctor egestas. In a nisi felis. In sodales, arcu vel ultricies consectetur, nisl felis malesuada odio, sed ultricies libero quam non ligula. Integer sit amet nisi leo. Duis vel sem nulla, nec scelerisque lacus. Duis semper egestas felis, quis rhoncus tellus feugiat non. Vivamus aliquam tincidunt metus ac elementum. Sed tincidunt sem ac est euismod ultricies.\n\nFusce ac erat nec sem auctor lacinia. Cum sociis natoque penatibus et magnis dis parturient montes, nascetur ridiculus mus. Donec accumsan commodo commodo. Duis sit amet enim dolor. Aenean vitae augue ut dolor bibendum semper ut nec justo. Nullam adipiscing adipiscing metus. Nunc eget nisl in nibh mollis hendrerit sed eu leo. Ut gravida massa vitae purus molestie scelerisque. Aliquam adipiscing viverra massa. Quisque et eros ipsum, nec condimentum nunc.\n\nMauris eu nisl orci, ut tincidunt massa. Vestibulum tincidunt, ante sed porttitor semper, leo lorem convallis sem, eu facilisis felis elit ut lectus. In pulvinar tellus vel velit bibendum rhoncus. Mauris non lorem augue. Vestibulum blandit libero quis velit hendrerit ornare. Phasellus a ante est, et vulputate tellus. Aenean vel facilisis elit. Donec tristique ipsum id lacus imperdiet tempor. Vestibulum facilisis lobortis tristique. Nulla ligula neque, rutrum at auctor quis, pretium blandit enim. Aliquam pellentesque ligula et mauris consectetur convallis. Phasellus imperdiet porttitor lacus, lacinia laoreet dui feugiat id. Mauris sed ligula nunc. Aliquam leo velit, semper quis consectetur vel, cursus vitae massa. Cras et erat non orci tempor ornare. Integer congue elementum euismod. Suspendisse ac neque nisl, vitae condimentum metus. Mauris pulvinar libero a lacus scelerisque sit amet hendrerit nunc tempus. Duis metus diam, vulputate eget ultrices vel, rhoncus id lacus. Vestibulum ultrices ipsum nec enim dapibus vel pellentesque ante venenatis.\n\nMorbi a nulla lorem. Morbi vel ligula et arcu facilisis posuere. Curabitur luctus interdum mauris, in auctor quam sagittis quis. Suspendisse potenti. Duis interdum purus eu risus pellentesque sodales. Aenean pretium consequat nulla sit amet convallis. Curabitur pharetra nibh a neque eleifend porttitor non sed metus. Morbi eleifend nisi ac arcu laoreet sagittis. Suspendisse potenti. Donec at tortor tortor, vitae condimentum felis. Aenean tincidunt est in sapien aliquet eu pharetra lacus vehicula.",
  "title": "Document 3-4-2-2-1",
  "__meta": {
    "updateId": -1810193740,
    "cdate": 1501428303370,
    "cuser": "cn=Al Mass,o=DARWINO",
    "mdate": 1501428359860,
    "replicaId": "85257FB8005090FB",
    "changes": "hhSi",
    "muser": "cn=Al Mass,o=DARWINO",
    "seqId": 1
  }
}