{
  "form": "CompanyDocument",
  "_parentid": "1E1028270479D31E8525816D0054A8F5",
  "document": "Mauris eu nisl orci, ut tincidunt massa. Vestibulum tincidunt, ante sed porttitor semper, leo lorem convallis sem, eu facilisis felis elit ut lectus. In pulvinar tellus vel velit bibendum rhoncus. Mauris non lorem augue. Vestibulum blandit libero quis velit hendrerit ornare. Phasellus a ante est, et vulputate tellus. Aenean vel facilisis elit. Donec tristique ipsum id lacus imperdiet tempor. Vestibulum facilisis lobortis tristique. Nulla ligula neque, rutrum at auctor quis, pretium blandit enim. Aliquam pellentesque ligula et mauris consectetur convallis. Phasellus imperdiet porttitor lacus, lacinia laoreet dui feugiat id. Mauris sed ligula nunc. Aliquam leo velit, semper quis consectetur vel, cursus vitae massa. Cras et erat non orci tempor ornare. Integer congue elementum euismod. Suspendisse ac neque nisl, vitae condimentum metus. Mauris pulvinar libero a lacus scelerisque sit amet hendrerit nunc tempus. Duis metus diam, vulputate eget ultrices vel, rhoncus id lacus. Vestibulum ultrices ipsum nec enim dapibus vel pellentesque ante venenatis.",
  "title": "Document 1-2-1-4-2",
  "__meta": {
    "updateId": -1810255390,
    "cdate": 1501428282790,
    "cuser": "cn=Al Mass,o=DARWINO",
    "mdate": 1501428298210,
    "replicaId": "85257FB8005090FB",
    "changes": "l@E3",
    "muser": "cn=Al Mass,o=DARWINO",
    "seqId": 1
  }
}