{
  "form": "CompanyDocument",
  "_parentid": "30634E83C49892C18525816D0054B5A8",
  "document": "In non felis elit. Integer eleifend velit ac lacus vestibulum imperdiet. Cras lacus orci, posuere a euismod nec, convallis et nibh. Proin pretium risus sit amet leo pulvinar fermentum. Mauris sapien diam, interdum et egestas et, hendrerit non tellus. Pellentesque auctor feugiat lacus, id aliquam lacus faucibus in. Vivamus tempor ornare varius. Suspendisse in ultrices nisi. Aenean fermentum dictum mauris at consectetur. Cras porta ultricies libero sit amet volutpat. Suspendisse dapibus convallis nulla, non ultrices purus egestas pulvinar. Suspendisse tellus augue, dignissim non mollis a, tristique id nunc. Sed tempor rhoncus lacus, id feugiat metus convallis eget. Praesent sed nisi tellus, in dapibus justo.\n\nEtiam cursus egestas tortor, sed pharetra ligula fringilla id. Praesent varius adipiscing placerat. Donec leo orci, porta in ornare sit amet, fermentum id nulla. Nam magna sapien, bibendum a ultrices sed, vestibulum in augue. Pellentesque ut lorem vitae ante malesuada consequat et eu nisl. Aliquam aliquam hendrerit erat ac interdum. Maecenas dui nisi, eleifend eu pellentesque eget, ullamcorper at ipsum. Donec vel volutpat nisl. Nulla aliquet est vel eros iaculis ut rhoncus ante accumsan. Etiam tellus orci, placerat ac auctor sit amet, mattis eu elit.\n\nEtiam ultricies ligula vel velit pretium et convallis augue eleifend. Sed lobortis interdum sem, sed sollicitudin lectus pellentesque a. Duis orci ante, laoreet vel viverra non, varius vel nisi. Quisque adipiscing mattis turpis, eget cursus ante sollicitudin sed. Praesent cursus lobortis posuere. Curabitur sapien mauris, suscipit a scelerisque at, eleifend sit amet nunc. Nam consequat arcu sit amet elit elementum iaculis. Quisque id augue elit, convallis malesuada mauris. Fusce consectetur bibendum arcu sit amet fringilla. Praesent tempor libero ut lectus luctus sit amet sagittis ligula congue. Donec dapibus risus eget nunc pretium sollicitudin. Nulla vitae bibendum diam. Proin libero nibh, posuere id molestie vitae, pellentesque eget magna. Fusce interdum dignissim ipsum id viverra. Ut in diam vitae nisl iaculis adipiscing ut a massa. Maecenas accumsan dolor sit amet ipsum imperdiet pharetra. Donec in rutrum quam. In urna nisl, convallis sit amet tempus vel, pulvinar id magna. Proin neque dolor, mollis vitae pretium sollicitudin, rhoncus at leo. Cras bibendum fermentum tempus.\n\nUt ultricies fermentum est, ac commodo lectus porttitor quis. In placerat felis nec metus accumsan id aliquam arcu tincidunt. Nullam laoreet tincidunt blandit. Aenean tincidunt tempus nisl, a iaculis neque laoreet eu. Ut mollis erat non lacus posuere a pellentesque est interdum. Maecenas diam velit, mattis at interdum posuere, placerat ut quam. Ut auctor urna eget risus tempus pulvinar. Sed ac dignissim justo. Nunc eu enim eu risus dignissim eleifend. Ut consectetur semper diam, nec malesuada urna gravida eu. Nulla imperdiet commodo nulla ut mattis. Proin in viverra dui. Cras vel augue felis, non consectetur justo. Proin aliquam purus dolor, sed tristique turpis. Integer quis lectus magna. Integer sed rhoncus tortor. Morbi id orci quis quam egestas viverra vitae a arcu. Curabitur consectetur vehicula magna, eu egestas est molestie a. Fusce molestie enim eget quam ultricies eu convallis lacus rutrum.",
  "title": "Document 1-1",
  "__meta": {
    "updateId": -1810158050,
    "cdate": 1501428315290,
    "cuser": "cn=Al Mass,o=DARWINO",
    "mdate": 1501428395550,
    "replicaId": "85257FB8005090FB",
    "changes": "Wica",
    "muser": "cn=Al Mass,o=DARWINO",
    "seqId": 1
  }
}