{
  "form": "CompanyDocument",
  "_parentid": "96F639E7037B7A0B8525816D0054A8B3",
  "document": "Etiam ultricies ligula vel velit pretium et convallis augue eleifend. Sed lobortis interdum sem, sed sollicitudin lectus pellentesque a. Duis orci ante, laoreet vel viverra non, varius vel nisi. Quisque adipiscing mattis turpis, eget cursus ante sollicitudin sed. Praesent cursus lobortis posuere. Curabitur sapien mauris, suscipit a scelerisque at, eleifend sit amet nunc. Nam consequat arcu sit amet elit elementum iaculis. Quisque id augue elit, convallis malesuada mauris. Fusce consectetur bibendum arcu sit amet fringilla. Praesent tempor libero ut lectus luctus sit amet sagittis ligula congue. Donec dapibus risus eget nunc pretium sollicitudin. Nulla vitae bibendum diam. Proin libero nibh, posuere id molestie vitae, pellentesque eget magna. Fusce interdum dignissim ipsum id viverra. Ut in diam vitae nisl iaculis adipiscing ut a massa. Maecenas accumsan dolor sit amet ipsum imperdiet pharetra. Donec in rutrum quam. In urna nisl, convallis sit amet tempus vel, pulvinar id magna. Proin neque dolor, mollis vitae pretium sollicitudin, rhoncus at leo. Cras bibendum fermentum tempus.\n\nDuis vehicula ante nec nisl placerat malesuada. Donec blandit bibendum felis, vitae condimentum tellus fermentum vel. Integer sed sem eu felis rutrum congue ac non nisi. Duis molestie arcu id magna vestibulum laoreet. Curabitur nec mauris eu metus semper euismod in eu nunc. Mauris luctus nunc elit, a pharetra dolor. Vivamus arcu eros, tempor a commodo sed, pulvinar et nibh. Suspendisse facilisis iaculis aliquet. Maecenas scelerisque orci at tortor bibendum sed vehicula metus feugiat. Nulla sem purus, commodo at consectetur vitae, cursus at nibh. Sed quis risus vitae sapien semper consequat. Cras semper elit vel odio cursus viverra. Suspendisse in leo risus, a consequat elit.\n\nCras at mi a nisi auctor accumsan id nec quam. Morbi ac tempus turpis. Sed congue eleifend purus, a lacinia nunc accumsan non. Integer sodales aliquet libero, eu congue mauris vulputate non. Pellentesque sodales, lacus at tincidunt vestibulum, lacus diam tincidunt eros, ac tincidunt lorem massa non turpis. Pellentesque vel sem quis neque lacinia interdum. Nam tempor pellentesque felis eget cursus. Proin aliquet porttitor mi, sed vestibulum urna congue sed. Quisque mattis, lorem convallis gravida tempor, dolor purus ornare enim, id congue nulla urna nec nisi. Integer adipiscing viverra risus, non viverra sem scelerisque eu. Donec quam sem, elementum ac tristique vel, iaculis nec odio. Morbi a massa massa. Vivamus et augue vel enim tristique mattis a quis lacus. Vestibulum ante ipsum primis in faucibus orci luctus et ultrices posuere cubilia Curae;",
  "title": "Document 3-1-2-2-2",
  "__meta": {
    "updateId": -1810257360,
    "cdate": 1501428282130,
    "cuser": "cn=Al Mass,o=DARWINO",
    "mdate": 1501428296240,
    "replicaId": "85257FB8005090FB",
    "changes": "srEB",
    "muser": "cn=Al Mass,o=DARWINO",
    "seqId": 1
  }
}