{
  "form": "CompanyDocument",
  "_parentid": "FF71517EA746BDFF8525816D0054AAB4",
  "document": "Suspendisse metus purus, sagittis eu pharetra eget, sollicitudin eget erat. Suspendisse sed quam vel est aliquet pretium. Nam viverra lacus eget enim elementum id commodo dolor tempus. Donec interdum ullamcorper tempor. Ut eu consectetur nulla. Aenean sed ante ac urna posuere facilisis. Phasellus sed lectus felis, vel venenatis lorem. Sed leo diam, aliquet consequat aliquam id, tincidunt varius mi. Maecenas pellentesque dolor eu tellus venenatis adipiscing. Donec viverra placerat magna sed vulputate. Etiam malesuada purus nec nisl scelerisque sit amet semper ipsum sodales. Vestibulum a magna urna, sit amet sagittis metus. Aenean magna ante, consequat sodales tristique non, elementum in mauris. Morbi luctus laoreet urna, non hendrerit diam tempor sit amet. Ut tempor, enim id tempor consequat, nisi turpis posuere elit, at aliquet mi elit nec massa. Phasellus cursus volutpat neque, quis facilisis diam adipiscing eget. Nunc velit augue, ornare non elementum in, lacinia quis urna. Aliquam erat volutpat. Donec eu enim quis ipsum consequat ultricies. Aliquam id pharetra quam.",
  "title": "Document 4-2-1-4-1",
  "__meta": {
    "updateId": -1810242030,
    "cdate": 1501428287250,
    "cuser": "cn=Al Mass,o=DARWINO",
    "mdate": 1501428311570,
    "replicaId": "85257FB8005090FB",
    "changes": "d8tB",
    "muser": "cn=Al Mass,o=DARWINO",
    "seqId": 1
  }
}