{
  "form": "CompanyDocument",
  "_parentid": "9D220F3147EC3BD58525816D0054B6E8",
  "document": "Integer sed iaculis dolor. Morbi rhoncus, eros eget venenatis facilisis, leo elit ultricies dolor, sed hendrerit eros justo vitae nisl. Sed vehicula felis id justo posuere eu auctor velit accumsan. Donec feugiat gravida elit, a commodo purus tristique convallis. Mauris lacinia euismod sapien eget gravida. Maecenas sed justo dui, a ultricies diam. Curabitur eu ante congue purus suscipit accumsan. Donec scelerisque, eros eu faucibus porttitor, velit ante venenatis tortor, et dapibus eros augue nec enim. Curabitur a urna vel nibh volutpat porta. Pellentesque consequat, sapien et condimentum placerat, lacus velit laoreet velit, vel egestas erat nulla ac metus. Duis imperdiet molestie laoreet. Vivamus laoreet aliquet felis, ut scelerisque diam elementum non. Maecenas auctor, ipsum vel pretium adipiscing, mi tortor fringilla neque, at faucibus lorem dui quis lorem.\n\nUt dictum massa id ante viverra lacinia. Vestibulum id risus lectus, in congue urna. Quisque feugiat mi in mauris blandit eu euismod neque mollis. Integer sollicitudin aliquam nunc non malesuada. Aliquam erat volutpat. Cras aliquet, urna sed mattis congue, lorem nunc tincidunt elit, sed pharetra diam ipsum non risus. Etiam pretium tempor luctus. Fusce porttitor, nulla vitae convallis pellentesque, leo odio pharetra felis, vitae molestie dolor elit a arcu. Aenean augue risus, ultricies non porttitor non, accumsan nec metus. Donec sit amet velit nisl. Integer suscipit eros non nisl auctor ut accumsan augue pretium. Nullam rhoncus orci dictum leo pretium faucibus. Praesent condimentum accumsan leo, eget pulvinar nisl blandit eget. Pellentesque imperdiet posuere nulla ut porta. Nunc commodo condimentum nulla vulputate tempus. Donec vel magna diam, vel aliquet quam. Proin sollicitudin sodales massa non tincidunt.",
  "title": "Document 3-4-1-1-4",
  "__meta": {
    "updateId": -1810148370,
    "cdate": 1501428318520,
    "cuser": "cn=Al Mass,o=DARWINO",
    "mdate": 1501428405230,
    "replicaId": "85257FB8005090FB",
    "changes": "ugEe",
    "muser": "cn=Al Mass,o=DARWINO",
    "seqId": 1
  }
}