{
  "form": "CompanyDocument",
  "_parentid": "110DAA70179EF08E8525816D0054A98F",
  "document": "Integer sed convallis enim. Vestibulum augue odio, convallis at blandit at, gravida ac felis. Aliquam purus est, consectetur sed facilisis scelerisque, aliquet sed lectus. Nullam ut scelerisque arcu. Praesent eget est nec metus rhoncus viverra non pretium eros. Proin sed lorem et diam varius iaculis. Donec consectetur imperdiet dignissim. Cum sociis natoque penatibus et magnis dis parturient montes, nascetur ridiculus mus. Integer cursus augue id nunc vulputate vestibulum. Etiam vel dui nec ante hendrerit consequat. Sed nec metus nec mauris mattis placerat nec a tortor. Pellentesque habitant morbi tristique senectus et netus et malesuada fames ac turpis egestas.\n\nVestibulum quis mattis felis. Mauris nec magna eu metus gravida aliquet. Quisque a viverra lorem. Nulla facilisi. Cras nibh purus, luctus sit amet tempus in, condimentum vitae nibh. Curabitur a arcu at lectus convallis laoreet. Cras vel tortor massa. Mauris a molestie tellus. Proin mollis cursus arcu venenatis adipiscing. Sed adipiscing magna a ligula iaculis mattis. Nullam tempus molestie tortor, eu tempus ipsum ornare vel. Morbi sed augue eu massa pulvinar porttitor vitae id velit.\n\nSed gravida dapibus augue non luctus. Cum sociis natoque penatibus et magnis dis parturient montes, nascetur ridiculus mus. Vestibulum odio orci, dictum id venenatis quis, laoreet id lacus. Morbi gravida tristique ante sed pharetra. Duis semper ligula non tortor ornare in luctus arcu malesuada. Aenean ornare nunc vel sem egestas ornare. Curabitur faucibus porta nibh, at tristique tortor convallis eget. Integer congue leo lacinia ante lacinia vitae fringilla arcu tempor. Nunc ullamcorper hendrerit magna ornare ultricies. Nam pulvinar metus commodo eros placerat a fringilla ipsum imperdiet. Praesent volutpat tempor ligula, sed venenatis felis sodales eu. Integer at orci dolor, vitae interdum metus. Duis aliquet lectus est. Maecenas in erat ante, sed hendrerit justo. Phasellus ac sapien id risus tincidunt tempor. Praesent blandit elementum purus, nec commodo magna tempor ut.",
  "title": "Document 5-1-2-1",
  "__meta": {
    "updateId": -1810250800,
    "cdate": 1501428284320,
    "cuser": "cn=Al Mass,o=DARWINO",
    "mdate": 1501428302800,
    "replicaId": "85257FB8005090FB",
    "changes": "fvLK",
    "muser": "cn=Al Mass,o=DARWINO",
    "seqId": 1
  }
}