{
  "form": "CompanyDocument",
  "_parentid": "6897EFD44AEEADB18525816D0054B117",
  "document": "Mauris vel diam vel velit consequat imperdiet. In tincidunt faucibus bibendum. Curabitur tellus enim, mollis ut dapibus laoreet, posuere in metus. Nam vel est mauris, vel cursus sem. Nullam imperdiet pulvinar nulla in commodo. Pellentesque ac ligula in ipsum tempor sollicitudin. Donec eget justo neque. Nulla facilisi. Fusce commodo lacinia tellus dictum pulvinar. In dui justo, placerat eget eleifend vehicula, viverra vitae augue. Fusce sollicitudin mi vel est facilisis pulvinar. Praesent urna lorem, varius a posuere eget, sagittis at mauris. Donec et erat turpis, non bibendum magna. Vestibulum ac eros lacus. Nam tristique leo ac orci placerat porttitor. Vestibulum a erat nec est tempus consequat et id sem. Ut vitae massa nisi. Phasellus feugiat blandit lacus, eget imperdiet lorem vestibulum a.\n\nAenean erat enim, aliquet vitae accumsan non, laoreet eu felis. Praesent dictum tellus id ipsum auctor eu cursus ante rhoncus. Nunc tellus arcu, porta vulputate ullamcorper in, posuere dictum massa. Cras placerat, tortor id pharetra ultrices, erat sem ornare dui, quis bibendum lacus ipsum non arcu. Aliquam gravida velit eu turpis molestie bibendum. Nunc vehicula lacinia nibh ut dapibus. Lorem ipsum dolor sit amet, consectetur adipiscing elit. Pellentesque nisl lorem, lacinia porta molestie vel, auctor at risus. Phasellus venenatis condimentum erat, eu ultricies ligula egestas sit amet. Etiam et blandit lorem. Sed aliquet posuere porta. Curabitur ultrices libero a quam commodo mattis. Aliquam erat volutpat. In scelerisque porta aliquet. In laoreet mauris at lectus malesuada sodales a sit amet quam.\n\nDonec dignissim risus at orci pretium bibendum. Proin pellentesque leo non sapien luctus a dictum diam tempus. Donec in sapien lectus, condimentum faucibus sem. Morbi luctus felis nisi, ut mollis turpis. Nunc rhoncus metus et mi viverra hendrerit. Mauris ut libero cursus tortor tempor malesuada. Nam id molestie urna. Nam semper, ante ac lacinia bibendum, nibh libero lobortis massa, in tincidunt mi dui molestie elit. Phasellus consequat lectus vel elit malesuada convallis. Phasellus elementum, nulla in blandit suscipit, neque mauris laoreet leo, nec lacinia nunc augue eget libero. Donec nisl sem, malesuada ac auctor vitae, congue et massa. Morbi risus eros, consectetur ac congue quis, pharetra vitae enim. Lorem ipsum dolor sit amet, consectetur adipiscing elit. Suspendisse molestie ligula non odio lobortis in pretium augue accumsan.",
  "title": "Document 1-1-1-2",
  "__meta": {
    "updateId": -1810193000,
    "cdate": 1501428303620,
    "cuser": "cn=Al Mass,o=DARWINO",
    "mdate": 1501428360600,
    "replicaId": "85257FB8005090FB",
    "changes": "x89X",
    "muser": "cn=Al Mass,o=DARWINO",
    "seqId": 1
  }
}