{
  "form": "CompanyDocument",
  "_parentid": "6897EFD44AEEADB18525816D0054B117",
  "document": "Nunc ac tortor id libero euismod vehicula vitae ac orci. Vivamus hendrerit lobortis ligula vel molestie. Vestibulum semper orci sed orci tincidunt sit amet tincidunt erat vulputate. Nulla eu odio sed nisi interdum molestie. Vestibulum hendrerit eros scelerisque orci mattis consequat. Sed tristique velit nec quam adipiscing eu ultrices lorem facilisis. Cum sociis natoque penatibus et magnis dis parturient montes, nascetur ridiculus mus. Donec mollis hendrerit massa non euismod. Pellentesque habitant morbi tristique senectus et netus et malesuada fames ac turpis egestas. Nunc a erat metus. Sed placerat, justo sed pretium mattis, arcu dolor dapibus ligula, eu convallis massa diam eu quam. Nulla tempor ultrices arcu, vel bibendum libero lobortis quis.\n\nUt elit ipsum, dapibus id vulputate a, pretium condimentum justo. Nulla et nisi at turpis venenatis tincidunt. Morbi imperdiet libero eu odio molestie consectetur. Proin ornare placerat ligula eget adipiscing. Etiam sed est ligula. Cras porta lorem non tellus consequat eget vulputate felis tristique. Ut posuere, est non faucibus faucibus, ipsum sapien vulputate velit, vitae dapibus dolor lectus in lacus. Suspendisse non dui tortor, quis dignissim libero. Aenean sit amet aliquam lacus. Donec interdum imperdiet erat non consequat. Nunc consequat arcu ac elit sagittis dignissim. Quisque eros erat, tempus sed venenatis id, eleifend vitae tortor. Aliquam erat volutpat. Vivamus facilisis placerat odio, nec mollis dolor tristique sed. Donec lobortis lacus eu nisl porttitor volutpat eget sed diam. Suspendisse et adipiscing leo. Duis id mi lacus, sit amet mollis nunc. Aenean et sodales tellus. Praesent ullamcorper diam non nisl bibendum a malesuada turpis bibendum.\n\nPraesent ullamcorper molestie diam, vitae sodales ipsum aliquam vitae. Curabitur nulla justo, condimentum in imperdiet quis, fermentum sed quam. Vestibulum mollis velit et quam fringilla accumsan. Morbi hendrerit varius est, vel cursus odio faucibus quis. Class aptent taciti sociosqu ad litora torquent per conubia nostra, per inceptos himenaeos. Proin posuere dui a elit aliquet aliquam. Sed eu varius nisi. Maecenas sapien risus, sollicitudin eu volutpat sed, luctus in ipsum. Cum sociis natoque penatibus et magnis dis parturient montes, nascetur ridiculus mus. Aenean sagittis congue mauris non pulvinar. Ut cursus lacinia placerat. Vestibulum mollis justo sed ipsum pretium vitae varius urna malesuada.\n\nEtiam sed sapien sapien, id varius tellus. Donec orci enim, porttitor ac tempor euismod, dictum ut sem. Donec at nisi lacus, in malesuada sapien. Duis egestas tempor laoreet. Donec consequat iaculis lectus quis eleifend. Morbi sagittis lacus non lectus volutpat sodales. Nunc lacinia varius tempor. Nunc diam diam, vulputate in feugiat vel, faucibus at lectus. Donec feugiat convallis est, in fermentum nunc iaculis in. Aliquam at leo enim, in semper mauris. Proin ultricies fermentum nunc eget lacinia. Integer condimentum fermentum mauris. Mauris vehicula, lacus eu gravida imperdiet, dui sapien dapibus tortor, eget feugiat mi arcu sit amet enim. Suspendisse potenti. Morbi urna quam, suscipit id adipiscing in, volutpat at turpis. In sagittis, sapien vitae sagittis scelerisque, nisl velit tincidunt urna, consequat tincidunt urna ligula at sem. In semper nisl nec massa gravida ac fringilla quam elementum.",
  "title": "Document 1-1-1-1",
  "__meta": {
    "updateId": -1810193060,
    "cdate": 1501428303600,
    "cuser": "cn=Al Mass,o=DARWINO",
    "mdate": 1501428360540,
    "replicaId": "85257FB8005090FB",
    "changes": "jvHP",
    "muser": "cn=Al Mass,o=DARWINO",
    "seqId": 1
  }
}