{
  "firstname": "Troy",
  "comments": "<font size=\"2\" face=\"sans-serif\">The green desk is investigating a municipal bowl</font><br />\r\n<font size=\"2\" face=\"sans-serif\">A golden fork plans to cease fire against the tall pen</font>",
  "homephone": "(219) 243-1554",
  "city": "Stroudsburg",
  "sex": "M",
  "picture": "http://www.gravatar.com/avatar/3317bbaca94d3f8d83c47e441dc73710?d=retro",
  "lastname": "Melton",
  "__meta": {
    "updateId": -1810135370,
    "cdate": 1501428323430,
    "cuser": "cn=Al Mass,o=DARWINO",
    "mdate": 1501428418230,
    "replicaId": "85257FB8005090FB",
    "changes": "Lg4u",
    "muser": "cn=Al Mass,o=DARWINO",
    "seqId": 2
  },
  "zipcode": "18360",
  "form": "Contact",
  "street": "167 Spring Street",
  "firstcontact": "2013-11-07T16:39:27.000-05:00",
  "workphone": "(634) 540-1632",
  "mobilephone": "(635) 673-1447",
  "company": "Bioholding",
  "state": "PA",
  "card": "<img src=\"$document-attachment/Card%7C%7Cinline-0.84.gif\" width=\"80\" height=\"80\" /><br />\r\n<font size=\"2\" face=\"sans-serif\"><b>Name</b></font><font size=\"2\" face=\"sans-serif\">: Troy Melton</font><br />\r\n<font size=\"2\" face=\"sans-serif\"><b>EMail</b></font><font size=\"2\" face=\"sans-serif\">: tmelton@darwino.com</font><br />\r\n<font size=\"2\" face=\"sans-serif\"><b>Company</b></font><font size=\"2\" face=\"sans-serif\">: Bioholding</font>",
  "email": "tmelton@darwino.com"
}