{
  "form": "CompanyDocument",
  "_parentid": "0E3C5E0C0BF209698525816D0054AE1A",
  "document": "Nunc nec tincidunt sapien. Suspendisse varius semper erat lobortis rutrum. In imperdiet porta lacinia. Donec tincidunt ullamcorper turpis, ac convallis mauris dignissim non. Sed posuere ligula justo. Pellentesque tristique est et nibh sollicitudin nec vehicula orci vulputate. Etiam nec lorem augue, sit amet convallis justo. Fusce quis metus id mi lacinia porttitor. Sed quis eros lacus. Nulla scelerisque blandit consequat. Curabitur dictum massa et dolor tristique tincidunt. Nulla facilisi. Cras tristique leo leo, id auctor magna. Duis iaculis imperdiet nulla, in sagittis justo malesuada sit amet. Morbi fringilla lacinia magna in gravida. Pellentesque vulputate pretium aliquet.\n\nMorbi sapien leo, semper a volutpat in, faucibus sed tortor. Fusce ornare neque eu leo semper egestas. Aliquam sollicitudin interdum iaculis. Nam pulvinar malesuada lorem, vel volutpat dui fermentum varius. Pellentesque at enim nec odio ultrices tristique. Proin at iaculis est. Pellentesque tempor, diam eu feugiat pellentesque, ante libero bibendum ligula, non mollis lacus massa quis mi. Ut laoreet adipiscing nunc. Mauris elementum nulla at nisi pharetra a molestie turpis scelerisque. In a nisi non augue pretium varius ultrices quis arcu. Suspendisse felis mauris, lacinia at pellentesque et, molestie sit amet neque. Maecenas quis erat tellus. Vivamus id mi dolor, eu luctus sapien. Integer fringilla, nibh nec bibendum adipiscing, mauris nibh egestas urna, nec pulvinar ligula justo ut dui. Mauris vel ipsum mauris. Nam quis arcu vel risus ultricies dignissim et vel mauris. Pellentesque a neque quis augue posuere sodales vitae sed odio.\n\nAliquam nibh orci, accumsan ornare posuere quis, luctus pharetra tortor. Duis scelerisque neque quis ligula posuere tempus ac non urna. Nulla sed fringilla dui. In eget nisl urna, a ullamcorper magna. Class aptent taciti sociosqu ad litora torquent per conubia nostra, per inceptos himenaeos. Praesent porttitor scelerisque neque, non laoreet nisi adipiscing ut. Suspendisse potenti. Donec ultrices turpis nec sapien dapibus id porttitor turpis accumsan. Proin ultrices rhoncus lectus, at pretium nisl lobortis sit amet. Aliquam ut ligula iaculis risus pretium hendrerit vitae feugiat dolor. Duis eget nulla elit. Donec posuere tempus felis, ut vestibulum magna euismod at. Etiam nec nisl et turpis pellentesque posuere eu id orci. Integer neque felis, semper mollis vehicula at, ornare facilisis eros. Pellentesque habitant morbi tristique senectus et netus et malesuada fames ac turpis egestas. Aliquam mollis mollis purus sed viverra.",
  "title": "Document 1-3",
  "__meta": {
    "updateId": -1810215160,
    "cdate": 1501428296220,
    "cuser": "cn=Al Mass,o=DARWINO",
    "mdate": 1501428338440,
    "replicaId": "85257FB8005090FB",
    "changes": "UMZa",
    "muser": "cn=Al Mass,o=DARWINO",
    "seqId": 1
  }
}