{
  "form": "CompanyDocument",
  "_parentid": "0DEE6D08559EB5898525816D0054A6E2",
  "document": "Suspendisse ultrices aliquet orci, at dapibus nibh blandit ac. Sed euismod dictum molestie. Etiam leo massa, vestibulum nec fermentum vitae, iaculis ac est. Vivamus nisl urna, porta vel viverra eu, dictum at justo. Nullam eu augue pretium leo eleifend porta. Vestibulum et sem quis magna posuere blandit a at odio. Proin blandit feugiat lorem vel interdum. Nam varius fringilla ipsum condimentum interdum. Donec enim nulla, sodales eu convallis sed, sagittis quis tortor. In dolor nulla, vestibulum at faucibus ornare, imperdiet non odio. Donec vestibulum elementum felis, eget gravida turpis tristique at. Nulla porta nulla sed diam faucibus porta. Vestibulum adipiscing nunc vel dolor vestibulum non mattis metus eleifend. Vivamus ultrices accumsan lorem, et fermentum libero vestibulum at. Ut orci elit, eleifend aliquam egestas vel, vestibulum in dui. Morbi in nisl in urna tincidunt euismod. Vestibulum molestie arcu ut nunc tincidunt non facilisis arcu consectetur.\n\nPhasellus eu nunc nec ante ultrices pellentesque nec vitae ante. Etiam vitae orci faucibus ante dapibus cursus ac quis erat. Integer id ultrices velit. In non leo vitae lacus hendrerit egestas id et libero. Mauris erat nulla, fermentum et vestibulum ac, sollicitudin ut ante. In tincidunt dolor sit amet sem pulvinar et bibendum ipsum sagittis. Morbi mollis libero sit amet libero vulputate et ornare enim tempor. Praesent euismod, mi et laoreet mollis, dui ante pulvinar justo, at fringilla massa lorem at est. Pellentesque habitant morbi tristique senectus et netus et malesuada fames ac turpis egestas. Vestibulum non magna arcu, ac molestie erat. Nulla facilisi. Maecenas mollis aliquam justo sit amet varius. Curabitur et libero quis risus aliquam egestas sit amet id metus. Pellentesque nunc ligula, sodales sit amet semper id, fringilla non enim.\n\nDonec at magna lectus. Vestibulum placerat magna vitae nibh placerat rhoncus. Vestibulum lobortis hendrerit nibh eget tristique. Integer vestibulum erat quis quam facilisis ut euismod mi luctus. Maecenas mollis faucibus ligula vel convallis. Praesent commodo purus at sapien aliquam vel lacinia eros accumsan. Nulla ligula magna, condimentum vulputate porta in, dictum vel sapien. Nunc nec neque in turpis dapibus luctus. Aenean mauris sapien, feugiat sit amet lacinia id, molestie id nunc. Mauris eget malesuada nibh. Praesent elementum bibendum pulvinar. Maecenas lobortis purus eu massa hendrerit tristique. Maecenas vel ipsum sem, ultrices hendrerit nunc. Etiam cursus porta odio, id ullamcorper turpis accumsan at.",
  "title": "Document 2-2-3-3-2",
  "__meta": {
    "updateId": -1810271280,
    "cdate": 1501428277480,
    "cuser": "cn=Al Mass,o=DARWINO",
    "mdate": 1501428282320,
    "replicaId": "85257FB8005090FB",
    "changes": "DOeX",
    "muser": "cn=Al Mass,o=DARWINO",
    "seqId": 1
  }
}