{
  "form": "CompanyDocument",
  "_parentid": "2D20DBFFA8EE28C98525816D0054B6AB",
  "document": "Proin a nunc diam, a faucibus dui. Curabitur tincidunt erat in mauris dignissim imperdiet. Morbi lacinia gravida augue sit amet elementum. Ut mattis, purus ut viverra consequat, justo nulla tristique lacus, a ultrices enim purus sed orci. Praesent est ante, pulvinar tempor dictum et, rhoncus ultricies libero. Fusce mauris nisi, suscipit non scelerisque quis, lobortis congue dui. Donec luctus placerat tellus, id laoreet arcu accumsan quis. Nullam ullamcorper porttitor pulvinar. Quisque lorem nibh, dictum ut tincidunt nec, sollicitudin in leo. Aenean libero erat, venenatis quis scelerisque nec, gravida ut purus. Vivamus sed libero sit amet leo pellentesque viverra eu eu tortor. In massa elit, pharetra vel lobortis id, consequat a lectus. Vivamus tincidunt viverra neque id dictum. Morbi vitae est tortor. Pellentesque habitant morbi tristique senectus et netus et malesuada fames ac turpis egestas. Sed non magna purus, et gravida nulla.",
  "title": "Document 2-1-3-3",
  "__meta": {
    "updateId": -1810150170,
    "cdate": 1501428317920,
    "cuser": "cn=Al Mass,o=DARWINO",
    "mdate": 1501428403430,
    "replicaId": "85257FB8005090FB",
    "changes": "DEqT",
    "muser": "cn=Al Mass,o=DARWINO",
    "seqId": 1
  }
}