{
  "form": "CompanyDocument",
  "_parentid": "A197D67BFB64F6518525816D0054AF87",
  "document": "Pellentesque habitant morbi tristique senectus et netus et malesuada fames ac turpis egestas. Aenean mauris ante, luctus sit amet aliquam eu, vehicula at felis. Maecenas vitae lacus sit amet nisl imperdiet venenatis. Nunc pharetra urna et purus interdum consequat fringilla enim porttitor. Ut ornare, ligula eu semper mollis, elit tellus euismod nulla, in condimentum risus erat vitae felis. Nam vitae risus dictum libero tristique sodales at ac lorem. Morbi gravida ultrices elit, quis eleifend erat fringilla eget. Sed vel hendrerit dolor. In sagittis cursus est, eget luctus metus facilisis at. Suspendisse mattis, lorem at volutpat molestie, arcu tellus molestie ante, at tincidunt mi erat quis metus. Nulla leo est, convallis volutpat viverra fermentum, imperdiet vitae sapien. Proin pellentesque turpis a felis egestas id eleifend odio tempus.\n\nCurabitur a neque ipsum. Nullam purus ante, pellentesque sit amet venenatis bibendum, dignissim vitae felis. Nunc sed sapien luctus ligula aliquam lacinia. Vivamus massa mauris, feugiat quis convallis vitae, volutpat sed lacus. Suspendisse eget nunc est. Etiam porta velit at risus faucibus posuere. Phasellus faucibus tempor ipsum ut molestie. Vivamus rhoncus, odio id laoreet fringilla, enim sem egestas augue, aliquam ultricies risus enim eu purus. Morbi adipiscing luctus libero eu eleifend. Sed felis diam, luctus non molestie eget, dignissim facilisis velit. Morbi mollis, magna at semper laoreet, dui felis consectetur libero, ac interdum velit diam id nulla. Phasellus mollis, metus in pretium aliquet, diam erat egestas eros, id commodo mauris elit id felis. Quisque porta lorem vitae orci congue interdum. Curabitur ornare augue ut orci auctor sed hendrerit tortor pretium.\n\nNunc eu erat eu nisi consectetur tincidunt at et elit. Fusce non nulla ut turpis rhoncus accumsan. Nunc eleifend lacinia elit vitae faucibus. Aenean iaculis imperdiet ligula, ut consequat orci interdum nec. Vestibulum pretium felis sit amet enim aliquam euismod. Suspendisse eget nisl erat. Etiam tempus malesuada eros, eu consectetur tortor venenatis et. Sed in dolor et massa condimentum dictum. Phasellus at dolor nec nulla pharetra tempus. Morbi fringilla, urna et aliquam commodo, erat ligula aliquam diam, nec congue ligula sapien ut mauris. Curabitur suscipit auctor lectus vel interdum. Maecenas in dui ipsum. Nulla sollicitudin mauris in lorem feugiat tempor. Nam tincidunt neque ut arcu egestas volutpat. Integer eleifend mi id turpis accumsan aliquet tempor nisi commodo. Aliquam sed ligula eget erat pellentesque sollicitudin ac eu ante. Nulla at ligula libero, sit amet placerat erat. In scelerisque iaculis ligula vitae mattis.\n\nEtiam a aliquam libero. Nulla et lacus lorem, sit amet vehicula enim. Nam mi arcu, sollicitudin nec vehicula ac, feugiat nec lectus. Nullam aliquam interdum laoreet. Mauris laoreet fringilla tellus, rutrum malesuada orci elementum vel. Donec varius, quam eu sollicitudin lacinia, tellus elit viverra enim, id fermentum odio nisi eu dui. In hac habitasse platea dictumst. Mauris adipiscing, dolor non ultrices tincidunt, dui mauris ultricies tortor, congue ultrices augue metus quis leo. Etiam a luctus sem. Ut gravida felis sit amet neque bibendum sollicitudin. Etiam vitae sapien eu odio dictum scelerisque. Vestibulum est nulla, porttitor at tincidunt non, tincidunt non risus. Integer sit amet justo eget tellus laoreet interdum vel quis tellus. Fusce molestie nunc nec lacus aliquet quis vestibulum ipsum tempor. Sed fermentum leo eget dui hendrerit feugiat. Ut id tortor lorem, quis porta sapien. Fusce a nisi faucibus enim auctor dapibus. In iaculis blandit arcu, a imperdiet justo sagittis eu. Fusce tristique, magna nec venenatis volutpat, tortor massa semper mauris, a semper mauris dolor viverra nisl. Pellentesque eu ligula ac sapien semper ultrices.",
  "title": "Document 4-1-3-2",
  "__meta": {
    "updateId": -1810204970,
    "cdate": 1501428299620,
    "cuser": "cn=Al Mass,o=DARWINO",
    "mdate": 1501428348630,
    "replicaId": "85257FB8005090FB",
    "changes": "3gha",
    "muser": "cn=Al Mass,o=DARWINO",
    "seqId": 1
  }
}