{
  "form": "CompanyDocument",
  "_parentid": "C8BB0BA1DC37B3718525816D0054B413",
  "document": "Phasellus massa risus, lobortis quis mollis a, hendrerit vel metus. Vestibulum malesuada, lacus ac facilisis viverra, augue tellus gravida ante, ut pretium sem augue in turpis. Pellentesque rhoncus luctus mauris, nec scelerisque mi convallis ut. Pellentesque convallis rutrum lacinia. Nulla venenatis elit quis lorem posuere fermentum sagittis elit ultrices. Aenean condimentum dapibus pretium. Morbi nec metus augue, ac mattis ligula. Morbi sed libero massa, eu condimentum arcu. Praesent nec felis sit amet lacus egestas dictum. Sed quis augue eros.\n\nQuisque malesuada faucibus pharetra. Phasellus placerat, nulla id gravida tincidunt, libero mi aliquet nisl, eu fermentum arcu neque ac elit. Ut eget mauris sed mauris hendrerit varius. Nam nec tellus turpis. Vivamus porta sodales risus, et ornare lorem dapibus vel. Praesent leo tellus, tempor eget congue quis, adipiscing id nulla. Nulla dolor lacus, lobortis sit amet condimentum et, laoreet in dui. Morbi leo ipsum, faucibus a auctor vitae, accumsan in nulla. Aenean gravida, purus eget euismod aliquam, velit magna varius dui, at suscipit magna est id neque. Donec venenatis porttitor eros non facilisis. Integer at dolor eros. Nullam fermentum arcu in purus luctus consectetur. Nulla vel dolor et libero fringilla aliquam. Morbi ut faucibus ligula. Nam at vulputate nulla. Donec nisl dui, commodo a tempor ut, malesuada vitae leo. Mauris eleifend tristique varius.\n\nEtiam cursus egestas tortor, sed pharetra ligula fringilla id. Praesent varius adipiscing placerat. Donec leo orci, porta in ornare sit amet, fermentum id nulla. Nam magna sapien, bibendum a ultrices sed, vestibulum in augue. Pellentesque ut lorem vitae ante malesuada consequat et eu nisl. Aliquam aliquam hendrerit erat ac interdum. Maecenas dui nisi, eleifend eu pellentesque eget, ullamcorper at ipsum. Donec vel volutpat nisl. Nulla aliquet est vel eros iaculis ut rhoncus ante accumsan. Etiam tellus orci, placerat ac auctor sit amet, mattis eu elit.",
  "title": "Document 4-3-1-2",
  "__meta": {
    "updateId": -1810170020,
    "cdate": 1501428311290,
    "cuser": "cn=Al Mass,o=DARWINO",
    "mdate": 1501428383580,
    "replicaId": "85257FB8005090FB",
    "changes": "bjbd",
    "muser": "cn=Al Mass,o=DARWINO",
    "seqId": 1
  }
}