{
  "form": "CompanyDocument",
  "_parentid": "B0F0F0735DC10BCF8525816D0054A63F",
  "document": "Quisque malesuada faucibus pharetra. Phasellus placerat, nulla id gravida tincidunt, libero mi aliquet nisl, eu fermentum arcu neque ac elit. Ut eget mauris sed mauris hendrerit varius. Nam nec tellus turpis. Vivamus porta sodales risus, et ornare lorem dapibus vel. Praesent leo tellus, tempor eget congue quis, adipiscing id nulla. Nulla dolor lacus, lobortis sit amet condimentum et, laoreet in dui. Morbi leo ipsum, faucibus a auctor vitae, accumsan in nulla. Aenean gravida, purus eget euismod aliquam, velit magna varius dui, at suscipit magna est id neque. Donec venenatis porttitor eros non facilisis. Integer at dolor eros. Nullam fermentum arcu in purus luctus consectetur. Nulla vel dolor et libero fringilla aliquam. Morbi ut faucibus ligula. Nam at vulputate nulla. Donec nisl dui, commodo a tempor ut, malesuada vitae leo. Mauris eleifend tristique varius.\n\nNulla sed augue lectus. Suspendisse ut vehicula leo. Nam tellus nisl, ultricies ac bibendum sit amet, pellentesque et ipsum. Suspendisse vitae ipsum arcu, a volutpat neque. Morbi velit tellus, ornare sed aliquet et, rutrum non metus. Etiam sagittis elementum accumsan. Morbi facilisis, arcu posuere fermentum posuere, nibh mauris blandit nisl, sit amet rhoncus tellus justo ultricies dui. Nunc orci neque, tristique vel vehicula a, tempor eget arcu. Aliquam non mattis nisi. Nunc metus dolor, fringilla at egestas et, congue nec purus. Suspendisse tempus ultrices augue nec pellentesque. Lorem ipsum dolor sit amet, consectetur adipiscing elit. Integer facilisis volutpat leo a viverra. Aenean sagittis elementum mattis. Ut imperdiet nisi eu lectus ultrices ullamcorper. Aliquam eget lacus ut felis imperdiet auctor. Aliquam eu metus in diam eleifend elementum. Vestibulum quis sagittis enim. Duis venenatis vehicula suscipit.\n\nCurabitur feugiat dui non nulla pulvinar vitae facilisis quam elementum. Sed feugiat dapibus neque, quis laoreet quam volutpat et. Maecenas auctor hendrerit elit nec pulvinar. Maecenas et ligula eros. Vestibulum dictum mi vel lorem placerat eget euismod nisi feugiat. Pellentesque habitant morbi tristique senectus et netus et malesuada fames ac turpis egestas. Cum sociis natoque penatibus et magnis dis parturient montes, nascetur ridiculus mus. Vivamus vitae quam nec leo suscipit ornare. Proin nisl sapien, sagittis vel tristique eu, tempor in arcu. Donec a massa sem, id semper ligula. Donec mi enim, condimentum et laoreet ut, gravida fringilla ante. Aenean nulla ante, rhoncus blandit vulputate vel, porta hendrerit quam. Nunc dui justo, rutrum ut commodo at, cursus eget augue.\n\nPraesent aliquam mi leo, eu faucibus ligula. Donec ornare porttitor enim ut sollicitudin. Nullam laoreet, purus nec cursus accumsan, leo velit interdum arcu, vitae viverra mauris nisl vel ipsum. Nam pharetra gravida tempor. Cras ut tincidunt lacus. Duis porta malesuada tellus, quis semper odio feugiat vel. Nam sollicitudin fermentum libero sed bibendum. Vestibulum sed ornare mauris. Curabitur at massa velit. Sed eros purus, feugiat id imperdiet in, tincidunt vel dui. Morbi ornare nibh eu nunc bibendum rutrum. Suspendisse at nulla enim, et malesuada ipsum. Nulla id arcu pellentesque ante accumsan porttitor pretium et nulla.",
  "title": "Document 2-3-3-3-2",
  "__meta": {
    "updateId": -1810276160,
    "cdate": 1501428275850,
    "cuser": "cn=Al Mass,o=DARWINO",
    "mdate": 1501428277440,
    "replicaId": "85257FB8005090FB",
    "changes": "ye9l",
    "muser": "cn=Al Mass,o=DARWINO",
    "seqId": 1
  }
}