{
  "form": "CompanyDocument",
  "_parentid": "CF9EBB4E2EDC8D3E8525816D0054B780",
  "document": "Lorem ipsum dolor sit amet, consectetur adipiscing elit. Aenean iaculis adipiscing nunc, sit amet aliquam massa lobortis placerat. Aenean rhoncus, enim nec cursus sollicitudin, nibh nisi molestie mi, non dignissim magna est eu metus. Duis eget mauris sit amet felis semper semper eu at nisi. Aliquam eget nunc ut purus gravida iaculis sit amet sit amet ante. Proin iaculis nunc quis leo scelerisque eget mattis quam pharetra. Fusce turpis metus, ultricies in iaculis eu, viverra eu urna. Nullam suscipit, lacus vitae volutpat porta, felis turpis tincidunt diam, a elementum erat dui vitae eros. Morbi aliquam vestibulum erat, aliquet semper nulla venenatis at. Curabitur dapibus pharetra turpis quis congue. Cras sit amet mi lacus. Morbi consequat iaculis ipsum, et elementum ipsum posuere vel. Curabitur neque velit, pellentesque eget fringilla a, dictum nec purus. Vestibulum mollis velit at ipsum pulvinar vel ultrices velit commodo. Duis quis lacus sit amet risus porta posuere. Phasellus commodo aliquam auctor.\n\nVestibulum vehicula molestie erat, non dictum orci consectetur aliquam. Vestibulum tincidunt accumsan molestie. Praesent vehicula scelerisque interdum. Sed tristique turpis eu leo ornare vitae feugiat turpis tempor. Duis varius pellentesque rhoncus. Proin ullamcorper aliquam dolor in volutpat. Proin tincidunt adipiscing orci, eu facilisis dui mollis vitae. Suspendisse nisl turpis, fermentum ut scelerisque eget, lacinia ut lectus. Aliquam erat volutpat. Maecenas porttitor rutrum dolor sit amet blandit. Pellentesque ultrices bibendum massa, id sodales velit tempus eget. Vestibulum ante ipsum primis in faucibus orci luctus et ultrices posuere cubilia Curae; Donec vel nibh sapien, id lobortis augue. Nam vel ante posuere dui rhoncus mattis in ac odio. Proin imperdiet erat at urna vestibulum id ornare nisi ornare. Nunc sapien magna, feugiat at elementum congue, ornare vel massa. Duis a rhoncus magna. Pellentesque ornare, libero non egestas faucibus, sem ligula commodo elit, id lobortis dolor quam ut sapien.\n\nSed at odio id nunc venenatis mollis. Nunc nisi ipsum, ultrices ut bibendum vitae, tempus eu erat. Integer enim turpis, pulvinar ac vulputate at, tristique in lorem. Quisque bibendum suscipit neque. Nullam egestas facilisis placerat. Vivamus arcu arcu, euismod eget euismod malesuada, interdum eu elit. Curabitur lorem leo, sodales dapibus egestas nec, interdum eget odio. Aliquam erat volutpat. Quisque congue magna eu augue ornare cursus. Nulla ultricies, sem eget sodales porta, nunc eros tempus quam, ac rhoncus purus neque at nunc. Sed dolor lacus, vehicula sit amet venenatis at, sagittis quis nisi. Phasellus quam leo, rhoncus non facilisis ut, fringilla ac velit. Cum sociis natoque penatibus et magnis dis parturient montes, nascetur ridiculus mus. Sed semper, sem sed tempor vulputate, libero velit feugiat dolor, sodales bibendum sapien lacus non velit. Duis ante felis, gravida eu pellentesque in, semper quis mauris. Aliquam ullamcorper, ipsum vel convallis sagittis, dui arcu consequat est, in sodales velit leo sit amet mauris.\n\nSed suscipit ipsum eu nibh vehicula placerat sed nec massa. Aenean tortor mi, tristique non fringilla nec, sodales nec mauris. Nulla ac tempor est. Curabitur non orci a purus tempus rhoncus. Sed laoreet placerat turpis et scelerisque. Mauris posuere imperdiet metus, et tempus ipsum pharetra ac. Sed faucibus mi quis ante cursus a malesuada augue pulvinar. Pellentesque bibendum lacus eu turpis lacinia faucibus. Mauris porttitor commodo congue. Sed elit massa, vestibulum sit amet feugiat a, dictum at lectus. Vestibulum sem turpis, interdum quis consectetur ullamcorper, euismod sed odio. Suspendisse congue justo in dui mollis fringilla. Suspendisse lacinia nunc a sapien elementum congue. Class aptent taciti sociosqu ad litora torquent per conubia nostra, per inceptos himenaeos. Pellentesque orci dolor, accumsan sed vehicula commodo, lacinia ac turpis. Proin luctus lorem vel sapien iaculis luctus.",
  "title": "Document 2-1",
  "__meta": {
    "updateId": -1810143910,
    "cdate": 1501428320010,
    "cuser": "cn=Al Mass,o=DARWINO",
    "mdate": 1501428409690,
    "replicaId": "85257FB8005090FB",
    "changes": "vYzo",
    "muser": "cn=Al Mass,o=DARWINO",
    "seqId": 1
  }
}