{
  "form": "CompanyDocument",
  "_parentid": "23328A992FA1B2CD8525816D0054B644",
  "document": "Donec ut turpis in libero laoreet vestibulum vitae id tortor. Curabitur justo purus, egestas id mollis id, lacinia quis lorem. Vivamus nisl sapien, laoreet sed ornare quis, imperdiet volutpat enim. Nullam aliquet aliquam odio sit amet convallis. Nullam auctor leo vitae sapien sagittis sed eleifend velit fermentum. In felis eros, feugiat ac tincidunt id, consectetur quis enim. Quisque laoreet lacinia hendrerit. Phasellus fermentum volutpat erat, vitae porta turpis molestie laoreet. Suspendisse eu elit dolor, nec tempor sem. Donec tincidunt, orci sed ultricies sodales, enim velit elementum felis, eu auctor est lectus eget odio. Sed semper eros sit amet tellus pretium tincidunt.\n\nMorbi a nulla lorem. Morbi vel ligula et arcu facilisis posuere. Curabitur luctus interdum mauris, in auctor quam sagittis quis. Suspendisse potenti. Duis interdum purus eu risus pellentesque sodales. Aenean pretium consequat nulla sit amet convallis. Curabitur pharetra nibh a neque eleifend porttitor non sed metus. Morbi eleifend nisi ac arcu laoreet sagittis. Suspendisse potenti. Donec at tortor tortor, vitae condimentum felis. Aenean tincidunt est in sapien aliquet eu pharetra lacus vehicula.",
  "title": "Document 4-1-1-2-3",
  "__meta": {
    "updateId": -1810153310,
    "cdate": 1501428316870,
    "cuser": "cn=Al Mass,o=DARWINO",
    "mdate": 1501428400290,
    "replicaId": "85257FB8005090FB",
    "changes": "X9Mv",
    "muser": "cn=Al Mass,o=DARWINO",
    "seqId": 1
  }
}