{
  "form": "CompanyDocument",
  "_parentid": "3717BD9B07B555DF8525816D0054AAEB",
  "document": "In hac habitasse platea dictumst. Suspendisse potenti. Quisque rutrum risus eget nisl porta vel rutrum lorem egestas. Etiam elit nunc, cursus a gravida fringilla, aliquam ut massa. Sed nulla lorem, ornare sed tempus sit amet, tempus non dolor. Cras eget ipsum risus. Integer massa lectus, placerat eu porta vitae, vulputate consequat odio. Praesent aliquet justo eget magna aliquet placerat semper diam gravida. Donec rutrum aliquam leo in ultricies. Fusce euismod eros pretium sem sodales tempus. Sed venenatis venenatis dui ut venenatis. Nullam tempor congue nisl cursus vestibulum. In in lorem sed purus elementum congue a non turpis. Quisque at eros ligula, a elementum nisl. Morbi non tempus odio. Maecenas sapien enim, rhoncus ultrices cursus ac, pellentesque a libero.\n\nMauris sit amet tellus ac odio tempus dignissim sit amet ac sapien. Duis at pretium nisl. Nullam imperdiet suscipit gravida. Quisque mattis lectus at nibh mollis sit amet vestibulum sem imperdiet. Donec sed dui sed metus commodo fringilla in a erat. In rhoncus consectetur hendrerit. Pellentesque non purus sapien, sit amet adipiscing lacus. Cras id purus enim, sed bibendum turpis. Ut nec lectus eu tortor mollis fringilla. Cras vel lorem ligula.\n\nSed et nibh elit, in vestibulum mi. Etiam viverra, ipsum nec rhoncus convallis, massa nisl fermentum felis, id bibendum neque augue in arcu. Vivamus vel enim sem. Ut pharetra felis sed eros venenatis eu facilisis nisi mattis. Cras sed arcu risus, quis dictum libero. Quisque imperdiet luctus est nec vestibulum. Vestibulum interdum, tortor et sodales pretium, augue nunc vehicula nibh, ac dictum sem neque quis sem. Duis arcu metus, pellentesque et molestie vel, viverra in orci. Nulla libero ante, pulvinar a pretium id, pharetra a enim. Nullam id libero gravida nibh gravida faucibus eget et nulla. Phasellus quis dolor risus.",
  "title": "Document 1-1-3-1-2",
  "__meta": {
    "updateId": -1810240360,
    "cdate": 1501428287810,
    "cuser": "cn=Al Mass,o=DARWINO",
    "mdate": 1501428313240,
    "replicaId": "85257FB8005090FB",
    "changes": "ICVR",
    "muser": "cn=Al Mass,o=DARWINO",
    "seqId": 1
  }
}