{
  "form": "CompanyDocument",
  "_parentid": "E7A951B8314D1D308525816D0054B0E5",
  "document": "Donec lobortis, mauris id imperdiet faucibus, diam metus suscipit eros, non ultrices neque leo non ante. Quisque tempus malesuada purus. Mauris vulputate fermentum pretium. Curabitur mattis eros a tortor pretium a varius purus aliquet. Integer erat neque, pharetra non ullamcorper sit amet, viverra at dolor. Vestibulum ante ipsum primis in faucibus orci luctus et ultrices posuere cubilia Curae; Cras eu nunc elit, sed rutrum dolor. Aenean euismod, metus ut malesuada congue, orci turpis vestibulum dolor, ac placerat diam purus nec mi. Nullam in enim nulla, et eleifend eros. Curabitur vulputate orci eget ipsum euismod ut laoreet ipsum mattis. Duis ut quam eget urna adipiscing porta. Etiam consectetur quam molestie est congue rutrum. Nunc ac risus eu arcu euismod luctus eu id nisi. Sed vel justo eu risus rhoncus malesuada.\n\nCurabitur laoreet rhoncus sem eu egestas. Pellentesque turpis felis, sagittis a auctor vel, adipiscing vel libero. Lorem ipsum dolor sit amet, consectetur adipiscing elit. In quis pretium felis. Proin nec risus ut magna laoreet gravida. Aenean a pellentesque turpis. Class aptent taciti sociosqu ad litora torquent per conubia nostra, per inceptos himenaeos. Cras a suscipit lorem. Duis molestie justo sed ante euismod sit amet aliquet eros adipiscing. Curabitur dignissim ultricies leo et ultricies. Etiam cursus tristique diam, vel egestas purus tempus id. Pellentesque vel consequat arcu. Mauris velit arcu, bibendum sed sodales ut, euismod ac libero. Nulla congue nunc a purus ultricies imperdiet. In orci arcu, molestie a blandit convallis, hendrerit id lorem. Donec sapien tortor, tempor non elementum quis, fringilla quis est. Etiam dapibus dolor vel justo faucibus vel egestas nunc placerat. Nulla tortor sapien, volutpat id auctor at, venenatis ac metus. Phasellus malesuada dui eros. Morbi porttitor erat ac lorem volutpat ut facilisis tortor feugiat.",
  "title": "Document 3-3-3-2",
  "__meta": {
    "updateId": -1810194430,
    "cdate": 1501428303140,
    "cuser": "cn=Al Mass,o=DARWINO",
    "mdate": 1501428359170,
    "replicaId": "85257FB8005090FB",
    "changes": "_PN5",
    "muser": "cn=Al Mass,o=DARWINO",
    "seqId": 1
  }
}