{
  "firstname": "Brigitte",
  "comments": "<font size=\"2\" face=\"sans-serif\">The star was converted into the competitive treehouse</font><br />\r\n<font size=\"2\" face=\"sans-serif\">The brick collapsed on the glass, said the golden bunny</font><br />\r\n<font size=\"2\" face=\"sans-serif\">A metallic pencil allegedly spoke to the competitive griffon, reported a potato</font><br />\r\n<font size=\"2\" face=\"sans-serif\">This afternoon a competitive car rented a green soup, said a yellow star</font>",
  "homephone": "(704) 526-1550",
  "city": "Moorhead",
  "sex": "F",
  "picture": "http://www.gravatar.com/avatar/14339a22122e47d9800d7600f6e5ade3?d=retro",
  "lastname": "Buck",
  "__meta": {
    "updateId": -1810124090,
    "cdate": 1501428329070,
    "cuser": "cn=Al Mass,o=DARWINO",
    "mdate": 1501428429510,
    "replicaId": "85257FB8005090FB",
    "changes": "rzej",
    "muser": "cn=Al Mass,o=DARWINO",
    "seqId": 2
  },
  "zipcode": "56560",
  "form": "Contact",
  "street": "49 Ivy Court",
  "firstcontact": "2013-01-01T02:57:29.000-05:00",
  "workphone": "(718) 321-1687",
  "mobilephone": "(163) 811-1666",
  "company": "Y-corporation",
  "state": "MN",
  "card": "<img src=\"$document-attachment/Card%7C%7Cinline-0.84.gif\" width=\"80\" height=\"80\" /><br />\r\n<font size=\"2\" face=\"sans-serif\"><b>Name</b></font><font size=\"2\" face=\"sans-serif\">: Brigitte Buck</font><br />\r\n<font size=\"2\" face=\"sans-serif\"><b>EMail</b></font><font size=\"2\" face=\"sans-serif\">: bbuck@darwino.com</font><br />\r\n<font size=\"2\" face=\"sans-serif\"><b>Company</b></font><font size=\"2\" face=\"sans-serif\">: Y-corporation</font>",
  "email": "bbuck@darwino.com"
}