{
  "form": "CompanyDocument",
  "_parentid": "C3B0522CC47D6BC78525816D0054AFE6",
  "document": "Integer orci turpis, ullamcorper non faucibus eu, cursus in sem. Sed volutpat est a libero tincidunt ut laoreet dolor rhoncus. Cras sed eleifend velit. Ut semper urna ac mauris ultricies sed luctus dolor varius. Maecenas tincidunt nibh felis, at pulvinar orci. Duis ac scelerisque leo. Nam luctus augue non massa accumsan bibendum. Suspendisse posuere tincidunt imperdiet. Mauris aliquam ullamcorper tincidunt. Cras ultrices placerat nibh, id pulvinar lorem molestie et. Pellentesque aliquam posuere leo, at rutrum lorem vulputate eget. Aliquam luctus tortor eu risus malesuada ac rutrum justo tempus. Cras nec dignissim dolor.\n\nEtiam ac libero ipsum. Vestibulum ante ipsum primis in faucibus orci luctus et ultrices posuere cubilia Curae; Sed porttitor sollicitudin turpis in pellentesque. Suspendisse ac magna mollis erat ultrices ultrices. Etiam non quam quam. Fusce vitae sem nisl. Vivamus congue scelerisque massa, vel consectetur nisi dictum vitae. Suspendisse ipsum lacus, ultricies quis varius vitae, mollis non purus. Nunc hendrerit, turpis nec dictum facilisis, ligula nunc mollis nunc, eu tincidunt nisl ipsum ac nulla. Mauris ac est libero, in euismod ipsum. Mauris suscipit pharetra arcu non eleifend. Nunc sed neque non odio tempus ornare. Nullam a dui tincidunt dolor pretium euismod. Praesent eu nunc nisi, ut sollicitudin ligula. Proin hendrerit, justo a tempor porttitor, leo nunc placerat velit, ut sodales massa sapien eget elit.\n\nQuisque venenatis nulla nec quam porttitor congue. Phasellus a est orci. Donec adipiscing orci vitae neque congue elementum. Nunc eu tincidunt est. Vestibulum rhoncus eros a neque ultrices consectetur. Morbi vitae elit nisl, rhoncus mollis velit. Sed facilisis scelerisque ligula, eget consequat lorem cursus ac. Etiam id eros eget velit cursus iaculis eu id leo. Vestibulum congue diam non nibh luctus sollicitudin. Curabitur condimentum imperdiet lacinia. Integer vel est arcu, iaculis consequat elit. Aenean sodales placerat varius. Nullam non tortor id velit feugiat dapibus congue luctus nulla.",
  "title": "Document 5-1",
  "__meta": {
    "updateId": -1810202180,
    "cdate": 1501428300550,
    "cuser": "cn=Al Mass,o=DARWINO",
    "mdate": 1501428351420,
    "replicaId": "85257FB8005090FB",
    "changes": "nX@@",
    "muser": "cn=Al Mass,o=DARWINO",
    "seqId": 1
  }
}