{
  "form": "CompanyDocument",
  "_parentid": "0FB887320F11B8428525816D0054A6FE",
  "document": "Nunc posuere pretium turpis in auctor. Donec hendrerit, felis at imperdiet sodales, nisi dui fringilla augue, tincidunt facilisis nulla neque vitae mi. Sed suscipit felis sit amet elit dictum a congue enim gravida. Duis mattis ante nec diam vehicula sollicitudin. Ut vitae sapien et orci commodo facilisis nec ac ligula. Nunc erat tortor, elementum in molestie nec, lobortis in justo. Nam facilisis varius neque, vitae tristique augue consectetur eget. Nunc tempus libero id justo tincidunt imperdiet. Vestibulum egestas, magna eget tempus dapibus, lacus elit facilisis neque, eu gravida sem mauris sed sem. Lorem ipsum dolor sit amet, consectetur adipiscing elit. Aenean id commodo erat. Donec leo mauris, ultricies eu posuere id, rhoncus sagittis est. Class aptent taciti sociosqu ad litora torquent per conubia nostra, per inceptos himenaeos.\n\nUt dictum massa id ante viverra lacinia. Vestibulum id risus lectus, in congue urna. Quisque feugiat mi in mauris blandit eu euismod neque mollis. Integer sollicitudin aliquam nunc non malesuada. Aliquam erat volutpat. Cras aliquet, urna sed mattis congue, lorem nunc tincidunt elit, sed pharetra diam ipsum non risus. Etiam pretium tempor luctus. Fusce porttitor, nulla vitae convallis pellentesque, leo odio pharetra felis, vitae molestie dolor elit a arcu. Aenean augue risus, ultricies non porttitor non, accumsan nec metus. Donec sit amet velit nisl. Integer suscipit eros non nisl auctor ut accumsan augue pretium. Nullam rhoncus orci dictum leo pretium faucibus. Praesent condimentum accumsan leo, eget pulvinar nisl blandit eget. Pellentesque imperdiet posuere nulla ut porta. Nunc commodo condimentum nulla vulputate tempus. Donec vel magna diam, vel aliquet quam. Proin sollicitudin sodales massa non tincidunt.\n\nPellentesque tempor dapibus iaculis. Vestibulum ante ipsum primis in faucibus orci luctus et ultrices posuere cubilia Curae; Vestibulum ante ipsum primis in faucibus orci luctus et ultrices posuere cubilia Curae; Proin convallis diam ac erat ornare interdum. Nam quam mauris, auctor sed cursus fermentum, dictum nec elit. Ut est ante, pellentesque eget accumsan a, lobortis consequat tellus. Mauris aliquet, nibh in mattis accumsan, nulla augue adipiscing quam, vestibulum sodales sapien odio ac diam. Nullam urna metus, egestas at consectetur id, tempor at nisi. Suspendisse aliquet scelerisque aliquam. Cras varius ante eu enim malesuada tristique. In euismod aliquet varius. Sed ac libero erat.",
  "title": "Document 2-4-1-1",
  "__meta": {
    "updateId": -1810270470,
    "cdate": 1501428277750,
    "cuser": "cn=Al Mass,o=DARWINO",
    "mdate": 1501428283130,
    "replicaId": "85257FB8005090FB",
    "changes": "XrAI",
    "muser": "cn=Al Mass,o=DARWINO",
    "seqId": 1
  }
}