{
  "form": "CompanyDocument",
  "_parentid": "F5290A958A2B59C68525816D0054A78D",
  "document": "Aenean non leo elit, eu egestas nunc. Curabitur vel tortor massa. Suspendisse potenti. Nullam a vehicula odio. Nullam egestas nisi vel felis rhoncus facilisis quis blandit lacus. In eros quam, tempor a venenatis nec, fringilla in lacus. Suspendisse sagittis lacinia auctor. Ut viverra facilisis urna, blandit mattis purus ullamcorper non. Praesent ac leo nec augue volutpat lacinia. Curabitur tempus condimentum ornare. Ut eleifend consectetur leo ac consectetur. Integer elementum ullamcorper ultricies. Mauris et eros in turpis imperdiet pellentesque et eu lorem. Nam congue elit leo. Etiam aliquet, nulla sit amet auctor sodales, lacus arcu luctus tortor, a auctor elit lorem at urna. Nulla eleifend velit ut urna rhoncus eget bibendum nunc pretium. Sed dictum nunc ac leo volutpat faucibus.",
  "title": "Document 1-2-1-1-3",
  "__meta": {
    "updateId": -1810266130,
    "cdate": 1501428279200,
    "cuser": "cn=Al Mass,o=DARWINO",
    "mdate": 1501428287470,
    "replicaId": "85257FB8005090FB",
    "changes": "pid2",
    "muser": "cn=Al Mass,o=DARWINO",
    "seqId": 1
  }
}