{
  "firstname": "Jeannie",
  "comments": "<font size=\"2\" face=\"sans-serif\">A griffon was seen in the company of a elephant</font><br />\r\n<font size=\"2\" face=\"sans-serif\">Last Wednesday morning the gray potato threatened the sweet elephant</font>",
  "homephone": "(188) 753-1109",
  "city": "Fairfax",
  "sex": "F",
  "picture": "http://www.gravatar.com/avatar/0b22de64d856145645159153daa448bc?d=retro",
  "lastname": "Sherman",
  "__meta": {
    "updateId": -1810135450,
    "cdate": 1501428323390,
    "cuser": "cn=Al Mass,o=DARWINO",
    "mdate": 1501428418150,
    "replicaId": "85257FB8005090FB",
    "changes": "J22C",
    "muser": "cn=Al Mass,o=DARWINO",
    "seqId": 2
  },
  "zipcode": "22030",
  "form": "Contact",
  "street": "371 Clay Street",
  "firstcontact": "2014-03-27T04:26:07.000-05:00",
  "workphone": "(223) 812-1085",
  "mobilephone": "(370) 197-1498",
  "company": "Treequote",
  "state": "VA",
  "card": "<img src=\"$document-attachment/Card%7C%7Cinline-0.84.gif\" width=\"80\" height=\"80\" /><br />\r\n<font size=\"2\" face=\"sans-serif\"><b>Name</b></font><font size=\"2\" face=\"sans-serif\">: Jeannie Sherman</font><br />\r\n<font size=\"2\" face=\"sans-serif\"><b>EMail</b></font><font size=\"2\" face=\"sans-serif\">: jsherman@darwino.com</font><br />\r\n<font size=\"2\" face=\"sans-serif\"><b>Company</b></font><font size=\"2\" face=\"sans-serif\">: Treequote</font>",
  "email": "jsherman@darwino.com"
}