{
  "form": "CompanyDocument",
  "_parentid": "7BB133D75A9B66038525816D0054A9EC",
  "document": "Integer sed convallis enim. Vestibulum augue odio, convallis at blandit at, gravida ac felis. Aliquam purus est, consectetur sed facilisis scelerisque, aliquet sed lectus. Nullam ut scelerisque arcu. Praesent eget est nec metus rhoncus viverra non pretium eros. Proin sed lorem et diam varius iaculis. Donec consectetur imperdiet dignissim. Cum sociis natoque penatibus et magnis dis parturient montes, nascetur ridiculus mus. Integer cursus augue id nunc vulputate vestibulum. Etiam vel dui nec ante hendrerit consequat. Sed nec metus nec mauris mattis placerat nec a tortor. Pellentesque habitant morbi tristique senectus et netus et malesuada fames ac turpis egestas.\n\nVivamus ut nisl urna, at fringilla libero. Aenean vehicula tortor quam, vel pellentesque metus. Aliquam fringilla nulla a metus tincidunt eget consequat ante placerat. Fusce non erat at odio rutrum hendrerit vel eu metus. Cras sit amet auctor mauris. Nam id risus lorem. Morbi vel nisl enim. Nulla consectetur nulla at mi tincidunt interdum. Sed non turpis diam. Curabitur non consequat augue. Duis dictum ligula vel nulla tempus lacinia. Pellentesque feugiat tristique cursus. Nulla scelerisque iaculis scelerisque. Vivamus sodales sodales leo, eget tempus felis fermentum sit amet. Vivamus viverra gravida tellus, a semper augue vestibulum ac. Suspendisse vel erat ipsum, et pulvinar metus.\n\nVestibulum placerat ornare ultricies. Donec dapibus nisl nec urna aliquet porta. Nulla non nisi nisl. Aliquam luctus sollicitudin nisl vel imperdiet. Nullam sollicitudin commodo tempus. Mauris mattis dolor in tellus porta viverra. Phasellus dolor leo, rutrum a lobortis eget, interdum ut sem. Nam rutrum ullamcorper justo. Quisque scelerisque arcu nec sapien sagittis in tincidunt tellus tincidunt. Vivamus facilisis fringilla consequat. Suspendisse lacinia mauris eget magna placerat ornare. Nunc non dapibus purus. Vestibulum nisl justo, aliquam sed bibendum ac, suscipit at dolor. Proin varius velit vitae leo dapibus sit amet tristique tortor convallis.\n\nDonec faucibus nibh id lectus mollis tempor. Vestibulum enim sapien, lacinia vel tempus vitae, tempus vitae justo. In non lorem est. Morbi tempus magna vitae ipsum cursus mollis. Sed imperdiet consequat vestibulum. Quisque luctus augue a erat porta suscipit. Mauris pretium nibh ut elit fermentum tempus. Phasellus eu rhoncus tortor. Suspendisse dui lorem, faucibus ac ultricies at, iaculis id justo. Cras aliquam fermentum quam a vestibulum. Duis vitae mi tellus, convallis imperdiet ligula. Vestibulum vel mauris malesuada sapien venenatis bibendum in id ligula.",
  "title": "Document 4-2-1-1-2",
  "__meta": {
    "updateId": -1810247990,
    "cdate": 1501428285260,
    "cuser": "cn=Al Mass,o=DARWINO",
    "mdate": 1501428305610,
    "replicaId": "85257FB8005090FB",
    "changes": "Rnsa",
    "muser": "cn=Al Mass,o=DARWINO",
    "seqId": 1
  }
}