{
  "form": "CompanyDocument",
  "_parentid": "C58CC724020DB2E78525816D0054B36E",
  "document": "Nunc posuere pretium turpis in auctor. Donec hendrerit, felis at imperdiet sodales, nisi dui fringilla augue, tincidunt facilisis nulla neque vitae mi. Sed suscipit felis sit amet elit dictum a congue enim gravida. Duis mattis ante nec diam vehicula sollicitudin. Ut vitae sapien et orci commodo facilisis nec ac ligula. Nunc erat tortor, elementum in molestie nec, lobortis in justo. Nam facilisis varius neque, vitae tristique augue consectetur eget. Nunc tempus libero id justo tincidunt imperdiet. Vestibulum egestas, magna eget tempus dapibus, lacus elit facilisis neque, eu gravida sem mauris sed sem. Lorem ipsum dolor sit amet, consectetur adipiscing elit. Aenean id commodo erat. Donec leo mauris, ultricies eu posuere id, rhoncus sagittis est. Class aptent taciti sociosqu ad litora torquent per conubia nostra, per inceptos himenaeos.",
  "title": "Document 1-1-1-2-1",
  "__meta": {
    "updateId": -1810175120,
    "cdate": 1501428309590,
    "cuser": "cn=Al Mass,o=DARWINO",
    "mdate": 1501428378480,
    "replicaId": "85257FB8005090FB",
    "changes": "pffb",
    "muser": "cn=Al Mass,o=DARWINO",
    "seqId": 1
  }
}