{
  "form": "CompanyDocument",
  "_parentid": "AEE6D5122739DFCB8525816D0054A981",
  "document": "In quis odio massa, eget lacinia metus. Praesent non tortor orci, sit amet blandit elit. Duis bibendum venenatis lacinia. Vestibulum quis leo id est viverra congue sed in mauris. Integer varius, justo sit amet blandit ultricies, mi nisi pretium massa, sit amet mattis dolor eros ut augue. Phasellus luctus mi nec odio hendrerit et mollis diam interdum. Nullam nisi risus, iaculis a gravida id, convallis ac magna. Suspendisse cursus odio sit amet neque blandit id imperdiet mi consequat. Duis vel libero metus, nec mattis odio. Duis porttitor volutpat iaculis. Quisque tristique rutrum gravida. Aliquam interdum aliquam tempor. Fusce dignissim libero in diam porta luctus.\n\nFusce in est nisi. Maecenas viverra, turpis ut mattis consequat, sapien nulla pulvinar velit, sit amet imperdiet erat tellus a purus. Ut sagittis egestas ipsum, eget fringilla neque vulputate id. Donec sed massa tellus, et eleifend augue. Cras laoreet auctor neque at luctus. Nunc eget commodo sem. Proin ut neque velit. Donec quis nisi risus. Cras adipiscing, urna in aliquet tincidunt, leo erat aliquet nibh, eu tempor turpis leo ac enim. Phasellus rhoncus nisi quis metus ullamcorper a aliquet velit auctor. Mauris ornare tempus ipsum, et eleifend metus commodo quis. Praesent egestas velit id tellus venenatis pulvinar. Donec in arcu diam. Nullam tristique imperdiet sem, a condimentum turpis ullamcorper eget. Donec a mi elit. Curabitur quis lacus ipsum, eget gravida est. Sed id posuere eros. Pellentesque eu lectus vel nibh sollicitudin mattis sagittis vel metus. Aenean felis nisl, volutpat ac pulvinar eu, aliquam et velit.\n\nSuspendisse ullamcorper auctor urna ornare gravida. In turpis lectus, ornare vitae placerat at, sollicitudin sed nibh. In laoreet augue vel lorem sagittis volutpat. Donec laoreet dignissim ante vitae vulputate. Nam at elit felis, ut pellentesque magna. Mauris quis nunc felis. Quisque imperdiet adipiscing velit, non placerat neque interdum eu. Duis vulputate iaculis varius. Integer felis nisl, commodo quis tempor nec, tristique quis augue. Nulla facilisi.\n\nAliquam adipiscing, eros mattis laoreet dictum, augue leo consectetur arcu, at mollis lectus arcu ac mi. Vivamus mollis, purus et iaculis accumsan, elit sapien fringilla tortor, a adipiscing massa urna eget lectus. Nunc malesuada magna nec nibh ultrices ac tempus lorem euismod. Nullam eget enim felis. Donec felis tellus, egestas ac sagittis ut, faucibus et nulla. Mauris dignissim mauris ac elit scelerisque interdum. Ut sit amet velit sit amet tellus tristique lobortis at non diam. Sed rhoncus erat dignissim quam commodo facilisis vitae vitae mi. Nulla sollicitudin, erat id fermentum blandit, diam nulla aliquet purus, ut dictum mauris tortor sed mi. Mauris adipiscing blandit ligula vel gravida. Mauris volutpat suscipit purus sit amet ultricies. Praesent sapien diam, lacinia vel iaculis non, laoreet a quam. Nam mollis erat lacinia enim placerat mollis.",
  "title": "Document 5-1-1-1-3",
  "__meta": {
    "updateId": -1810251160,
    "cdate": 1501428284200,
    "cuser": "cn=Al Mass,o=DARWINO",
    "mdate": 1501428302440,
    "replicaId": "85257FB8005090FB",
    "changes": "kVlq",
    "muser": "cn=Al Mass,o=DARWINO",
    "seqId": 1
  }
}