{
  "form": "CompanyDocument",
  "_parentid": "86925C4A63A05E358525816D0054B7C9",
  "document": "Cras at mi a nisi auctor accumsan id nec quam. Morbi ac tempus turpis. Sed congue eleifend purus, a lacinia nunc accumsan non. Integer sodales aliquet libero, eu congue mauris vulputate non. Pellentesque sodales, lacus at tincidunt vestibulum, lacus diam tincidunt eros, ac tincidunt lorem massa non turpis. Pellentesque vel sem quis neque lacinia interdum. Nam tempor pellentesque felis eget cursus. Proin aliquet porttitor mi, sed vestibulum urna congue sed. Quisque mattis, lorem convallis gravida tempor, dolor purus ornare enim, id congue nulla urna nec nisi. Integer adipiscing viverra risus, non viverra sem scelerisque eu. Donec quam sem, elementum ac tristique vel, iaculis nec odio. Morbi a massa massa. Vivamus et augue vel enim tristique mattis a quis lacus. Vestibulum ante ipsum primis in faucibus orci luctus et ultrices posuere cubilia Curae;\n\nNunc dictum dui ac tellus laoreet ac rutrum neque malesuada. Phasellus ultricies odio nec quam auctor pulvinar. Aliquam tincidunt mauris at lectus posuere commodo. Phasellus sed neque sapien. Sed vel lorem sit amet dui ullamcorper volutpat. Nunc ultricies pharetra leo, in ultricies purus pretium sit amet. Morbi in nibh non metus lobortis volutpat vitae id eros. Phasellus nec sapien metus. Quisque sollicitudin nunc eu risus consectetur ac bibendum eros pharetra. Cras lacinia justo et lectus tempor suscipit. Donec nec nunc leo, id gravida nulla. Integer bibendum lectus sed purus auctor fermentum. Suspendisse potenti. Proin molestie, quam at fringilla vestibulum, ipsum velit placerat arcu, id malesuada neque tellus in nibh. Nunc sed ultricies odio.",
  "title": "Document 1-1-3-1-3",
  "__meta": {
    "updateId": -1810141670,
    "cdate": 1501428320760,
    "cuser": "cn=Al Mass,o=DARWINO",
    "mdate": 1501428411930,
    "replicaId": "85257FB8005090FB",
    "changes": "9Udh",
    "muser": "cn=Al Mass,o=DARWINO",
    "seqId": 1
  }
}