{
  "firstname": "Jannie",
  "comments": "<font size=\"2\" face=\"sans-serif\">A gray steak spoke to a tangerine</font><br />\r\n<font size=\"2\" face=\"sans-serif\">Last Monday afternoon the hat plans to cease fire against a treehouse, said the solid table</font><br />\r\n<font size=\"2\" face=\"sans-serif\">Last Wednesday morning the short planet spoke to the window</font>",
  "homephone": "(873) 639-1655",
  "city": "Centreville",
  "sex": "F",
  "picture": "http://www.gravatar.com/avatar/ee479b48dc24f96cbb4c002451fc6918?d=retro",
  "lastname": "Bridges",
  "__meta": {
    "updateId": -1810137610,
    "cdate": 1501428322310,
    "cuser": "cn=Al Mass,o=DARWINO",
    "mdate": 1501428415990,
    "replicaId": "85257FB8005090FB",
    "changes": "HRoE",
    "muser": "cn=Al Mass,o=DARWINO",
    "seqId": 2
  },
  "zipcode": "20120",
  "form": "Contact",
  "street": "388 Linda Lane",
  "firstcontact": "2016-05-30T03:28:52.000-05:00",
  "workphone": "(866) 734-1604",
  "mobilephone": "(967) 867-1330",
  "company": "Ron-tech",
  "state": "VA",
  "card": "<img src=\"$document-attachment/Card%7C%7Cinline-0.84.gif\" width=\"80\" height=\"80\" /><br />\r\n<font size=\"2\" face=\"sans-serif\"><b>Name</b></font><font size=\"2\" face=\"sans-serif\">: Jannie Bridges</font><br />\r\n<font size=\"2\" face=\"sans-serif\"><b>EMail</b></font><font size=\"2\" face=\"sans-serif\">: jbridges@darwino.com</font><br />\r\n<font size=\"2\" face=\"sans-serif\"><b>Company</b></font><font size=\"2\" face=\"sans-serif\">: Ron-tech</font>",
  "email": "jbridges@darwino.com"
}