{
  "form": "CompanyDocument",
  "_parentid": "BF84D0B9AB82C5C48525816D0054B0B8",
  "document": "Curabitur dignissim porta pellentesque. Etiam pharetra justo eu enim mollis pharetra. Ut vel pretium neque. Phasellus rhoncus enim id risus aliquam malesuada. Maecenas pretium mollis orci non egestas. Ut sit amet nisl eu nulla convallis accumsan. Pellentesque ultrices iaculis accumsan. Proin laoreet blandit tellus, non pellentesque urna aliquet ut. Suspendisse mauris est, semper ut tincidunt rhoncus, luctus eget orci. Curabitur a posuere lectus. Nunc sodales eleifend volutpat. Fusce vehicula porttitor orci, nec congue mauris pulvinar aliquam. Aliquam fringilla nunc ut magna viverra in porttitor libero sollicitudin.\n\nVestibulum vehicula molestie erat, non dictum orci consectetur aliquam. Vestibulum tincidunt accumsan molestie. Praesent vehicula scelerisque interdum. Sed tristique turpis eu leo ornare vitae feugiat turpis tempor. Duis varius pellentesque rhoncus. Proin ullamcorper aliquam dolor in volutpat. Proin tincidunt adipiscing orci, eu facilisis dui mollis vitae. Suspendisse nisl turpis, fermentum ut scelerisque eget, lacinia ut lectus. Aliquam erat volutpat. Maecenas porttitor rutrum dolor sit amet blandit. Pellentesque ultrices bibendum massa, id sodales velit tempus eget. Vestibulum ante ipsum primis in faucibus orci luctus et ultrices posuere cubilia Curae; Donec vel nibh sapien, id lobortis augue. Nam vel ante posuere dui rhoncus mattis in ac odio. Proin imperdiet erat at urna vestibulum id ornare nisi ornare. Nunc sapien magna, feugiat at elementum congue, ornare vel massa. Duis a rhoncus magna. Pellentesque ornare, libero non egestas faucibus, sem ligula commodo elit, id lobortis dolor quam ut sapien.\n\nUt dignissim gravida justo, at adipiscing elit feugiat commodo. Quisque risus risus, rutrum non pharetra eu, venenatis sed erat. Donec porta massa at sem congue semper. Fusce ante tellus, interdum at sollicitudin in, mattis et lorem. Vivamus sed massa a velit pretium rhoncus. Integer non est congue diam commodo pulvinar. Ut volutpat pellentesque diam, at adipiscing mi lacinia ut. Quisque consectetur aliquam ultrices. Quisque vel eros sit amet urna mollis tincidunt sit amet vel lacus. Quisque aliquet porttitor fringilla.\n\nInteger porta quam rutrum velit venenatis convallis ac scelerisque quam. Mauris non dui mi, nec scelerisque arcu. Cras malesuada tristique nisl, non mollis ligula vehicula vel. Etiam ac ligula vitae nisl dapibus hendrerit cursus quis nulla. Duis tincidunt vehicula eros, eu suscipit felis ornare sed. Etiam leo eros, congue non viverra nec, adipiscing eget justo. Nulla nec nisi magna. Etiam facilisis sapien sit amet est tempus at malesuada sapien lobortis. Nam mauris ligula, rhoncus eu malesuada a, ultrices non elit. Vestibulum urna felis, porta et ultricies quis, tincidunt sed mi. Proin pellentesque aliquet semper. Morbi volutpat posuere sollicitudin. Morbi consectetur sagittis felis, sed porta nulla aliquam nec. Fusce semper erat nec metus fringilla luctus. Morbi mattis, arcu ut suscipit pretium, orci sapien ultrices purus, eu ultrices ligula diam vitae ligula. Maecenas vestibulum diam at massa ultrices at bibendum turpis rhoncus. Morbi volutpat neque auctor urna tincidunt luctus. Suspendisse potenti. Curabitur at eros nec est suscipit rhoncus sit amet ullamcorper dui.",
  "title": "Document 2-3-3-1-3",
  "__meta": {
    "updateId": -1810195840,
    "cdate": 1501428302670,
    "cuser": "cn=Al Mass,o=DARWINO",
    "mdate": 1501428357760,
    "replicaId": "85257FB8005090FB",
    "changes": "WZCT",
    "muser": "cn=Al Mass,o=DARWINO",
    "seqId": 1
  }
}