{
  "form": "CompanyDocument",
  "_parentid": "38D6A9DCE0D78F1C8525816D0054AC4B",
  "document": "Cras id eros malesuada nunc vehicula dapibus. Mauris lobortis dolor sed tortor venenatis dapibus. Nulla at turpis non dui sodales bibendum. Fusce volutpat ligula eget diam tempus consequat. Praesent vehicula leo sit amet tellus feugiat vehicula. Nulla facilisi. Vivamus vulputate pellentesque velit et laoreet. Praesent velit est, suscipit in fringilla non, ultrices et sapien. Aenean id lorem dui, in malesuada dui. Etiam ullamcorper auctor egestas. Suspendisse ultrices urna nec dui blandit ultricies ullamcorper tortor sagittis. Etiam imperdiet velit nec lacus aliquam interdum. Cras sagittis arcu et risus blandit tristique varius ante auctor. Nunc auctor eros vitae nulla imperdiet vulputate. Suspendisse pretium erat augue.",
  "title": "Document 3-1-2-3-2",
  "__meta": {
    "updateId": -1810229810,
    "cdate": 1501428291330,
    "cuser": "cn=Al Mass,o=DARWINO",
    "mdate": 1501428323790,
    "replicaId": "85257FB8005090FB",
    "changes": "sVq7",
    "muser": "cn=Al Mass,o=DARWINO",
    "seqId": 1
  }
}