{
  "form": "CompanyDocument",
  "_parentid": "1E8BF019AF2BC8D48525816D0054AB2D",
  "document": "Quisque venenatis nulla nec quam porttitor congue. Phasellus a est orci. Donec adipiscing orci vitae neque congue elementum. Nunc eu tincidunt est. Vestibulum rhoncus eros a neque ultrices consectetur. Morbi vitae elit nisl, rhoncus mollis velit. Sed facilisis scelerisque ligula, eget consequat lorem cursus ac. Etiam id eros eget velit cursus iaculis eu id leo. Vestibulum congue diam non nibh luctus sollicitudin. Curabitur condimentum imperdiet lacinia. Integer vel est arcu, iaculis consequat elit. Aenean sodales placerat varius. Nullam non tortor id velit feugiat dapibus congue luctus nulla.\n\nProin nec erat at diam condimentum luctus sit amet et massa. Vestibulum laoreet sodales justo a cursus. Praesent porta mauris ultricies lectus lacinia varius. Nulla facilisis mauris quis tortor tincidunt bibendum eget eu dui. In sed neque dignissim neque eleifend lobortis. Integer non dolor tortor, ac aliquam mi. Vivamus vitae nibh leo. Aenean scelerisque orci in velit sodales sed tempor ligula mollis. Aenean sollicitudin semper nunc id tempus. Curabitur in sodales velit. Mauris fermentum metus eget sapien dapibus sed posuere mauris egestas. Ut erat sapien, tincidunt ac aliquet condimentum, pulvinar malesuada neque. Aliquam at mauris justo. Aenean eu dolor lacus, venenatis lacinia nisi. Etiam laoreet mi nec arcu ullamcorper luctus. Aenean vulputate urna a tortor sollicitudin malesuada. Vestibulum sit amet elit sed justo pulvinar laoreet. Aliquam erat volutpat.\n\nSed et arcu ut metus vulputate ultrices pulvinar ut diam. Aliquam pharetra congue elit, vitae ultricies tellus pharetra ac. Donec ut leo sed sem suscipit accumsan. Donec porta nibh risus. Donec aliquam, lorem vitae aliquet lobortis, ligula quam sodales dui, vel auctor lacus nisi et purus. Vestibulum sollicitudin, nisi a adipiscing consectetur, neque nunc tristique nisi, nec faucibus justo erat sed mauris. Curabitur elementum orci sit amet sem egestas dapibus. Suspendisse potenti. Sed feugiat viverra erat, et ullamcorper metus ullamcorper eu. Nunc ultrices commodo nisl.",
  "title": "Document 1-3-2-1-1",
  "__meta": {
    "updateId": -1810238410,
    "cdate": 1501428288460,
    "cuser": "cn=Al Mass,o=DARWINO",
    "mdate": 1501428315190,
    "replicaId": "85257FB8005090FB",
    "changes": "ug1h",
    "muser": "cn=Al Mass,o=DARWINO",
    "seqId": 1
  }
}