{
  "form": "CompanyDocument",
  "_parentid": "C79E555E925900538525816D0054AE52",
  "document": "Ut nulla justo, facilisis sed fermentum tempor, tristique quis purus. Nunc erat elit, congue quis viverra a, aliquet eu nibh. Phasellus semper tempor tincidunt. Nam in purus quis tortor bibendum auctor ac a ipsum. Praesent porta, elit sit amet porta tincidunt, sem enim tincidunt elit, sed tincidunt justo magna at purus. Fusce libero odio, venenatis non consequat non, placerat vulputate quam. Pellentesque blandit nibh eget erat congue ornare. Maecenas malesuada, dui id egestas bibendum, ipsum purus dapibus turpis, ut tincidunt neque sem nec mi. Vivamus sit amet sodales tortor. Nulla libero odio, accumsan et interdum at, posuere vitae arcu.\n\nSed gravida dapibus augue non luctus. Cum sociis natoque penatibus et magnis dis parturient montes, nascetur ridiculus mus. Vestibulum odio orci, dictum id venenatis quis, laoreet id lacus. Morbi gravida tristique ante sed pharetra. Duis semper ligula non tortor ornare in luctus arcu malesuada. Aenean ornare nunc vel sem egestas ornare. Curabitur faucibus porta nibh, at tristique tortor convallis eget. Integer congue leo lacinia ante lacinia vitae fringilla arcu tempor. Nunc ullamcorper hendrerit magna ornare ultricies. Nam pulvinar metus commodo eros placerat a fringilla ipsum imperdiet. Praesent volutpat tempor ligula, sed venenatis felis sodales eu. Integer at orci dolor, vitae interdum metus. Duis aliquet lectus est. Maecenas in erat ante, sed hendrerit justo. Phasellus ac sapien id risus tincidunt tempor. Praesent blandit elementum purus, nec commodo magna tempor ut.",
  "title": "Document 2-1-2-3-1",
  "__meta": {
    "updateId": -1810214290,
    "cdate": 1501428296510,
    "cuser": "cn=Al Mass,o=DARWINO",
    "mdate": 1501428339310,
    "replicaId": "85257FB8005090FB",
    "changes": "pTqH",
    "muser": "cn=Al Mass,o=DARWINO",
    "seqId": 1
  }
}