{
  "firstname": "Lakisha",
  "comments": "<font size=\"2\" face=\"sans-serif\">The national bottle is now managing the dog</font>",
  "homephone": "(384) 618-1864",
  "city": "Torrance",
  "sex": "F",
  "picture": "http://www.gravatar.com/avatar/c931921d634d2df1979b2d1b4919b5dd?d=retro",
  "lastname": "Castro",
  "__meta": {
    "updateId": -1810130570,
    "cdate": 1501428325830,
    "cuser": "cn=Al Mass,o=DARWINO",
    "mdate": 1501428423030,
    "replicaId": "85257FB8005090FB",
    "changes": "y@6x",
    "muser": "cn=Al Mass,o=DARWINO",
    "seqId": 2
  },
  "zipcode": "90505",
  "form": "Contact",
  "street": "228 Cedar Lane",
  "firstcontact": "2016-11-11T10:53:30.000-05:00",
  "workphone": "(186) 827-1346",
  "mobilephone": "(144) 618-1410",
  "company": "Zotware",
  "state": "CA",
  "card": "<img src=\"$document-attachment/Card%7C%7Cinline-0.84.gif\" width=\"80\" height=\"80\" /><br />\r\n<font size=\"2\" face=\"sans-serif\"><b>Name</b></font><font size=\"2\" face=\"sans-serif\">: Lakisha Castro</font><br />\r\n<font size=\"2\" face=\"sans-serif\"><b>EMail</b></font><font size=\"2\" face=\"sans-serif\">: lcastro@darwino.com</font><br />\r\n<font size=\"2\" face=\"sans-serif\"><b>Company</b></font><font size=\"2\" face=\"sans-serif\">: Zotware</font>",
  "email": "lcastro@darwino.com"
}