{
  "firstname": "Mathew",
  "comments": "<font size=\"2\" face=\"sans-serif\">A nationwide griffon is expected to sell the slipper, claimed the silver lawyer</font><br />\r\n<font size=\"2\" face=\"sans-serif\">The nationwide shoe was reported to have met with the solid salad</font><br />\r\n<font size=\"2\" face=\"sans-serif\">Last evening the solid planet bought a knife, said a stable car</font>",
  "homephone": "(597) 513-1015",
  "city": "Durham",
  "sex": "M",
  "picture": "http://www.gravatar.com/avatar/35b7e6f528998a19802c156f5ae2eaf7?d=retro",
  "lastname": "Cherry",
  "__meta": {
    "updateId": -1810137770,
    "cdate": 1501428322230,
    "cuser": "cn=Al Mass,o=DARWINO",
    "mdate": 1501428415830,
    "replicaId": "85257FB8005090FB",
    "changes": "7jYF",
    "muser": "cn=Al Mass,o=DARWINO",
    "seqId": 2
  },
  "zipcode": "27703",
  "form": "Contact",
  "street": "369 Washington Avenue",
  "firstcontact": "2016-11-13T03:04:10.000-05:00",
  "workphone": "(329) 801-1078",
  "mobilephone": "(691) 669-1046",
  "company": "Opentech",
  "state": "NC",
  "card": "<img src=\"$document-attachment/Card%7C%7Cinline-0.84.gif\" width=\"80\" height=\"80\" /><br />\r\n<font size=\"2\" face=\"sans-serif\"><b>Name</b></font><font size=\"2\" face=\"sans-serif\">: Mathew Cherry</font><br />\r\n<font size=\"2\" face=\"sans-serif\"><b>EMail</b></font><font size=\"2\" face=\"sans-serif\">: mcherry@darwino.com</font><br />\r\n<font size=\"2\" face=\"sans-serif\"><b>Company</b></font><font size=\"2\" face=\"sans-serif\">: Opentech</font>",
  "email": "mcherry@darwino.com"
}