{
  "form": "CompanyDocument",
  "_parentid": "17DFABCEF630C7648525816D0054AA0A",
  "document": "Etiam vitae tincidunt lacus. Nam ac felis et purus sagittis pretium ut nec metus. Suspendisse nisl dolor, tempus at ultrices a, lacinia congue metus. Nulla tempor euismod consectetur. Donec sed mi eu magna consectetur eleifend sit amet vel magna. Proin aliquet leo vel nisi malesuada non adipiscing odio semper. Morbi id velit at eros venenatis cursus. Aenean id augue non neque pharetra iaculis et non risus. Vestibulum ante ipsum primis in faucibus orci luctus et ultrices posuere cubilia Curae; Ut pulvinar sollicitudin ligula, ullamcorper egestas leo pellentesque in. Integer elementum dui et leo gravida ornare. Suspendisse laoreet, mi at posuere fringilla, nisi tellus scelerisque elit, vel imperdiet nunc ipsum in purus. Quisque convallis, mi id placerat accumsan, ligula enim cursus metus, sit amet molestie sapien enim eget nibh. Aenean sagittis sollicitudin malesuada. Suspendisse potenti. Suspendisse vel massa id justo fermentum facilisis at in nunc. Nam sed quam risus, a dictum sem. Integer porttitor risus nec nisi aliquet semper. Cras ultrices magna ac metus eleifend mattis.\n\nUt nec libero nec sem luctus ultricies. Donec quis nibh eget sapien aliquet fringilla sed porta libero. Donec varius mollis dui eu eleifend. Quisque mattis, eros venenatis aliquam sodales, nibh orci volutpat nunc, id laoreet purus risus ac risus. Vestibulum feugiat nunc nec diam dignissim ullamcorper. Pellentesque at tortor augue. Suspendisse consectetur massa id est vestibulum ultrices. Vivamus porttitor nibh non nibh tincidunt vitae placerat risus posuere. Donec commodo ante leo. Praesent convallis urna et sem fringilla dapibus. Morbi velit leo, facilisis eget adipiscing vel, pretium id enim. Aliquam hendrerit risus eget eros aliquam vitae laoreet magna aliquam. Nulla facilisi. Sed euismod risus at orci dictum tincidunt.\n\nNam nec orci sit amet turpis dapibus congue sit amet sed ligula. Donec tristique commodo lorem, eget semper ligula ultricies ac. Nulla odio risus, mollis eu volutpat quis, placerat id mauris. Nulla facilisi. Vivamus ante tortor, volutpat eget ultricies in, ultrices a purus. Suspendisse a enim mi. Cras laoreet egestas nulla et venenatis. Nam vel arcu quis justo scelerisque placerat. Donec lectus est, elementum ut varius scelerisque, luctus ut justo. In sed felis id erat ullamcorper pellentesque. In quis arcu at tellus vehicula fringilla. Cras leo quam, dapibus et congue bibendum, laoreet non diam. Suspendisse id diam libero, nec tincidunt neque. In hac habitasse platea dictumst. Nullam sodales fermentum ipsum at pretium. Nulla ac arcu sapien. Suspendisse potenti. Fusce placerat libero sed sapien tristique cursus.",
  "title": "Document 5-1-3-3-1",
  "__meta": {
    "updateId": -1810247120,
    "cdate": 1501428285550,
    "cuser": "cn=Al Mass,o=DARWINO",
    "mdate": 1501428306480,
    "replicaId": "85257FB8005090FB",
    "changes": "L3FT",
    "muser": "cn=Al Mass,o=DARWINO",
    "seqId": 1
  }
}