{
  "form": "CompanyDocument",
  "_parentid": "EEDA71B202DA8E468525816D0054A8C2",
  "document": "Lorem ipsum dolor sit amet, consectetur adipiscing elit. Aliquam diam sem, bibendum non rutrum a, auctor nec massa. Proin nec nulla nibh. Nam ipsum lacus, elementum in luctus ut, fermentum sit amet nunc. Etiam tempus placerat lacus. Cras non tellus diam. Sed vel mauris metus. Ut elementum porttitor metus a sagittis. Fusce scelerisque neque nec augue iaculis eget tempor enim varius. Proin consequat sollicitudin lectus, vitae semper leo feugiat luctus. Donec ut rutrum lacus. Morbi faucibus leo vel arcu tincidunt in dignissim metus tristique. Nam nulla purus, aliquam ut mollis dapibus, tincidunt id neque. Etiam gravida, ipsum non volutpat molestie, odio dui rhoncus enim, eget cursus magna neque vitae mauris. Curabitur varius placerat mauris ac viverra. Mauris sollicitudin lorem in ante pretium ultrices. Vestibulum rhoncus placerat justo vel rhoncus. Nullam felis orci, placerat sed vulputate eget, aliquam a felis. In hac habitasse platea dictumst. Integer sagittis ante a turpis vestibulum at tempus justo tempus.\n\nFusce quis neque eget purus vulputate consectetur. Curabitur sit amet felis id est lobortis pellentesque. Vivamus et purus nibh, eget rutrum libero. In ultrices suscipit diam quis accumsan. Mauris tincidunt dui in risus pharetra id dictum ipsum hendrerit. Sed a ligula purus, eget placerat orci. Fusce at consequat tellus. Vivamus convallis venenatis est vel blandit. Nam eget tortor et metus bibendum bibendum. Nullam sapien sapien, gravida ac faucibus vitae, iaculis a tortor. Suspendisse potenti. Duis bibendum posuere hendrerit. Aenean aliquam enim eget metus lacinia vitae tempus velit pretium. Sed vulputate, lectus sed bibendum auctor, quam est accumsan lorem, quis consectetur dolor enim eget lectus. Fusce ut justo sed velit suscipit tincidunt a sit amet nibh.\n\nSuspendisse eu urna massa. Nunc semper, sem nec vehicula faucibus, orci felis gravida erat, eget tempus purus nibh vitae justo. Duis eu rutrum quam. Morbi gravida, metus a condimentum tincidunt, est libero accumsan nunc, nec rhoncus enim felis quis diam. Sed ut nisl nunc. Aliquam in pretium nunc. Sed sit amet mauris ac risus vulputate vulputate in non neque. Aenean vitae mauris quis orci viverra tristique et sed est. Nulla libero neque, sodales elementum facilisis ut, ullamcorper a nunc. Ut velit augue, blandit ac commodo eu, ultricies a dui.\n\nFusce eu mauris turpis, eu faucibus eros. Fusce molestie augue eu augue laoreet a vestibulum dolor ultricies. Donec aliquet gravida libero, vitae fringilla nisl pellentesque quis. Aliquam lacinia nulla eget mauris fringilla posuere. Donec tellus dui, lobortis in consequat luctus, varius vel sem. Fusce tempus enim eget nulla malesuada gravida. Nunc lacinia nulla enim. Maecenas viverra tincidunt quam at malesuada. Nulla at pretium turpis. Vivamus vitae massa ut elit blandit suscipit fringilla et mi. Ut porta, diam nec commodo dignissim, ligula eros volutpat sapien, eu faucibus risus odio eget lacus. Nullam tincidunt, lectus vel ultrices rhoncus, nisi tellus vestibulum tortor, quis viverra justo nibh nec eros. Donec pharetra enim ligula. Phasellus ut elit tellus. Proin fringilla felis a mi tristique in interdum nunc elementum. In nec velit non sapien euismod mollis. Aliquam erat volutpat.",
  "title": "Document 3-1-3-2-1",
  "__meta": {
    "updateId": -1810256940,
    "cdate": 1501428282270,
    "cuser": "cn=Al Mass,o=DARWINO",
    "mdate": 1501428296660,
    "replicaId": "85257FB8005090FB",
    "changes": "N3Q1",
    "muser": "cn=Al Mass,o=DARWINO",
    "seqId": 1
  }
}