{
  "form": "CompanyDocument",
  "_parentid": "4599B9BA191D0E1B8525816D0054ABB4",
  "document": "Morbi placerat pretium dolor, in porttitor erat laoreet eget. In hac habitasse platea dictumst. Sed lobortis faucibus ultrices. Suspendisse potenti. Quisque metus tortor, hendrerit a tincidunt vitae, tristique vel enim. Pellentesque ac ipsum dolor, ac tincidunt sem. Vestibulum laoreet orci vel tortor fermentum egestas. Cras placerat purus ac ante sollicitudin tristique pellentesque arcu luctus. Quisque eu scelerisque enim. Fusce vitae posuere nulla. Quisque eleifend nibh non leo posuere vel iaculis ante vestibulum. Nam commodo risus non purus porttitor a bibendum sem convallis. Vivamus in odio eget arcu rhoncus ultricies accumsan id urna. Etiam laoreet mauris et tellus lacinia fringilla. Nulla facilisi. Ut nec justo sem. Duis cursus ante sit amet massa fermentum egestas. Donec felis tortor, fringilla quis fringilla ut, consequat vitae urna.\n\nSed mattis molestie nulla a scelerisque. Quisque lorem velit, malesuada sed tincidunt nec, blandit eu tellus. Etiam nibh metus, pellentesque in iaculis et, rhoncus ut nisl. Aenean laoreet risus ac elit dapibus vitae aliquet mauris rutrum. Suspendisse potenti. Quisque ullamcorper ipsum vel mauris mattis consequat. Morbi venenatis nulla sed neque condimentum molestie. Aenean consectetur, nibh ac vulputate pharetra, ipsum odio dictum massa, varius euismod magna quam ac orci. Nulla pulvinar condimentum leo et aliquet. Nunc orci nisl, ultrices nec tempus non, adipiscing quis erat. Donec mi odio, iaculis et cursus sed, convallis non lorem. Donec mattis enim vitae velit venenatis nec pharetra nunc porttitor. In mauris leo, feugiat quis mollis a, porttitor vel purus. Fusce ultrices placerat leo, id aliquam nisl lacinia vel. Cras gravida pretium aliquet. Vivamus ac nisl ac magna lobortis tincidunt. Integer at tellus sapien, et tristique magna. Class aptent taciti sociosqu ad litora torquent per conubia nostra, per inceptos himenaeos. Pellentesque sit amet cursus tortor.\n\nPraesent eget velit nunc. Donec consequat facilisis ultrices. Donec euismod risus quis eros eleifend venenatis. Nunc in lacus dolor, sit amet placerat tortor. Phasellus porttitor egestas nibh ut malesuada. Maecenas enim augue, malesuada a bibendum et, euismod ut diam. Quisque nunc sem, laoreet vel tincidunt eu, bibendum in nisi. Maecenas rhoncus ipsum eu diam volutpat dignissim. Nulla viverra augue ac velit pellentesque in malesuada nisl hendrerit. Etiam in pharetra nisl. Vestibulum egestas volutpat ligula vel venenatis. Nullam mollis gravida quam eget bibendum. Nunc consequat suscipit tincidunt. Proin varius arcu eget ligula pharetra sed vehicula quam vulputate.\n\nAliquam convallis tortor at purus pellentesque ultrices. Mauris aliquam, justo id cursus consequat, velit risus porta diam, quis mattis dui mauris non turpis. Duis vel sem mi. In hac habitasse platea dictumst. Sed et ligula scelerisque erat tempus sollicitudin. Praesent sodales sodales gravida. Lorem ipsum dolor sit amet, consectetur adipiscing elit. Phasellus nec justo sed augue porta rutrum eu in ipsum. Morbi mi est, dapibus in posuere vitae, gravida vitae dui. Proin in eros eu nisi consequat semper ut quis massa. Nunc magna eros, tincidunt ut iaculis quis, gravida et arcu. Vivamus dapibus varius tortor ac condimentum. Class aptent taciti sociosqu ad litora torquent per conubia nostra, per inceptos himenaeos. Fusce ac odio nibh, in porttitor metus. Curabitur vitae tortor justo. Morbi in sapien et est interdum euismod. Curabitur laoreet egestas enim, in commodo arcu fringilla non. Donec eget diam augue. Cum sociis natoque penatibus et magnis dis parturient montes, nascetur ridiculus mus.",
  "title": "Document 4-2-1",
  "__meta": {
    "updateId": -1810234360,
    "cdate": 1501428289810,
    "cuser": "cn=Al Mass,o=DARWINO",
    "mdate": 1501428319240,
    "replicaId": "85257FB8005090FB",
    "changes": "Vm5l",
    "muser": "cn=Al Mass,o=DARWINO",
    "seqId": 1
  }
}