{
  "form": "CompanyDocument",
  "_parentid": "C3C3FC8AC6CAD79D8525816D0054AB0E",
  "document": "In non felis elit. Integer eleifend velit ac lacus vestibulum imperdiet. Cras lacus orci, posuere a euismod nec, convallis et nibh. Proin pretium risus sit amet leo pulvinar fermentum. Mauris sapien diam, interdum et egestas et, hendrerit non tellus. Pellentesque auctor feugiat lacus, id aliquam lacus faucibus in. Vivamus tempor ornare varius. Suspendisse in ultrices nisi. Aenean fermentum dictum mauris at consectetur. Cras porta ultricies libero sit amet volutpat. Suspendisse dapibus convallis nulla, non ultrices purus egestas pulvinar. Suspendisse tellus augue, dignissim non mollis a, tristique id nunc. Sed tempor rhoncus lacus, id feugiat metus convallis eget. Praesent sed nisi tellus, in dapibus justo.\n\nMorbi placerat pretium dolor, in porttitor erat laoreet eget. In hac habitasse platea dictumst. Sed lobortis faucibus ultrices. Suspendisse potenti. Quisque metus tortor, hendrerit a tincidunt vitae, tristique vel enim. Pellentesque ac ipsum dolor, ac tincidunt sem. Vestibulum laoreet orci vel tortor fermentum egestas. Cras placerat purus ac ante sollicitudin tristique pellentesque arcu luctus. Quisque eu scelerisque enim. Fusce vitae posuere nulla. Quisque eleifend nibh non leo posuere vel iaculis ante vestibulum. Nam commodo risus non purus porttitor a bibendum sem convallis. Vivamus in odio eget arcu rhoncus ultricies accumsan id urna. Etiam laoreet mauris et tellus lacinia fringilla. Nulla facilisi. Ut nec justo sem. Duis cursus ante sit amet massa fermentum egestas. Donec felis tortor, fringilla quis fringilla ut, consequat vitae urna.",
  "title": "Document 1-2-3-3",
  "__meta": {
    "updateId": -1810239100,
    "cdate": 1501428288230,
    "cuser": "cn=Al Mass,o=DARWINO",
    "mdate": 1501428314500,
    "replicaId": "85257FB8005090FB",
    "changes": "Ttr_",
    "muser": "cn=Al Mass,o=DARWINO",
    "seqId": 1
  }
}