{
  "form": "CompanyDocument",
  "_parentid": "B95BD8866B0E00DA8525816D0054B0A3",
  "document": "Integer in quam ligula, eu sagittis ipsum. Aenean consectetur neque et est commodo id adipiscing nisi mattis. Mauris faucibus dignissim urna ac egestas. Vivamus malesuada mauris vel nisl aliquet suscipit. Praesent accumsan tristique magna. Etiam in tellus massa. Praesent molestie varius facilisis. In vulputate ante vel ipsum pellentesque rutrum. In augue justo, tempus at ullamcorper eu, convallis ac magna. Sed id sem nulla, placerat malesuada urna. Nullam viverra adipiscing lectus ac porta. Donec sit amet mattis lacus. Integer pellentesque neque ac ligula pulvinar interdum. Donec sit amet commodo dolor. Donec at leo sapien, eget malesuada lorem. Sed venenatis mi dui. Aenean sollicitudin pellentesque ipsum, et scelerisque erat commodo a. Cras odio velit, hendrerit vel ultricies eget, cursus in eros.\n\nIn venenatis egestas mauris eget semper. Fusce condimentum ligula sed elit accumsan non tristique dui adipiscing. Nulla accumsan varius orci et laoreet. Fusce et tortor vel ante ultricies venenatis. Aenean sollicitudin, sapien a tincidunt scelerisque, tortor mauris tempor nisi, eu laoreet magna dui ut enim. Morbi vitae elit arcu. Aenean quis cursus nisi. Vivamus tempus, odio in tempus ullamcorper, urna orci tempor eros, nec porttitor magna tellus quis nunc. Vivamus adipiscing pellentesque felis, ut tincidunt nisi convallis ac. Nulla facilisi. Aliquam pulvinar nunc eu orci accumsan viverra. Quisque quis turpis dolor. In hac habitasse platea dictumst. Nullam augue odio, tincidunt a pellentesque at, consequat quis sem. Sed ultricies quam eget odio facilisis sollicitudin. Aenean quis mauris ante.",
  "title": "Document 2-3-2-1-4",
  "__meta": {
    "updateId": -1810196440,
    "cdate": 1501428302470,
    "cuser": "cn=Al Mass,o=DARWINO",
    "mdate": 1501428357160,
    "replicaId": "85257FB8005090FB",
    "changes": "VlI0",
    "muser": "cn=Al Mass,o=DARWINO",
    "seqId": 1
  }
}