{
  "form": "CompanyDocument",
  "_parentid": "9E4930FABC5D682E8525816D0054AC6F",
  "document": "Cras nibh metus, adipiscing ut interdum id, sagittis quis nibh. Donec id arcu ipsum. Class aptent taciti sociosqu ad litora torquent per conubia nostra, per inceptos himenaeos. Class aptent taciti sociosqu ad litora torquent per conubia nostra, per inceptos himenaeos. Lorem ipsum dolor sit amet, consectetur adipiscing elit. Integer rutrum luctus molestie. Proin interdum aliquam neque, id tristique sapien volutpat et. In hac habitasse platea dictumst. Nullam bibendum cursus dapibus. Lorem ipsum dolor sit amet, consectetur adipiscing elit. Suspendisse augue velit, cursus eu rhoncus non, pharetra at elit. Aenean sed velit mauris. Nunc laoreet purus a felis cursus vel cursus eros suscipit. Maecenas risus lorem, pretium sit amet porta in, volutpat sed dolor. Integer in laoreet est. Quisque pulvinar felis dictum mauris suscipit at suscipit nisi laoreet.\n\nSuspendisse eget nisi et dolor fringilla imperdiet. Praesent convallis sem id felis dictum at fermentum mi aliquam. Etiam at massa eu leo ornare fermentum. Nullam eget ante diam, vel porttitor felis. Sed accumsan ultrices massa, sit amet feugiat tortor dapibus ut. Donec suscipit, odio non pulvinar laoreet, ante leo blandit justo, vel rhoncus leo erat in ligula. Aenean vulputate iaculis pharetra. Sed in arcu augue. Aenean consequat risus vel urna porta commodo dapibus dui rutrum. Sed sem quam, molestie vitae iaculis sit amet, pretium lobortis ligula. Pellentesque habitant morbi tristique senectus et netus et malesuada fames ac turpis egestas.\n\nNulla leo orci, sodales a fermentum quis, fringilla sed mi. Donec tincidunt, erat id tincidunt dictum, metus sapien aliquam justo, et egestas purus urna id dolor. Quisque id tortor vel erat mattis ultrices quis nec lorem. Nunc egestas sagittis velit, pharetra semper ipsum eleifend ac. Etiam fermentum facilisis nulla, sit amet dapibus nulla rhoncus eget. Maecenas sit amet elit ac lorem consequat pretium. Sed ut facilisis diam. Vestibulum eu urna dolor. Nullam elit orci, porta nec rutrum et, fermentum ut dolor. Sed eget nisl in nibh gravida sollicitudin. Sed gravida elementum consectetur. Sed ullamcorper ornare arcu, nec tincidunt ante posuere id. Suspendisse et nisl nec est sollicitudin laoreet. Aenean et dolor ac mauris pellentesque sagittis et vitae neque. Praesent vulputate aliquet gravida. Curabitur eu augue lacus, semper aliquam orci. Praesent vitae nisi arcu. Praesent dignissim, erat at ornare bibendum, nisl risus lobortis sapien, non tincidunt risus massa eu purus.",
  "title": "Document 3-4-1-3-2",
  "__meta": {
    "updateId": -1810228730,
    "cdate": 1501428291690,
    "cuser": "cn=Al Mass,o=DARWINO",
    "mdate": 1501428324870,
    "replicaId": "85257FB8005090FB",
    "changes": "1CS7",
    "muser": "cn=Al Mass,o=DARWINO",
    "seqId": 1
  }
}