{
  "form": "CompanyDocument",
  "_parentid": "E19195A80369BDCE8525816D0054B722",
  "document": "Morbi a nulla lorem. Morbi vel ligula et arcu facilisis posuere. Curabitur luctus interdum mauris, in auctor quam sagittis quis. Suspendisse potenti. Duis interdum purus eu risus pellentesque sodales. Aenean pretium consequat nulla sit amet convallis. Curabitur pharetra nibh a neque eleifend porttitor non sed metus. Morbi eleifend nisi ac arcu laoreet sagittis. Suspendisse potenti. Donec at tortor tortor, vitae condimentum felis. Aenean tincidunt est in sapien aliquet eu pharetra lacus vehicula.\n\nMorbi pharetra aliquam commodo. Integer cursus convallis fermentum. Maecenas pharetra ipsum sollicitudin metus pretium gravida. Nullam facilisis, magna vel sollicitudin facilisis, sem arcu mattis velit, at pretium purus elit at purus. Sed congue, felis ac aliquet vehicula, nisl sem varius odio, at volutpat nisl massa in velit. Sed condimentum magna sed velit ultricies placerat. Maecenas ac urna vel leo viverra pharetra. Nunc mattis, nisl non pretium consectetur, leo nisl molestie nunc, in rhoncus dui massa sed velit. Ut congue sodales faucibus. Praesent turpis sem, porta vel accumsan et, vulputate eu neque. Curabitur a erat sit amet felis volutpat fermentum non vitae velit. Suspendisse non nunc sed nisl porttitor pretium. Nulla luctus massa a lorem posuere hendrerit accumsan lacus auctor. Pellentesque habitant morbi tristique senectus et netus et malesuada fames ac turpis egestas.",
  "title": "Document 1-1-1-1",
  "__meta": {
    "updateId": -1810146730,
    "cdate": 1501428319070,
    "cuser": "cn=Al Mass,o=DARWINO",
    "mdate": 1501428406870,
    "replicaId": "85257FB8005090FB",
    "changes": "agBp",
    "muser": "cn=Al Mass,o=DARWINO",
    "seqId": 1
  }
}