{
  "form": "CompanyDocument",
  "_parentid": "FF648F16AD5235CF8525816D0054A7C0",
  "document": "Ut ultricies fermentum est, ac commodo lectus porttitor quis. In placerat felis nec metus accumsan id aliquam arcu tincidunt. Nullam laoreet tincidunt blandit. Aenean tincidunt tempus nisl, a iaculis neque laoreet eu. Ut mollis erat non lacus posuere a pellentesque est interdum. Maecenas diam velit, mattis at interdum posuere, placerat ut quam. Ut auctor urna eget risus tempus pulvinar. Sed ac dignissim justo. Nunc eu enim eu risus dignissim eleifend. Ut consectetur semper diam, nec malesuada urna gravida eu. Nulla imperdiet commodo nulla ut mattis. Proin in viverra dui. Cras vel augue felis, non consectetur justo. Proin aliquam purus dolor, sed tristique turpis. Integer quis lectus magna. Integer sed rhoncus tortor. Morbi id orci quis quam egestas viverra vitae a arcu. Curabitur consectetur vehicula magna, eu egestas est molestie a. Fusce molestie enim eget quam ultricies eu convallis lacus rutrum.\n\nLorem ipsum dolor sit amet, consectetur adipiscing elit. Lorem ipsum dolor sit amet, consectetur adipiscing elit. In vitae gravida magna. Donec sed tristique felis. Duis urna quam, tempor in laoreet ac, aliquam sed quam. Aliquam pharetra laoreet dui, non vulputate lacus egestas nec. Phasellus cursus augue sem. Sed risus neque, consequat id aliquam eget, euismod nec purus. Nulla porta mauris eu tellus tincidunt malesuada. Quisque sit amet blandit velit. Vivamus varius nisi gravida ante feugiat a convallis quam pharetra. In hac habitasse platea dictumst. Fusce varius, metus in rhoncus varius, nunc dui semper massa, nec gravida sem sapien non lacus.\n\nEtiam tincidunt, leo at semper suscipit, dolor eros suscipit est, eu condimentum turpis ante non felis. Donec sagittis convallis rutrum. Vestibulum aliquet, ipsum eu tristique elementum, lorem lacus fermentum urna, id porta libero magna sit amet est. Maecenas vestibulum dictum odio, at venenatis dui adipiscing quis. Nulla facilisi. Lorem ipsum dolor sit amet, consectetur adipiscing elit. Donec aliquet rutrum convallis. Vivamus id placerat enim. Aliquam dui quam, tristique a commodo a, mollis nec felis. Suspendisse dignissim sagittis metus, et luctus neque scelerisque vel. Praesent semper eros eu magna malesuada molestie. In mollis varius massa ac rutrum. Cras vehicula, augue sed ultricies elementum, tellus orci iaculis nibh, non porttitor justo orci nec lorem. Nunc posuere, magna sit amet porttitor sodales, turpis tellus facilisis mauris, ac pulvinar eros enim pharetra risus. Quisque lobortis, eros a congue venenatis, est velit pulvinar elit, eget pellentesque nibh magna sed arcu.\n\nDonec scelerisque sagittis elit sit amet dapibus. Proin nulla lorem, ullamcorper ac elementum nec, pretium eu sapien. Aliquam justo enim, blandit ut rhoncus eu, sollicitudin in mi. Sed sit amet nunc sed dolor tempus consequat non non augue. Sed bibendum sodales nulla et rutrum. Quisque ut risus eget metus dictum pulvinar vel et ante. Nam commodo pellentesque nunc, sit amet condimentum dolor venenatis ultrices. Suspendisse erat sapien, congue nec consequat a, consectetur accumsan est. Mauris elementum lorem eu elit eleifend molestie. Donec sed lectus non leo semper porta et eu urna. Morbi ultrices rhoncus urna, et suscipit nunc laoreet nec.",
  "title": "Document 3-1-2-2-1",
  "__meta": {
    "updateId": -1810264660,
    "cdate": 1501428279690,
    "cuser": "cn=Al Mass,o=DARWINO",
    "mdate": 1501428288940,
    "replicaId": "85257FB8005090FB",
    "changes": "R4Vv",
    "muser": "cn=Al Mass,o=DARWINO",
    "seqId": 1
  }
}