{
  "form": "CompanyDocument",
  "_parentid": "BB1AB7C5191A55DF8525816D0054A6FD",
  "document": "Nunc id eros sit amet nibh interdum commodo. In hac habitasse platea dictumst. Aliquam eget dapibus nisl. Quisque nec nisl eu ante rutrum malesuada. In in justo ac ipsum congue condimentum. Duis dignissim mi lectus, vel pharetra purus. Donec quis nunc sapien. Integer in orci sapien, non porta nisi. Vestibulum consectetur aliquet dolor et suscipit. Curabitur blandit felis sit amet lorem malesuada non luctus diam iaculis. In eu dolor velit, non iaculis tortor. Donec gravida turpis id enim tempor eleifend.\n\nPhasellus nisi nunc, porttitor non faucibus ut, viverra varius lectus. Donec ultricies ultrices viverra. Nunc vitae diam eget libero consectetur volutpat a nec orci. Fusce sed metus tristique metus consectetur consectetur a eget dolor. Ut convallis urna sit amet orci iaculis scelerisque. Ut justo ante, venenatis quis vehicula id, accumsan adipiscing justo. Nunc adipiscing augue quis tellus mollis at mollis massa commodo. Praesent accumsan venenatis euismod. Ut lacus odio, molestie at cursus volutpat, consectetur sit amet ligula. Suspendisse eu mauris sed est aliquet lobortis. Pellentesque habitant morbi tristique senectus et netus et malesuada fames ac turpis egestas. Ut orci lacus, vulputate sit amet fringilla sit amet, tincidunt suscipit urna. Morbi at enim quis lacus tempus egestas.\n\nSed et nibh elit, in vestibulum mi. Etiam viverra, ipsum nec rhoncus convallis, massa nisl fermentum felis, id bibendum neque augue in arcu. Vivamus vel enim sem. Ut pharetra felis sed eros venenatis eu facilisis nisi mattis. Cras sed arcu risus, quis dictum libero. Quisque imperdiet luctus est nec vestibulum. Vestibulum interdum, tortor et sodales pretium, augue nunc vehicula nibh, ac dictum sem neque quis sem. Duis arcu metus, pellentesque et molestie vel, viverra in orci. Nulla libero ante, pulvinar a pretium id, pharetra a enim. Nullam id libero gravida nibh gravida faucibus eget et nulla. Phasellus quis dolor risus.",
  "title": "Document 2-4-1",
  "__meta": {
    "updateId": -1810270500,
    "cdate": 1501428277740,
    "cuser": "cn=Al Mass,o=DARWINO",
    "mdate": 1501428283100,
    "replicaId": "85257FB8005090FB",
    "changes": "7PBT",
    "muser": "cn=Al Mass,o=DARWINO",
    "seqId": 1
  }
}