{
  "form": "CompanyDocument",
  "_parentid": "FD41D17F050E63058525816D0054B28C",
  "document": "Fusce quis neque eget purus vulputate consectetur. Curabitur sit amet felis id est lobortis pellentesque. Vivamus et purus nibh, eget rutrum libero. In ultrices suscipit diam quis accumsan. Mauris tincidunt dui in risus pharetra id dictum ipsum hendrerit. Sed a ligula purus, eget placerat orci. Fusce at consequat tellus. Vivamus convallis venenatis est vel blandit. Nam eget tortor et metus bibendum bibendum. Nullam sapien sapien, gravida ac faucibus vitae, iaculis a tortor. Suspendisse potenti. Duis bibendum posuere hendrerit. Aenean aliquam enim eget metus lacinia vitae tempus velit pretium. Sed vulputate, lectus sed bibendum auctor, quam est accumsan lorem, quis consectetur dolor enim eget lectus. Fusce ut justo sed velit suscipit tincidunt a sit amet nibh.",
  "title": "Document 1-1",
  "__meta": {
    "updateId": -1810181890,
    "cdate": 1501428307330,
    "cuser": "cn=Al Mass,o=DARWINO",
    "mdate": 1501428371710,
    "replicaId": "85257FB8005090FB",
    "changes": "@zmu",
    "muser": "cn=Al Mass,o=DARWINO",
    "seqId": 1
  }
}