{
  "firstname": "Latisha",
  "comments": "<font size=\"2\" face=\"sans-serif\">The famous spoon is expected to buy a physicist</font><br />\r\n<font size=\"2\" face=\"sans-serif\">A cat sold the fierce meat, said the sweet brick</font><br />\r\n<font size=\"2\" face=\"sans-serif\">A competitive pencil accused a red spoon</font><br />\r\n<font size=\"2\" face=\"sans-serif\">The famous glass allegedly spoke to a desk</font>",
  "homephone": "(694) 978-1607",
  "city": "Valdosta",
  "sex": "F",
  "picture": "http://www.gravatar.com/avatar/665d4d36c1b9e27b14903a074b534711?d=retro",
  "lastname": "Vinson",
  "__meta": {
    "updateId": -1810128050,
    "cdate": 1501428327090,
    "cuser": "cn=Al Mass,o=DARWINO",
    "mdate": 1501428425550,
    "replicaId": "85257FB8005090FB",
    "changes": "n_Jc",
    "muser": "cn=Al Mass,o=DARWINO",
    "seqId": 2
  },
  "zipcode": "31601",
  "form": "Contact",
  "street": "415 Railroad Avenue",
  "firstcontact": "2013-06-08T18:03:58.000-05:00",
  "workphone": "(900) 531-1617",
  "mobilephone": "(978) 804-1781",
  "company": "Zathunicon",
  "state": "GA",
  "card": "<img src=\"$document-attachment/Card%7C%7Cinline-0.84.gif\" width=\"80\" height=\"80\" /><br />\r\n<font size=\"2\" face=\"sans-serif\"><b>Name</b></font><font size=\"2\" face=\"sans-serif\">: Latisha Vinson</font><br />\r\n<font size=\"2\" face=\"sans-serif\"><b>EMail</b></font><font size=\"2\" face=\"sans-serif\">: lvinson@darwino.com</font><br />\r\n<font size=\"2\" face=\"sans-serif\"><b>Company</b></font><font size=\"2\" face=\"sans-serif\">: Zathunicon</font>",
  "email": "lvinson@darwino.com"
}