{
  "form": "CompanyDocument",
  "_parentid": "6126E60E0954A3078525816D0054B654",
  "document": "Cras nibh metus, adipiscing ut interdum id, sagittis quis nibh. Donec id arcu ipsum. Class aptent taciti sociosqu ad litora torquent per conubia nostra, per inceptos himenaeos. Class aptent taciti sociosqu ad litora torquent per conubia nostra, per inceptos himenaeos. Lorem ipsum dolor sit amet, consectetur adipiscing elit. Integer rutrum luctus molestie. Proin interdum aliquam neque, id tristique sapien volutpat et. In hac habitasse platea dictumst. Nullam bibendum cursus dapibus. Lorem ipsum dolor sit amet, consectetur adipiscing elit. Suspendisse augue velit, cursus eu rhoncus non, pharetra at elit. Aenean sed velit mauris. Nunc laoreet purus a felis cursus vel cursus eros suscipit. Maecenas risus lorem, pretium sit amet porta in, volutpat sed dolor. Integer in laoreet est. Quisque pulvinar felis dictum mauris suscipit at suscipit nisi laoreet.\n\nCras nunc nulla, lobortis vel tincidunt et, sagittis ut dui. Vestibulum justo purus, placerat a lobortis sed, rhoncus in dui. Sed sed accumsan erat. Vestibulum dictum ultrices ligula, at ornare lorem adipiscing eu. Pellentesque vel odio in felis fringilla tincidunt. Cras consectetur urna at sem aliquam eleifend. Vestibulum suscipit, tortor at tristique hendrerit, mauris urna rutrum nibh, sed cursus neque nibh sit amet lacus. Maecenas congue velit in massa eleifend ac porta lorem tincidunt. Maecenas tempus fermentum mauris sit amet imperdiet. Aliquam odio turpis, sollicitudin nec vulputate vitae, pulvinar tempus urna. Vivamus eu mi erat, a luctus nisi. Aliquam metus ligula, condimentum vel malesuada a, facilisis vel massa. Proin ut commodo ligula. Cras euismod odio vel ligula suscipit sed condimentum ante lobortis. Nam et enim mi. Nam erat lacus, porttitor ac egestas ac, gravida eu augue. Vivamus non tellus nec metus feugiat rhoncus.\n\nMauris vel porta velit. In pulvinar metus libero, sit amet fringilla felis. Donec tellus velit, viverra sit amet tincidunt vitae, rhoncus sit amet ligula. Cum sociis natoque penatibus et magnis dis parturient montes, nascetur ridiculus mus. Duis vitae nulla nunc, vitae feugiat magna. Sed diam risus, pellentesque ac laoreet vitae, egestas ut nisi. Mauris ultricies est vitae velit egestas sed vestibulum quam pharetra. Vivamus hendrerit justo id tellus mattis lobortis. Nam dolor felis, tincidunt eu vehicula a, tristique ut neque. Donec egestas tempor risus ac feugiat. Quisque elit nisl, sodales id euismod eu, rutrum et metus. Sed commodo eleifend sodales. Suspendisse sagittis commodo malesuada. Curabitur fringilla nulla vel nulla aliquet auctor. Maecenas blandit sem enim, vitae viverra sem. Aenean nisl dui, tristique ut malesuada non, vehicula elementum ipsum.\n\nLorem ipsum dolor sit amet, consectetur adipiscing elit. Nulla facilisi. Integer ullamcorper erat vel odio pharetra nec euismod augue congue. Ut eget mi risus, nec commodo lacus. Cras eu convallis ligula. Pellentesque habitant morbi tristique senectus et netus et malesuada fames ac turpis egestas. Pellentesque bibendum feugiat quam a tincidunt. Sed ac dolor nisi. Nullam sodales vestibulum neque, in ultricies magna pretium ac. Suspendisse porta elit a leo suscipit vel facilisis orci interdum. Donec viverra dignissim sodales. Curabitur sit amet justo massa. Curabitur non nisi tortor. Aliquam erat volutpat. Nullam rutrum dolor sed ipsum tempus lacinia rhoncus turpis sagittis. Mauris eu scelerisque augue. Duis fermentum nisl eget nulla porta vehicula. Mauris lacinia erat eu ipsum eleifend nec ornare lacus imperdiet. Quisque a ultrices libero.",
  "title": "Document 4-2-2-1-2",
  "__meta": {
    "updateId": -1810152860,
    "cdate": 1501428317020,
    "cuser": "cn=Al Mass,o=DARWINO",
    "mdate": 1501428400740,
    "replicaId": "85257FB8005090FB",
    "changes": "CBfK",
    "muser": "cn=Al Mass,o=DARWINO",
    "seqId": 1
  }
}