{
  "form": "CompanyDocument",
  "_parentid": "278F43073A9E9DE18525816D0054AEF5",
  "document": "Duis quis volutpat massa. Praesent nisi neque, sagittis quis volutpat nec, gravida vitae lectus. Maecenas tempor, metus vel fermentum pretium, augue dolor condimentum elit, nec congue justo ipsum at neque. Donec placerat ligula eu mi hendrerit pretium. In elementum, orci eget adipiscing aliquam, est augue hendrerit enim, rutrum dictum nibh libero id arcu. Quisque euismod urna at libero rhoncus at elementum purus tempor. Nulla volutpat nibh eu magna viverra sed hendrerit orci fermentum. Sed mollis velit id tortor tristique consequat. Class aptent taciti sociosqu ad litora torquent per conubia nostra, per inceptos himenaeos. Duis in massa vel urna tristique mattis. Donec interdum volutpat condimentum. Nunc vitae leo ut mauris tincidunt condimentum. Morbi fermentum venenatis nisl sit amet mattis. Donec rhoncus mauris vitae felis molestie vel elementum orci ultrices. Aenean sodales blandit ipsum, in auctor lacus egestas quis. Curabitur nisi orci, pretium nec faucibus id, pharetra eu arcu.",
  "title": "Document 1-2-2-4-3",
  "__meta": {
    "updateId": -1810209350,
    "cdate": 1501428298160,
    "cuser": "cn=Al Mass,o=DARWINO",
    "mdate": 1501428344250,
    "replicaId": "85257FB8005090FB",
    "changes": "d4G7",
    "muser": "cn=Al Mass,o=DARWINO",
    "seqId": 1
  }
}