{
  "form": "CompanyDocument",
  "_parentid": "3EC7B19657D19B4C8525816D0054A720",
  "document": "Proin rutrum malesuada sem vitae dictum. Aenean molestie elit massa, blandit volutpat purus. Nullam sit amet dictum eros. Curabitur dignissim magna convallis nulla scelerisque ac tempus dolor porta. Mauris at iaculis ipsum. Ut vulputate eros sed justo varius bibendum. Etiam non porta tortor. Praesent sapien elit, tempor nec dignissim non, interdum ac urna. Sed sit amet enim sem, non pellentesque elit. Praesent fermentum porttitor elementum.\n\nMauris vel porta velit. In pulvinar metus libero, sit amet fringilla felis. Donec tellus velit, viverra sit amet tincidunt vitae, rhoncus sit amet ligula. Cum sociis natoque penatibus et magnis dis parturient montes, nascetur ridiculus mus. Duis vitae nulla nunc, vitae feugiat magna. Sed diam risus, pellentesque ac laoreet vitae, egestas ut nisi. Mauris ultricies est vitae velit egestas sed vestibulum quam pharetra. Vivamus hendrerit justo id tellus mattis lobortis. Nam dolor felis, tincidunt eu vehicula a, tristique ut neque. Donec egestas tempor risus ac feugiat. Quisque elit nisl, sodales id euismod eu, rutrum et metus. Sed commodo eleifend sodales. Suspendisse sagittis commodo malesuada. Curabitur fringilla nulla vel nulla aliquet auctor. Maecenas blandit sem enim, vitae viverra sem. Aenean nisl dui, tristique ut malesuada non, vehicula elementum ipsum.\n\nPellentesque dapibus sem at felis cursus sed imperdiet tellus porta. Suspendisse mollis nunc et felis volutpat adipiscing. Nulla aliquet metus sed sapien bibendum vitae lobortis massa rhoncus. Sed lobortis consequat augue, at gravida risus consequat in. Pellentesque habitant morbi tristique senectus et netus et malesuada fames ac turpis egestas. Etiam aliquam urna id nisl adipiscing viverra. Nunc consequat quam nec felis venenatis rutrum. Mauris tincidunt euismod porttitor. Phasellus ultricies, nunc in congue euismod, turpis magna imperdiet sem, eu scelerisque dui dui sed orci. Vivamus tristique nibh quis turpis luctus vehicula. Fusce id congue tortor. Pellentesque in urna nec felis molestie auctor cursus eget purus. Nam at libero leo. Sed ac felis id metus semper dignissim sit amet vel arcu.",
  "title": "Document 3-1-3-3-2",
  "__meta": {
    "updateId": -1810269420,
    "cdate": 1501428278100,
    "cuser": "cn=Al Mass,o=DARWINO",
    "mdate": 1501428284180,
    "replicaId": "85257FB8005090FB",
    "changes": "_3Rf",
    "muser": "cn=Al Mass,o=DARWINO",
    "seqId": 1
  }
}