{
  "form": "CompanyDocument",
  "_parentid": "E2E6F0A78BF6FD4A8525816D0054B51E",
  "document": "Duis sed augue erat, eu accumsan quam. Duis vel nibh vel diam commodo pellentesque sit amet non tellus. Donec fringilla porttitor vehicula. Mauris dictum, tellus id porta dapibus, lacus ligula molestie ante, et sodales lacus risus cursus risus. Sed est elit, lobortis quis blandit non, accumsan eget erat. Ut convallis consequat lacus non adipiscing. Phasellus tortor risus, interdum in varius eget, scelerisque in lorem. Vestibulum dapibus, eros condimentum tempus pulvinar, dolor turpis hendrerit sem, et fringilla nunc purus in dolor. Lorem ipsum dolor sit amet, consectetur adipiscing elit. Sed malesuada gravida libero, eget facilisis tellus porta eu. Proin tincidunt nisi non diam condimentum et ornare sapien aliquam. Nam suscipit iaculis metus, et aliquam libero ornare eu. Fusce rhoncus lectus sed ante commodo vitae ornare quam accumsan.\n\nNulla nec lectus enim. Aenean eget arcu eget lectus rhoncus imperdiet in vel sapien. Nam tincidunt fringilla sagittis. Aliquam ac nisl vitae massa imperdiet ullamcorper. In in magna ac sem venenatis malesuada in a ante. Mauris sagittis dictum ligula at tincidunt. Donec egestas dictum lorem ac commodo. Aliquam justo neque, molestie fringilla laoreet et, lobortis vel lectus. Phasellus eget nisi eu neque iaculis suscipit. Fusce ut nisi id purus luctus ornare vel ac turpis. Mauris in felis elit, in eleifend est. Fusce eget mattis lectus. Sed in leo arcu, tempor vestibulum urna. Maecenas elementum viverra lectus.",
  "title": "Document 1-3-1-2-1",
  "__meta": {
    "updateId": -1810162180,
    "cdate": 1501428313910,
    "cuser": "cn=Al Mass,o=DARWINO",
    "mdate": 1501428391420,
    "replicaId": "85257FB8005090FB",
    "changes": "xAai",
    "muser": "cn=Al Mass,o=DARWINO",
    "seqId": 1
  }
}