{
  "form": "CompanyDocument",
  "_parentid": "8F2C5F195953BB1A8525816D0054A7A4",
  "document": "Duis diam dui, tincidunt id egestas sed, eleifend eu elit. Etiam rutrum eleifend magna, et euismod elit commodo at. Sed et metus ut velit aliquam tincidunt ut sed sem. Nulla facilisi. Curabitur nulla elit, aliquam eu congue nec, interdum id risus. Nulla sollicitudin leo ut arcu pellentesque pretium. In lacinia porttitor sapien. Suspendisse potenti. Aliquam erat volutpat. Proin auctor nisi in purus molestie faucibus. Morbi commodo varius massa, sed adipiscing leo tincidunt pharetra. Aliquam imperdiet tincidunt metus et adipiscing. Curabitur sed mi in ipsum lobortis ornare. Phasellus arcu nisi, suscipit vitae posuere ac, ullamcorper ac velit. Vivamus sit amet diam sapien. Nunc vel erat sit amet augue scelerisque aliquam. Pellentesque habitant morbi tristique senectus et netus et malesuada fames ac turpis egestas. Mauris ornare tristique velit quis dictum. Fusce nec nisi ligula.",
  "title": "Document 2-2-2",
  "__meta": {
    "updateId": -1810265200,
    "cdate": 1501428279510,
    "cuser": "cn=Al Mass,o=DARWINO",
    "mdate": 1501428288400,
    "replicaId": "85257FB8005090FB",
    "changes": "JuEv",
    "muser": "cn=Al Mass,o=DARWINO",
    "seqId": 1
  }
}