{
  "form": "CompanyDocument",
  "_parentid": "5EBA4459F9C4063A8525816D0054B251",
  "document": "Mauris vel porta velit. In pulvinar metus libero, sit amet fringilla felis. Donec tellus velit, viverra sit amet tincidunt vitae, rhoncus sit amet ligula. Cum sociis natoque penatibus et magnis dis parturient montes, nascetur ridiculus mus. Duis vitae nulla nunc, vitae feugiat magna. Sed diam risus, pellentesque ac laoreet vitae, egestas ut nisi. Mauris ultricies est vitae velit egestas sed vestibulum quam pharetra. Vivamus hendrerit justo id tellus mattis lobortis. Nam dolor felis, tincidunt eu vehicula a, tristique ut neque. Donec egestas tempor risus ac feugiat. Quisque elit nisl, sodales id euismod eu, rutrum et metus. Sed commodo eleifend sodales. Suspendisse sagittis commodo malesuada. Curabitur fringilla nulla vel nulla aliquet auctor. Maecenas blandit sem enim, vitae viverra sem. Aenean nisl dui, tristique ut malesuada non, vehicula elementum ipsum.\n\nNam eget nulla nec leo bibendum cursus. Suspendisse tellus libero, adipiscing non bibendum nec, fringilla scelerisque nisl. Etiam at venenatis nisi. Maecenas porta blandit ante, sit amet laoreet massa ornare ut. Praesent fermentum aliquam mi, sit amet vestibulum augue fringilla suscipit. Morbi ut diam lacus, quis vehicula nulla. Nullam viverra ultricies lacus, id sollicitudin leo ornare non. Donec ut nibh arcu. Duis luctus erat at eros ultricies sed consequat lorem sollicitudin. Nulla volutpat pretium erat eu sodales. Integer fermentum semper consequat. Mauris fringilla ante ultrices leo laoreet viverra. Vestibulum ante ipsum primis in faucibus orci luctus et ultrices posuere cubilia Curae; Donec sit amet est erat, ut rhoncus tellus. Nullam pretium, turpis ut sollicitudin vestibulum, neque turpis porttitor dui, eget ultricies dolor justo id mi.\n\nFusce varius mi vel massa egestas rhoncus. Integer rhoncus blandit vehicula. Etiam lobortis eros at massa placerat ullamcorper. Vivamus condimentum ultricies metus nec dignissim. Vivamus dignissim, diam et feugiat vestibulum, dui tellus elementum arcu, et pulvinar diam metus quis quam. Pellentesque faucibus dapibus laoreet. Donec congue velit et purus vestibulum ut pulvinar erat pharetra. Ut faucibus orci eu lectus vulputate gravida. Fusce ante lectus, porttitor non imperdiet eget, eleifend ut nibh. Etiam vestibulum rutrum metus quis laoreet.\n\nUt nulla justo, facilisis sed fermentum tempor, tristique quis purus. Nunc erat elit, congue quis viverra a, aliquet eu nibh. Phasellus semper tempor tincidunt. Nam in purus quis tortor bibendum auctor ac a ipsum. Praesent porta, elit sit amet porta tincidunt, sem enim tincidunt elit, sed tincidunt justo magna at purus. Fusce libero odio, venenatis non consequat non, placerat vulputate quam. Pellentesque blandit nibh eget erat congue ornare. Maecenas malesuada, dui id egestas bibendum, ipsum purus dapibus turpis, ut tincidunt neque sem nec mi. Vivamus sit amet sodales tortor. Nulla libero odio, accumsan et interdum at, posuere vitae arcu.",
  "title": "Document 4-1-3",
  "__meta": {
    "updateId": -1810183590,
    "cdate": 1501428306760,
    "cuser": "cn=Al Mass,o=DARWINO",
    "mdate": 1501428370010,
    "replicaId": "85257FB8005090FB",
    "changes": "OH96",
    "muser": "cn=Al Mass,o=DARWINO",
    "seqId": 1
  }
}