{
  "form": "CompanyDocument",
  "_parentid": "51DA72EC10B8AA8D8525816D0054AC38",
  "document": "Donec mauris neque, vehicula sed gravida quis, sodales a quam. Aliquam erat volutpat. Aliquam erat volutpat. Ut scelerisque aliquam bibendum. Nunc tellus magna, egestas ut ornare non, mollis sit amet metus. Nunc dictum, felis eget malesuada hendrerit, massa eros tincidunt justo, non gravida metus enim sed justo. Cras varius dictum vulputate. Maecenas faucibus interdum mauris, sit amet varius lorem mollis eu. Pellentesque quis purus nulla, eu eleifend leo. In hac habitasse platea dictumst. Phasellus ac quam sapien.\n\nNullam aliquam accumsan mi id interdum. Etiam pharetra porta euismod. Cras posuere eros quis quam porttitor hendrerit. Suspendisse tempor cursus pretium. In vehicula vulputate varius. Curabitur at orci metus. Aliquam ac neque sit amet tortor molestie lobortis vel vel est. Etiam tristique molestie lectus sed pretium. Phasellus quis tempor nisl. Nulla eget tincidunt tellus. Maecenas facilisis bibendum enim, id cursus mauris malesuada ac. Sed auctor placerat leo, at ornare sapien hendrerit sit amet. Cras eget lorem quis sapien laoreet adipiscing eget vitae neque. Integer suscipit, lectus a ornare cursus, massa est tempus est, sed venenatis diam elit at purus. Nunc quis nunc sem, in pulvinar sapien. Pellentesque a mi ut neque elementum lobortis. Donec id congue massa. Morbi sed purus leo.",
  "title": "Document 3-3",
  "__meta": {
    "updateId": -1810229030,
    "cdate": 1501428291590,
    "cuser": "cn=Al Mass,o=DARWINO",
    "mdate": 1501428324570,
    "replicaId": "85257FB8005090FB",
    "changes": "bj58",
    "muser": "cn=Al Mass,o=DARWINO",
    "seqId": 1
  }
}