{
  "form": "CompanyDocument",
  "_parentid": "8CC8E745B630FF098525816D0054B133",
  "document": "Suspendisse eget viverra massa. Morbi mollis, sem ut blandit tempus, elit lacus tristique arcu, volutpat ultricies nibh leo non enim. Vestibulum hendrerit placerat pellentesque. Duis mauris justo, tincidunt nec faucibus in, dignissim id sem. Aliquam et mauris vel nulla dapibus tristique vitae vitae ipsum. Proin luctus tortor in est elementum accumsan. Quisque id ligula sit amet est adipiscing venenatis. Lorem ipsum dolor sit amet, consectetur adipiscing elit. Pellentesque habitant morbi tristique senectus et netus et malesuada fames ac turpis egestas. Vivamus sodales, diam sed tristique cursus, lacus leo tempor nisl, in gravida dui felis eget turpis. Mauris ipsum erat, laoreet ac blandit eu, vulputate sed risus. Donec dignissim, nunc id tristique facilisis, velit augue tempus elit, at ultrices odio velit in enim. Nunc semper malesuada pretium. Fusce ut augue orci, quis mattis ligula.",
  "title": "Document 1-3-3-4",
  "__meta": {
    "updateId": -1810191830,
    "cdate": 1501428304010,
    "cuser": "cn=Al Mass,o=DARWINO",
    "mdate": 1501428361770,
    "replicaId": "85257FB8005090FB",
    "changes": "_30E",
    "muser": "cn=Al Mass,o=DARWINO",
    "seqId": 1
  }
}