{
  "form": "CompanyDocument",
  "_parentid": "C38473747A65A4A08525816D0054B028",
  "document": "Sed sit amet felis a magna hendrerit cursus sed quis nibh. In gravida faucibus magna, vitae commodo orci laoreet et. Quisque viverra arcu quis ligula semper nec ultricies orci elementum. Nam sagittis tincidunt varius. Pellentesque non erat nec nulla consequat rhoncus. Phasellus pretium congue suscipit. Phasellus vel metus at nisl malesuada aliquam a sit amet magna. Nullam ac risus et magna pulvinar elementum eget ut metus. Donec eu dignissim est. Vivamus in mauris nisi. Praesent convallis ullamcorper augue a dapibus. Class aptent taciti sociosqu ad litora torquent per conubia nostra, per inceptos himenaeos. Mauris nulla risus, laoreet id rutrum a, pretium ut urna. Fusce porttitor ultricies lectus sed lacinia. Mauris quis massa sit amet sem vulputate malesuada.\n\nAenean varius dui a tellus fermentum sollicitudin. Sed convallis sollicitudin lectus, sed vestibulum velit bibendum eget. Mauris quam diam, porta eget consequat et, facilisis vitae ligula. Sed venenatis, libero a ornare cursus, felis dui dapibus turpis, vitae ullamcorper libero tellus sit amet massa. Nullam mi orci, iaculis a sagittis nec, vestibulum et diam. Nunc tincidunt lacinia lorem, eget consequat leo tempus fermentum. Etiam hendrerit, sem nec sodales commodo, purus elit feugiat odio, et auctor ipsum purus ut est. Pellentesque metus eros, lobortis id auctor ut, consequat hendrerit nisi. Mauris pharetra pulvinar ante eget dictum. Nullam nulla turpis, tincidunt sed ultricies sit amet, sagittis sodales est. Phasellus sodales augue ornare purus pellentesque ut ornare nisl hendrerit. Praesent euismod, sem id malesuada sodales, orci justo bibendum elit, sed lobortis libero mauris eu nisi. Proin quis sapien metus. Sed nec sapien odio.\n\nSuspendisse pulvinar iaculis nibh ut porttitor. Etiam vehicula cursus justo in convallis. Donec ornare erat euismod diam viverra ac ultricies dui iaculis. Ut id tellus quis mauris rhoncus auctor at vitae tortor. Morbi mauris nibh, aliquam eget eleifend in, dapibus in libero. Sed a rhoncus nulla. Cras vitae mollis odio. Aenean consectetur risus at orci lobortis id lobortis risus consequat. Aliquam ultrices adipiscing placerat. Nunc luctus elementum ultrices. Quisque sed orci ipsum. Cras bibendum congue egestas. Integer ut lorem eget urna vulputate sodales. Vestibulum quis nisi eu diam vulputate venenatis ut malesuada tellus. Sed pellentesque enim et nulla laoreet condimentum. Nunc ipsum nisl, fermentum vitae accumsan ac, pharetra vel augue.\n\nMauris eu nisl orci, ut tincidunt massa. Vestibulum tincidunt, ante sed porttitor semper, leo lorem convallis sem, eu facilisis felis elit ut lectus. In pulvinar tellus vel velit bibendum rhoncus. Mauris non lorem augue. Vestibulum blandit libero quis velit hendrerit ornare. Phasellus a ante est, et vulputate tellus. Aenean vel facilisis elit. Donec tristique ipsum id lacus imperdiet tempor. Vestibulum facilisis lobortis tristique. Nulla ligula neque, rutrum at auctor quis, pretium blandit enim. Aliquam pellentesque ligula et mauris consectetur convallis. Phasellus imperdiet porttitor lacus, lacinia laoreet dui feugiat id. Mauris sed ligula nunc. Aliquam leo velit, semper quis consectetur vel, cursus vitae massa. Cras et erat non orci tempor ornare. Integer congue elementum euismod. Suspendisse ac neque nisl, vitae condimentum metus. Mauris pulvinar libero a lacus scelerisque sit amet hendrerit nunc tempus. Duis metus diam, vulputate eget ultrices vel, rhoncus id lacus. Vestibulum ultrices ipsum nec enim dapibus vel pellentesque ante venenatis.",
  "title": "Document 1-2-3-1-1",
  "__meta": {
    "updateId": -1810200210,
    "cdate": 1501428301210,
    "cuser": "cn=Al Mass,o=DARWINO",
    "mdate": 1501428353390,
    "replicaId": "85257FB8005090FB",
    "changes": "Ma6D",
    "muser": "cn=Al Mass,o=DARWINO",
    "seqId": 1
  }
}