{
  "form": "CompanyDocument",
  "_parentid": "825DE4DDE16563DC8525816D0054B510",
  "document": "Aliquam viverra tempus lectus, non dictum velit semper eu. Vestibulum vel nisi velit. Nunc et metus libero. Quisque dignissim venenatis dictum. Morbi luctus porttitor adipiscing. Nam quam urna, commodo ut molestie quis, sodales vitae sem. Pellentesque libero arcu, scelerisque at sodales a, elementum vel lectus. Proin ac nulla vitae eros scelerisque suscipit sed nec felis. In ornare dui in dolor hendrerit eget laoreet diam sagittis. Praesent viverra tempor nisi, a pharetra nibh posuere vel. Nunc non nunc vel arcu vulputate porta. Vestibulum consectetur tincidunt arcu, commodo commodo nibh euismod vitae. Cras at congue ligula. Donec quis arcu et massa facilisis vehicula. Nullam consequat orci quis massa cursus tincidunt. Curabitur nunc urna, placerat ultricies convallis id, eleifend eget odio. Curabitur volutpat bibendum nunc, vitae facilisis ipsum malesuada vitae. Suspendisse aliquam dapibus volutpat. Praesent eu ipsum purus. Aenean sit amet nulla ac justo vestibulum feugiat.",
  "title": "Document 1-2-1-4-4",
  "__meta": {
    "updateId": -1810162510,
    "cdate": 1501428313800,
    "cuser": "cn=Al Mass,o=DARWINO",
    "mdate": 1501428391090,
    "replicaId": "85257FB8005090FB",
    "changes": "vXph",
    "muser": "cn=Al Mass,o=DARWINO",
    "seqId": 1
  }
}