{
  "firstname": "Jay",
  "comments": "<font size=\"2\" face=\"sans-serif\">This afternoon a stable steak sold a nationwide llama</font><br />\r\n<font size=\"2\" face=\"sans-serif\">The llama plans to cease fire against a yellow pear, said the red building</font>",
  "homephone": "(131) 660-1668",
  "city": "Winder",
  "sex": "M",
  "picture": "http://www.gravatar.com/avatar/b2d9e0347d8d41494c46cc0e6622531e?d=retro",
  "lastname": "Vega",
  "__meta": {
    "updateId": -1810132530,
    "cdate": 1501428324850,
    "cuser": "cn=Al Mass,o=DARWINO",
    "mdate": 1501428421070,
    "replicaId": "85257FB8005090FB",
    "changes": "sZ7K",
    "muser": "cn=Al Mass,o=DARWINO",
    "seqId": 2
  },
  "zipcode": "30680",
  "form": "Contact",
  "street": "307 Warren Street",
  "firstcontact": "2016-02-29T11:18:52.000-05:00",
  "workphone": "(916) 238-1081",
  "mobilephone": "(148) 640-1407",
  "company": "Betatech",
  "state": "GA",
  "card": "<img src=\"$document-attachment/Card%7C%7Cinline-0.84.gif\" width=\"80\" height=\"80\" /><br />\r\n<font size=\"2\" face=\"sans-serif\"><b>Name</b></font><font size=\"2\" face=\"sans-serif\">: Jay Vega</font><br />\r\n<font size=\"2\" face=\"sans-serif\"><b>EMail</b></font><font size=\"2\" face=\"sans-serif\">: jvega@darwino.com</font><br />\r\n<font size=\"2\" face=\"sans-serif\"><b>Company</b></font><font size=\"2\" face=\"sans-serif\">: Betatech</font>",
  "email": "jvega@darwino.com"
}