{
  "form": "CompanyDocument",
  "_parentid": "4184BAD2BBF42B7D8525816D0054B0BF",
  "document": "Integer tincidunt, dui vel fringilla auctor, augue ipsum interdum odio, non interdum orci nulla eu tortor. Integer aliquet turpis id lacus aliquam posuere. In sed libero suscipit lorem feugiat iaculis non sit amet ipsum. In in leo quis felis varius pulvinar. Aenean ultrices rhoncus libero vitae elementum. Nullam imperdiet risus vel diam egestas aliquam. Pellentesque sed dolor urna. Cras rutrum est vitae velit sagittis blandit. Integer lobortis dapibus condimentum. Vestibulum ante ipsum primis in faucibus orci luctus et ultrices posuere cubilia Curae; Quisque eget dignissim mauris. Suspendisse sed dignissim quam.\n\nNam dapibus massa nec tortor venenatis ut vulputate massa condimentum. Nulla quam augue, convallis et bibendum nec, iaculis eu augue. Praesent volutpat turpis vel sapien aliquet eget fringilla eros dignissim. Suspendisse elit risus, pellentesque suscipit mattis eget, pulvinar ut velit. Aliquam pulvinar, felis a volutpat dapibus, ipsum metus gravida nisl, non laoreet mi nibh sit amet lorem. Aenean sed eros elit, a fermentum justo. Etiam lobortis vulputate lectus at convallis. Integer commodo sollicitudin odio nec eleifend. Integer vestibulum bibendum tincidunt. Morbi et odio odio. Sed sed eros mi. Morbi malesuada tristique ipsum sit amet porta. Vivamus aliquet eleifend dapibus. Vivamus diam tortor, facilisis eu elementum sit amet, ultrices sed arcu. Phasellus vitae mi magna, non ultricies justo. Pellentesque interdum mi a turpis consectetur rhoncus.\n\nPellentesque habitant morbi tristique senectus et netus et malesuada fames ac turpis egestas. Duis mattis mattis felis, sit amet aliquam elit vulputate quis. Vestibulum odio lacus, viverra tempor gravida ac, tincidunt porttitor urna. Etiam laoreet, urna eu aliquet volutpat, odio tellus rhoncus diam, at fringilla quam dolor sit amet lorem. Donec dapibus est ut metus pretium sollicitudin. Morbi ut tellus ac diam posuere malesuada. Curabitur vitae nisl orci. Vestibulum lectus enim, feugiat nec blandit sit amet, dictum sed sapien. Duis placerat dictum est eget volutpat. Morbi in mauris at mauris fermentum varius non ac lacus. Nullam facilisis lacinia nulla, ut lacinia magna sodales quis. Suspendisse potenti. Suspendisse potenti. In ut diam tortor. Integer ac risus quis tortor molestie congue. In hac habitasse platea dictumst. Praesent bibendum tristique ligula, tincidunt accumsan leo cursus ut.",
  "title": "Document 2-3-4-1",
  "__meta": {
    "updateId": -1810195690,
    "cdate": 1501428302720,
    "cuser": "cn=Al Mass,o=DARWINO",
    "mdate": 1501428357910,
    "replicaId": "85257FB8005090FB",
    "changes": "qimW",
    "muser": "cn=Al Mass,o=DARWINO",
    "seqId": 1
  }
}