{
  "form": "CompanyDocument",
  "_parentid": "65E70CA41B99DD918525816D0054ABC5",
  "document": "Donec mauris neque, vehicula sed gravida quis, sodales a quam. Aliquam erat volutpat. Aliquam erat volutpat. Ut scelerisque aliquam bibendum. Nunc tellus magna, egestas ut ornare non, mollis sit amet metus. Nunc dictum, felis eget malesuada hendrerit, massa eros tincidunt justo, non gravida metus enim sed justo. Cras varius dictum vulputate. Maecenas faucibus interdum mauris, sit amet varius lorem mollis eu. Pellentesque quis purus nulla, eu eleifend leo. In hac habitasse platea dictumst. Phasellus ac quam sapien.\n\nQuisque venenatis nulla nec quam porttitor congue. Phasellus a est orci. Donec adipiscing orci vitae neque congue elementum. Nunc eu tincidunt est. Vestibulum rhoncus eros a neque ultrices consectetur. Morbi vitae elit nisl, rhoncus mollis velit. Sed facilisis scelerisque ligula, eget consequat lorem cursus ac. Etiam id eros eget velit cursus iaculis eu id leo. Vestibulum congue diam non nibh luctus sollicitudin. Curabitur condimentum imperdiet lacinia. Integer vel est arcu, iaculis consequat elit. Aenean sodales placerat varius. Nullam non tortor id velit feugiat dapibus congue luctus nulla.\n\nDonec aliquet nisl quis sem volutpat nec convallis enim feugiat. Morbi congue massa in nibh lobortis porta. Fusce lacus ligula, tempor vel consectetur eget, porttitor quis dui. Vestibulum felis ante, elementum eu accumsan ac, cursus non sem. Integer eu massa est, at sodales orci. Sed semper ornare metus id consectetur. Vivamus pretium posuere metus, a consectetur nibh laoreet eget. Etiam blandit tincidunt dolor, at fermentum velit feugiat in. Sed dui neque, consectetur a tincidunt vel, volutpat at arcu. Pellentesque habitant morbi tristique senectus et netus et malesuada fames ac turpis egestas. Suspendisse hendrerit vulputate massa volutpat rutrum. Morbi luctus auctor ante, vitae congue metus convallis et. Aliquam erat volutpat. Morbi pellentesque felis at erat tristique et convallis justo suscipit. Suspendisse sit amet ipsum magna, sit amet convallis ipsum. Praesent suscipit faucibus egestas.",
  "title": "Document 4-3-1-2",
  "__meta": {
    "updateId": -1810233700,
    "cdate": 1501428290030,
    "cuser": "cn=Al Mass,o=DARWINO",
    "mdate": 1501428319900,
    "replicaId": "85257FB8005090FB",
    "changes": "qqjF",
    "muser": "cn=Al Mass,o=DARWINO",
    "seqId": 1
  }
}