{
  "firstname": "Walter",
  "comments": "<font size=\"2\" face=\"sans-serif\">The bunny leased the national duck</font><br />\r\n<font size=\"2\" face=\"sans-serif\">The metallic glass will work together with a fierce bottle</font><br />\r\n<font size=\"2\" face=\"sans-serif\">A silver dog leased a fierce bottle</font><br />\r\n<font size=\"2\" face=\"sans-serif\">Today a spoon threatened the friendly shoe</font>",
  "homephone": "(156) 573-1012",
  "city": "Detroit",
  "sex": "M",
  "picture": "http://www.gravatar.com/avatar/e528fe373fc145594356c53dd9d36ac9?d=retro",
  "lastname": "Guthrie",
  "__meta": {
    "updateId": -1810130810,
    "cdate": 1501428325710,
    "cuser": "cn=Al Mass,o=DARWINO",
    "mdate": 1501428422790,
    "replicaId": "85257FB8005090FB",
    "changes": "LVh2",
    "muser": "cn=Al Mass,o=DARWINO",
    "seqId": 2
  },
  "zipcode": "48205",
  "form": "Contact",
  "street": "236 Main Street West",
  "firstcontact": "2014-01-18T14:12:09.000-05:00",
  "workphone": "(632) 732-1647",
  "mobilephone": "(338) 507-1760",
  "company": "Scottfind",
  "state": "MI",
  "card": "<img src=\"$document-attachment/Card%7C%7Cinline-0.84.gif\" width=\"80\" height=\"80\" /><br />\r\n<font size=\"2\" face=\"sans-serif\"><b>Name</b></font><font size=\"2\" face=\"sans-serif\">: Walter Guthrie</font><br />\r\n<font size=\"2\" face=\"sans-serif\"><b>EMail</b></font><font size=\"2\" face=\"sans-serif\">: wguthrie@darwino.com</font><br />\r\n<font size=\"2\" face=\"sans-serif\"><b>Company</b></font><font size=\"2\" face=\"sans-serif\">: Scottfind</font>",
  "email": "wguthrie@darwino.com"
}