{
  "form": "CompanyDocument",
  "_parentid": "00496F4D065759818525816D0054ACFB",
  "document": "Cras faucibus euismod quam, id feugiat dui adipiscing sit amet. Mauris vitae neque vitae augue tristique tempor eget eu turpis. Quisque bibendum sem in dui volutpat at luctus velit vestibulum. Nunc ut faucibus velit. Aliquam eget mi tortor. Mauris in enim sit amet massa tempor mollis a sit amet dolor. Integer ullamcorper elit eu ante faucibus hendrerit. Phasellus vitae nunc quis massa consequat pulvinar. Aenean sagittis auctor lacus non dapibus. Vestibulum at massa magna. Nulla tortor leo, tincidunt tempor lobortis at, viverra eget eros. Morbi a metus in quam auctor sodales eget et massa.\n\nNunc eu erat eu nisi consectetur tincidunt at et elit. Fusce non nulla ut turpis rhoncus accumsan. Nunc eleifend lacinia elit vitae faucibus. Aenean iaculis imperdiet ligula, ut consequat orci interdum nec. Vestibulum pretium felis sit amet enim aliquam euismod. Suspendisse eget nisl erat. Etiam tempus malesuada eros, eu consectetur tortor venenatis et. Sed in dolor et massa condimentum dictum. Phasellus at dolor nec nulla pharetra tempus. Morbi fringilla, urna et aliquam commodo, erat ligula aliquam diam, nec congue ligula sapien ut mauris. Curabitur suscipit auctor lectus vel interdum. Maecenas in dui ipsum. Nulla sollicitudin mauris in lorem feugiat tempor. Nam tincidunt neque ut arcu egestas volutpat. Integer eleifend mi id turpis accumsan aliquet tempor nisi commodo. Aliquam sed ligula eget erat pellentesque sollicitudin ac eu ante. Nulla at ligula libero, sit amet placerat erat. In scelerisque iaculis ligula vitae mattis.\n\nVivamus eget tellus erat. Ut laoreet libero et orci dictum lobortis. Suspendisse placerat aliquam ultrices. Fusce congue felis nec neque hendrerit consequat. Cum sociis natoque penatibus et magnis dis parturient montes, nascetur ridiculus mus. Fusce faucibus, lectus accumsan dapibus consectetur, mauris dolor tempor ipsum, non consectetur sem nisl vel leo. Aenean vel justo sed ante lacinia iaculis. Duis vulputate feugiat sapien, eu luctus diam posuere ut. Maecenas sit amet mauris sit amet ipsum vulputate sagittis. In hac habitasse platea dictumst. Etiam risus velit, feugiat quis ornare nec, dapibus posuere nisl. Suspendisse elementum, velit et gravida dignissim, mi velit placerat sem, ut vehicula dui ante sed ligula. Donec sodales dui eget est bibendum venenatis. Ut a nibh volutpat tellus congue rhoncus. In congue, mi et sagittis tempus, velit ante vestibulum enim, dignissim mollis nunc risus sit amet lorem. Vestibulum fringilla, nunc et egestas placerat, lectus enim volutpat ligula, tempus aliquam nulla velit viverra nisl. Fusce erat nunc, consequat vel euismod sit amet, condimentum elementum massa.",
  "title": "Document 1-1-1",
  "__meta": {
    "updateId": -1810224570,
    "cdate": 1501428293080,
    "cuser": "cn=Al Mass,o=DARWINO",
    "mdate": 1501428329030,
    "replicaId": "85257FB8005090FB",
    "changes": "nOeI",
    "muser": "cn=Al Mass,o=DARWINO",
    "seqId": 1
  }
}