{
  "form": "CompanyDocument",
  "_parentid": "EDC67232FD04D46B8525816D0054AA8A",
  "document": "Pellentesque dolor sem, viverra eu elementum et, viverra non metus. Quisque velit purus, adipiscing nec auctor sed, porttitor eu est. Nullam sit amet dui elit. Phasellus mattis magna at arcu bibendum eu scelerisque justo aliquam. Donec sit amet odio sapien. Proin consectetur tempor dui, ut feugiat orci ultricies quis. Vestibulum nec sem tortor. In eu eros vel magna congue viverra. Duis non mauris felis. Pellentesque auctor fermentum eros. Cras in libero nisl. Aliquam erat volutpat. Quisque pellentesque auctor lorem id vulputate. Mauris in turpis vel neque ultrices consectetur eu nec risus. Maecenas enim purus, eleifend non tincidunt ut, pellentesque ut erat. Integer cursus mi eu ipsum auctor tempus. Aliquam lacinia, augue eu varius feugiat, nunc ante imperdiet ligula, eu varius risus ipsum ac felis. Vestibulum vel erat sit amet dolor iaculis eleifend. Quisque commodo urna ut enim vestibulum tincidunt. In in lacinia felis.",
  "title": "Document 2-4-3-4-4",
  "__meta": {
    "updateId": -1810243200,
    "cdate": 1501428286860,
    "cuser": "cn=Al Mass,o=DARWINO",
    "mdate": 1501428310400,
    "replicaId": "85257FB8005090FB",
    "changes": "8_nY",
    "muser": "cn=Al Mass,o=DARWINO",
    "seqId": 1
  }
}