{
  "form": "CompanyDocument",
  "_parentid": "B019550FBEC507058525816D0054AF91",
  "document": "Donec lobortis, mauris id imperdiet faucibus, diam metus suscipit eros, non ultrices neque leo non ante. Quisque tempus malesuada purus. Mauris vulputate fermentum pretium. Curabitur mattis eros a tortor pretium a varius purus aliquet. Integer erat neque, pharetra non ullamcorper sit amet, viverra at dolor. Vestibulum ante ipsum primis in faucibus orci luctus et ultrices posuere cubilia Curae; Cras eu nunc elit, sed rutrum dolor. Aenean euismod, metus ut malesuada congue, orci turpis vestibulum dolor, ac placerat diam purus nec mi. Nullam in enim nulla, et eleifend eros. Curabitur vulputate orci eget ipsum euismod ut laoreet ipsum mattis. Duis ut quam eget urna adipiscing porta. Etiam consectetur quam molestie est congue rutrum. Nunc ac risus eu arcu euismod luctus eu id nisi. Sed vel justo eu risus rhoncus malesuada.\n\nFusce a augue in erat auctor mollis. Praesent faucibus aliquet lectus et condimentum. Donec vitae mauris urna, non consectetur urna. Etiam et urna non odio volutpat viverra vitae ac mi. Etiam aliquet, odio in dictum condimentum, odio risus viverra orci, varius aliquet sem quam a tellus. Curabitur in elementum tortor. Lorem ipsum dolor sit amet, consectetur adipiscing elit. Maecenas id eros eget nisl ornare consequat. Fusce condimentum aliquam libero id ultricies. Nulla pharetra, magna eu malesuada imperdiet, lorem massa fermentum nulla, at adipiscing lorem ante a nibh. Donec vitae condimentum arcu. Pellentesque habitant morbi tristique senectus et netus et malesuada fames ac turpis egestas. Morbi venenatis orci sed dolor blandit vestibulum. Nam elit leo, eleifend ac dignissim id, adipiscing sit amet massa. Vivamus ligula dolor, pretium vel congue non, vestibulum quis turpis. Ut urna ante, rhoncus id vestibulum at, bibendum non ipsum. Integer blandit lorem sit amet quam mollis dictum. Class aptent taciti sociosqu ad litora torquent per conubia nostra, per inceptos himenaeos. Mauris non tempus justo.\n\nMaecenas mollis dui vitae justo accumsan luctus. Proin facilisis congue quam in pulvinar. Fusce quis erat augue. Aenean ac diam in turpis euismod venenatis. Aliquam pulvinar auctor urna sit amet dapibus. Vestibulum ante ipsum primis in faucibus orci luctus et ultrices posuere cubilia Curae; Cum sociis natoque penatibus et magnis dis parturient montes, nascetur ridiculus mus. Fusce tortor mi, pellentesque eu auctor tincidunt, malesuada a sem. Quisque lobortis aliquet lorem vitae tempus. In vehicula ornare mollis. Nullam sollicitudin, diam vel condimentum euismod, ligula quam volutpat mi, non pulvinar ligula erat et nisi. Curabitur laoreet nisi a lectus varius ac ultricies velit consectetur. Vestibulum a magna ut nisl aliquet elementum in sed urna. Fusce non elit id ligula placerat sodales vel in massa.\n\nSed quis odio est. Aliquam sit amet lorem velit. Nullam eu nibh eget justo tempus rutrum. Donec bibendum lacinia tortor sit amet semper. Etiam eros enim, ullamcorper sit amet venenatis quis, adipiscing eget nulla. Pellentesque pharetra, sapien vitae convallis sollicitudin, lectus orci placerat libero, in iaculis metus purus et ipsum. Aenean non justo non orci scelerisque venenatis. Proin cursus lobortis libero nec aliquet. Donec id metus et lacus ultrices cursus et non justo. Nam orci libero, consequat ac elementum nec, pretium quis nulla. Suspendisse scelerisque sapien ac sem consectetur vehicula. Nunc faucibus nunc eu augue venenatis ac laoreet nisl euismod. Praesent imperdiet metus in ipsum commodo interdum. Sed malesuada quam ut dolor ultricies hendrerit. In pulvinar mi congue est hendrerit euismod. Praesent tempus accumsan magna, ut fermentum ligula fermentum a. Integer ornare sollicitudin sodales.",
  "title": "Document 4-1-4-1",
  "__meta": {
    "updateId": -1810204730,
    "cdate": 1501428299700,
    "cuser": "cn=Al Mass,o=DARWINO",
    "mdate": 1501428348870,
    "replicaId": "85257FB8005090FB",
    "changes": "4XHN",
    "muser": "cn=Al Mass,o=DARWINO",
    "seqId": 1
  }
}