{
  "form": "CompanyDocument",
  "_parentid": "DFA58E8CCF0015FA8525816D0054B5DA",
  "document": "Nullam venenatis arcu in nunc mattis interdum. Vivamus ut facilisis velit. Sed vitae rutrum elit. Praesent vel urna vel nisl faucibus euismod nec ac nulla. Mauris mattis, tortor vel placerat facilisis, erat dolor luctus turpis, nec facilisis sapien enim at sapien. Suspendisse potenti. Pellentesque vestibulum nunc a tortor interdum quis congue nisl tincidunt. Maecenas vel nibh nec ligula vulputate scelerisque a eu arcu. In et bibendum nisi. Nulla laoreet imperdiet magna, ut ornare orci dapibus sed. Sed et urna lacus. Praesent id nulla commodo diam rhoncus consequat. Pellentesque rutrum lacinia libero, ut cursus nisl faucibus non. Pellentesque nibh risus, ultricies sit amet hendrerit et, viverra sed nulla.\n\nNam vehicula, nibh ac ultrices eleifend, odio lacus rhoncus justo, vitae consectetur eros ipsum non turpis. Vivamus placerat tristique sem. Cras malesuada odio non nibh rhoncus sed viverra dolor feugiat. Aliquam ligula purus, vehicula accumsan cursus non, scelerisque et enim. Nullam eget lorem augue. Praesent vel dui nulla. Fusce ac pulvinar enim. Aenean interdum, lorem et accumsan congue, mi mi sodales leo, ut eleifend metus nisi vitae purus. Etiam vel velit elit, ut pellentesque est. Ut eleifend quam eu elit suscipit dapibus. Duis in odio et nulla elementum mattis. Aliquam erat volutpat. Nullam sit amet eros lorem, ac pretium urna. Maecenas tempor venenatis nibh, eu fringilla orci posuere id. Vestibulum est est, sodales ut feugiat mattis, condimentum id nulla. Fusce sem erat, dapibus eu ultricies sit amet, tempor a tellus. Phasellus a consequat lectus.\n\nDonec lobortis, mauris id imperdiet faucibus, diam metus suscipit eros, non ultrices neque leo non ante. Quisque tempus malesuada purus. Mauris vulputate fermentum pretium. Curabitur mattis eros a tortor pretium a varius purus aliquet. Integer erat neque, pharetra non ullamcorper sit amet, viverra at dolor. Vestibulum ante ipsum primis in faucibus orci luctus et ultrices posuere cubilia Curae; Cras eu nunc elit, sed rutrum dolor. Aenean euismod, metus ut malesuada congue, orci turpis vestibulum dolor, ac placerat diam purus nec mi. Nullam in enim nulla, et eleifend eros. Curabitur vulputate orci eget ipsum euismod ut laoreet ipsum mattis. Duis ut quam eget urna adipiscing porta. Etiam consectetur quam molestie est congue rutrum. Nunc ac risus eu arcu euismod luctus eu id nisi. Sed vel justo eu risus rhoncus malesuada.\n\nNam vel nulla nec neque luctus facilisis. Ut adipiscing lacus id mi dignissim et gravida dui tempor. Proin faucibus faucibus diam sed sodales. Vivamus congue, dui in sagittis dignissim, ante risus ultricies erat, vitae gravida eros nulla vel urna. Maecenas pretium tincidunt mauris. Sed aliquet eros sit amet turpis ultricies vestibulum. Phasellus tristique blandit mi, sed dignissim libero scelerisque at. Praesent ultricies convallis orci, ac fermentum mi bibendum at. Vestibulum suscipit vehicula tempor. Morbi velit metus, dapibus et aliquam ac, tempor a risus. Etiam eu turpis ante. Proin et erat augue. Integer justo velit, pellentesque id condimentum ac, pulvinar in ligula. Donec lobortis erat vitae libero facilisis non rutrum elit placerat. Phasellus accumsan arcu sit amet eros dictum scelerisque. Suspendisse potenti. Proin placerat laoreet accumsan. Aliquam eu velit libero. Vivamus nec enim sed odio viverra dictum ut et urna.",
  "title": "Document 1-3-2-2-1",
  "__meta": {
    "updateId": -1810156550,
    "cdate": 1501428315790,
    "cuser": "cn=Al Mass,o=DARWINO",
    "mdate": 1501428397050,
    "replicaId": "85257FB8005090FB",
    "changes": "CvoB",
    "muser": "cn=Al Mass,o=DARWINO",
    "seqId": 1
  }
}