{
  "form": "CompanyDocument",
  "_parentid": "F589571E652677BA8525816D0054A7BB",
  "document": "Etiam a aliquam libero. Nulla et lacus lorem, sit amet vehicula enim. Nam mi arcu, sollicitudin nec vehicula ac, feugiat nec lectus. Nullam aliquam interdum laoreet. Mauris laoreet fringilla tellus, rutrum malesuada orci elementum vel. Donec varius, quam eu sollicitudin lacinia, tellus elit viverra enim, id fermentum odio nisi eu dui. In hac habitasse platea dictumst. Mauris adipiscing, dolor non ultrices tincidunt, dui mauris ultricies tortor, congue ultrices augue metus quis leo. Etiam a luctus sem. Ut gravida felis sit amet neque bibendum sollicitudin. Etiam vitae sapien eu odio dictum scelerisque. Vestibulum est nulla, porttitor at tincidunt non, tincidunt non risus. Integer sit amet justo eget tellus laoreet interdum vel quis tellus. Fusce molestie nunc nec lacus aliquet quis vestibulum ipsum tempor. Sed fermentum leo eget dui hendrerit feugiat. Ut id tortor lorem, quis porta sapien. Fusce a nisi faucibus enim auctor dapibus. In iaculis blandit arcu, a imperdiet justo sagittis eu. Fusce tristique, magna nec venenatis volutpat, tortor massa semper mauris, a semper mauris dolor viverra nisl. Pellentesque eu ligula ac sapien semper ultrices.\n\nAliquam consequat commodo augue. Nullam consectetur ultrices odio, eget malesuada lorem pretium vel. Morbi scelerisque felis non sem pellentesque sodales. Ut rutrum urna vel turpis dignissim aliquam. Nam accumsan, enim nec accumsan elementum, ipsum tellus porta felis, vel egestas tellus mi sodales lectus. Proin quis sem sem. Aenean laoreet enim non arcu pulvinar vel scelerisque lorem dapibus. Lorem ipsum dolor sit amet, consectetur adipiscing elit. Fusce eu luctus velit. Nulla in fringilla risus. Praesent sed dapibus ligula. Cras vulputate sagittis enim, vitae elementum sem consequat eget.\n\nCurabitur augue metus, vestibulum a pharetra sit amet, accumsan ac neque. Aliquam adipiscing massa at nunc dictum malesuada. Morbi orci magna, sodales sit amet consectetur ut, gravida id dolor. Donec dignissim volutpat nisi, ut pretium nibh viverra vel. Pellentesque habitant morbi tristique senectus et netus et malesuada fames ac turpis egestas. Aliquam vehicula sodales nulla. Aliquam erat volutpat. Aliquam dapibus interdum porta. Nullam interdum tortor non diam sollicitudin blandit. Phasellus pellentesque luctus ornare. Vivamus pretium, diam sed molestie viverra, orci arcu blandit sem, sit amet consectetur velit ligula sed tellus. Integer iaculis ligula interdum enim dignissim in vestibulum est posuere. Fusce est enim, tristique in rhoncus sed, convallis eu enim. Vestibulum ante ipsum primis in faucibus orci luctus et ultrices posuere cubilia Curae; Phasellus aliquam porttitor est porttitor dictum. Aliquam erat volutpat. Duis porta volutpat sem vitae porta. Pellentesque massa dolor, tempor in porttitor ornare, congue sed enim. Nulla at nibh id dolor egestas sodales tincidunt ac orci.\n\nSed et arcu ut metus vulputate ultrices pulvinar ut diam. Aliquam pharetra congue elit, vitae ultricies tellus pharetra ac. Donec ut leo sed sem suscipit accumsan. Donec porta nibh risus. Donec aliquam, lorem vitae aliquet lobortis, ligula quam sodales dui, vel auctor lacus nisi et purus. Vestibulum sollicitudin, nisi a adipiscing consectetur, neque nunc tristique nisi, nec faucibus justo erat sed mauris. Curabitur elementum orci sit amet sem egestas dapibus. Suspendisse potenti. Sed feugiat viverra erat, et ullamcorper metus ullamcorper eu. Nunc ultrices commodo nisl.",
  "title": "Document 3-2",
  "__meta": {
    "updateId": -1810264060,
    "cdate": 1501428279890,
    "cuser": "cn=Al Mass,o=DARWINO",
    "mdate": 1501428289540,
    "replicaId": "85257FB8005090FB",
    "changes": "4Bhn",
    "muser": "cn=Al Mass,o=DARWINO",
    "seqId": 1
  }
}