{
  "form": "CompanyDocument",
  "_parentid": "A771E2AFE4EBE2FA8525816D0054AB1E",
  "document": "Vestibulum ante ipsum primis in faucibus orci luctus et ultrices posuere cubilia Curae; Nullam in mi ante, eu varius risus. Aenean ante nisl, gravida quis viverra scelerisque, tristique in augue. Donec vitae velit at risus auctor mattis eu et tellus. Fusce elementum, lorem sed congue egestas, augue nibh facilisis magna, ac vehicula turpis dolor id ligula. Duis ornare aliquam ligula sit amet hendrerit. Nulla facilisi. Donec leo leo, tristique quis adipiscing et, blandit in massa. Aliquam tempus, ipsum ut elementum pretium, sem diam hendrerit nisl, a dignissim nisl tellus sit amet tortor. Cras interdum cursus nunc at ultrices. Sed dignissim porttitor velit. Morbi at nulla nec felis tincidunt dictum. Etiam quis arcu vel sem placerat eleifend. Mauris et tellus ac ligula laoreet rhoncus non quis nibh.\n\nCras convallis molestie elit, euismod pharetra nulla aliquet non. Vestibulum rutrum ornare nulla, ac tempor magna euismod at. Pellentesque vel felis ac lorem pharetra laoreet. Nulla lacus lectus, lobortis sit amet dictum ut, sollicitudin sit amet enim. In hac habitasse platea dictumst. Aenean dignissim, tellus at mattis hendrerit, tortor risus commodo dui, ac dapibus libero ipsum eget mi. Mauris semper cursus lectus ut egestas. Donec nec sapien eget quam consectetur commodo eget at est. Aliquam sit amet nulla metus. In hac habitasse platea dictumst. Proin risus purus, fermentum vel dictum vitae, suscipit ac quam.\n\nSed at odio id nunc venenatis mollis. Nunc nisi ipsum, ultrices ut bibendum vitae, tempus eu erat. Integer enim turpis, pulvinar ac vulputate at, tristique in lorem. Quisque bibendum suscipit neque. Nullam egestas facilisis placerat. Vivamus arcu arcu, euismod eget euismod malesuada, interdum eu elit. Curabitur lorem leo, sodales dapibus egestas nec, interdum eget odio. Aliquam erat volutpat. Quisque congue magna eu augue ornare cursus. Nulla ultricies, sem eget sodales porta, nunc eros tempus quam, ac rhoncus purus neque at nunc. Sed dolor lacus, vehicula sit amet venenatis at, sagittis quis nisi. Phasellus quam leo, rhoncus non facilisis ut, fringilla ac velit. Cum sociis natoque penatibus et magnis dis parturient montes, nascetur ridiculus mus. Sed semper, sem sed tempor vulputate, libero velit feugiat dolor, sodales bibendum sapien lacus non velit. Duis ante felis, gravida eu pellentesque in, semper quis mauris. Aliquam ullamcorper, ipsum vel convallis sagittis, dui arcu consequat est, in sodales velit leo sit amet mauris.\n\nProin a nunc diam, a faucibus dui. Curabitur tincidunt erat in mauris dignissim imperdiet. Morbi lacinia gravida augue sit amet elementum. Ut mattis, purus ut viverra consequat, justo nulla tristique lacus, a ultrices enim purus sed orci. Praesent est ante, pulvinar tempor dictum et, rhoncus ultricies libero. Fusce mauris nisi, suscipit non scelerisque quis, lobortis congue dui. Donec luctus placerat tellus, id laoreet arcu accumsan quis. Nullam ullamcorper porttitor pulvinar. Quisque lorem nibh, dictum ut tincidunt nec, sollicitudin in leo. Aenean libero erat, venenatis quis scelerisque nec, gravida ut purus. Vivamus sed libero sit amet leo pellentesque viverra eu eu tortor. In massa elit, pharetra vel lobortis id, consequat a lectus. Vivamus tincidunt viverra neque id dictum. Morbi vitae est tortor. Pellentesque habitant morbi tristique senectus et netus et malesuada fames ac turpis egestas. Sed non magna purus, et gravida nulla.",
  "title": "Document 1-2-4-2-1",
  "__meta": {
    "updateId": -1810238860,
    "cdate": 1501428288310,
    "cuser": "cn=Al Mass,o=DARWINO",
    "mdate": 1501428314740,
    "replicaId": "85257FB8005090FB",
    "changes": "vz4A",
    "muser": "cn=Al Mass,o=DARWINO",
    "seqId": 1
  }
}