{
  "form": "CompanyDocument",
  "_parentid": "F14343154B5337308525816D0054ADA2",
  "document": "Suspendisse ultrices aliquet orci, at dapibus nibh blandit ac. Sed euismod dictum molestie. Etiam leo massa, vestibulum nec fermentum vitae, iaculis ac est. Vivamus nisl urna, porta vel viverra eu, dictum at justo. Nullam eu augue pretium leo eleifend porta. Vestibulum et sem quis magna posuere blandit a at odio. Proin blandit feugiat lorem vel interdum. Nam varius fringilla ipsum condimentum interdum. Donec enim nulla, sodales eu convallis sed, sagittis quis tortor. In dolor nulla, vestibulum at faucibus ornare, imperdiet non odio. Donec vestibulum elementum felis, eget gravida turpis tristique at. Nulla porta nulla sed diam faucibus porta. Vestibulum adipiscing nunc vel dolor vestibulum non mattis metus eleifend. Vivamus ultrices accumsan lorem, et fermentum libero vestibulum at. Ut orci elit, eleifend aliquam egestas vel, vestibulum in dui. Morbi in nisl in urna tincidunt euismod. Vestibulum molestie arcu ut nunc tincidunt non facilisis arcu consectetur.\n\nDonec ut turpis in libero laoreet vestibulum vitae id tortor. Curabitur justo purus, egestas id mollis id, lacinia quis lorem. Vivamus nisl sapien, laoreet sed ornare quis, imperdiet volutpat enim. Nullam aliquet aliquam odio sit amet convallis. Nullam auctor leo vitae sapien sagittis sed eleifend velit fermentum. In felis eros, feugiat ac tincidunt id, consectetur quis enim. Quisque laoreet lacinia hendrerit. Phasellus fermentum volutpat erat, vitae porta turpis molestie laoreet. Suspendisse eu elit dolor, nec tempor sem. Donec tincidunt, orci sed ultricies sodales, enim velit elementum felis, eu auctor est lectus eget odio. Sed semper eros sit amet tellus pretium tincidunt.\n\nIn a enim sit amet elit bibendum scelerisque eget id neque. Donec sed tellus dolor, sed luctus magna. Vestibulum ac tellus ac est euismod tincidunt. Curabitur nisi quam, faucibus et porttitor quis, faucibus ac ligula. Pellentesque dictum, lectus a scelerisque imperdiet, odio neque hendrerit ligula, mattis viverra eros mi eget libero. Donec ut enim ut elit vehicula malesuada. Nunc consectetur elementum facilisis. Donec eleifend congue nulla ut fermentum. Class aptent taciti sociosqu ad litora torquent per conubia nostra, per inceptos himenaeos. Class aptent taciti sociosqu ad litora torquent per conubia nostra, per inceptos himenaeos. Nulla sit amet aliquam urna.\n\nIn venenatis egestas mauris eget semper. Fusce condimentum ligula sed elit accumsan non tristique dui adipiscing. Nulla accumsan varius orci et laoreet. Fusce et tortor vel ante ultricies venenatis. Aenean sollicitudin, sapien a tincidunt scelerisque, tortor mauris tempor nisi, eu laoreet magna dui ut enim. Morbi vitae elit arcu. Aenean quis cursus nisi. Vivamus tempus, odio in tempus ullamcorper, urna orci tempor eros, nec porttitor magna tellus quis nunc. Vivamus adipiscing pellentesque felis, ut tincidunt nisi convallis ac. Nulla facilisi. Aliquam pulvinar nunc eu orci accumsan viverra. Quisque quis turpis dolor. In hac habitasse platea dictumst. Nullam augue odio, tincidunt a pellentesque at, consequat quis sem. Sed ultricies quam eget odio facilisis sollicitudin. Aenean quis mauris ante.",
  "title": "Document 4-3-4-4-1",
  "__meta": {
    "updateId": -1810219560,
    "cdate": 1501428294750,
    "cuser": "cn=Al Mass,o=DARWINO",
    "mdate": 1501428334040,
    "replicaId": "85257FB8005090FB",
    "changes": "lSqg",
    "muser": "cn=Al Mass,o=DARWINO",
    "seqId": 1
  }
}