{
  "form": "CompanyDocument",
  "_parentid": "27AB6A9CBABE01C38525816D0054B352",
  "document": "Class aptent taciti sociosqu ad litora torquent per conubia nostra, per inceptos himenaeos. Mauris pellentesque commodo dolor ac aliquet. Sed a libero ipsum, scelerisque luctus nisi. Aliquam viverra, urna sollicitudin fermentum porta, leo enim sodales mauris, ac iaculis lectus ligula eget lectus. Pellentesque leo nibh, imperdiet sit amet cursus at, semper vitae nibh. Pellentesque quam velit, volutpat lobortis dapibus malesuada, ultrices vel est. Etiam sit amet orci dui. Donec tristique consequat scelerisque. Donec vitae metus justo. Etiam quis libero eget sapien vestibulum ultricies sed at lorem.\n\nPraesent vitae metus ac nulla varius scelerisque vitae et justo. Suspendisse egestas, tellus a interdum malesuada, turpis eros sodales justo, vel auctor ligula sapien eget magna. Aliquam consectetur tristique pretium. Fusce tortor ante, varius tincidunt sodales ut, fermentum a erat. Pellentesque molestie consectetur mauris. Curabitur fermentum sapien sit amet nunc blandit pretium. Vivamus bibendum nisi in tellus vehicula eget pretium arcu sollicitudin. Nam iaculis nulla sed arcu congue interdum. Suspendisse libero eros, condimentum eget iaculis ut, pharetra sed dui. Vestibulum nunc lacus, faucibus id pulvinar a, cursus non purus. Nam sed varius purus.\n\nEtiam sed sapien sapien, id varius tellus. Donec orci enim, porttitor ac tempor euismod, dictum ut sem. Donec at nisi lacus, in malesuada sapien. Duis egestas tempor laoreet. Donec consequat iaculis lectus quis eleifend. Morbi sagittis lacus non lectus volutpat sodales. Nunc lacinia varius tempor. Nunc diam diam, vulputate in feugiat vel, faucibus at lectus. Donec feugiat convallis est, in fermentum nunc iaculis in. Aliquam at leo enim, in semper mauris. Proin ultricies fermentum nunc eget lacinia. Integer condimentum fermentum mauris. Mauris vehicula, lacus eu gravida imperdiet, dui sapien dapibus tortor, eget feugiat mi arcu sit amet enim. Suspendisse potenti. Morbi urna quam, suscipit id adipiscing in, volutpat at turpis. In sagittis, sapien vitae sagittis scelerisque, nisl velit tincidunt urna, consequat tincidunt urna ligula at sem. In semper nisl nec massa gravida ac fringilla quam elementum.\n\nIn rhoncus sagittis dictum. Aenean eu est eu urna vestibulum vestibulum sit amet nec velit. Suspendisse tortor quam, volutpat quis vehicula pharetra, vestibulum a nunc. Nulla facilisis feugiat leo, ac dapibus sem lacinia quis. Donec at ligula risus. Suspendisse tincidunt cursus mi ac aliquet. Suspendisse mollis lobortis risus, nec pretium nisl tincidunt quis. Vestibulum ultricies, nibh ut consectetur semper, massa ipsum viverra metus, nec eleifend nisl tortor eu dui. Pellentesque quis felis at nulla accumsan gravida. Aliquam erat volutpat. Etiam nec ante sed felis tristique tempus. Aliquam in congue velit. Mauris volutpat dictum aliquet.",
  "title": "Document 6-2-2-2-2",
  "__meta": {
    "updateId": -1810175920,
    "cdate": 1501428309320,
    "cuser": "cn=Al Mass,o=DARWINO",
    "mdate": 1501428377680,
    "replicaId": "85257FB8005090FB",
    "changes": "lRHp",
    "muser": "cn=Al Mass,o=DARWINO",
    "seqId": 1
  }
}