{
  "form": "CompanyDocument",
  "_parentid": "9BEC0E3D077003568525816D0054B34D",
  "document": "Aliquam ut risus metus, ac euismod lacus. Nullam ultricies sagittis dolor, et lobortis dolor condimentum et. Maecenas et orci lacus, at molestie erat. Proin nisi dui, vulputate sit amet adipiscing ac, porta at ipsum. Pellentesque vitae condimentum velit. Aenean nibh ante, aliquet ut aliquam non, placerat rhoncus justo. Nam euismod sagittis felis at mattis. Aenean eros libero, gravida id tristique euismod, scelerisque a est. In hac habitasse platea dictumst. Nulla euismod dictum ipsum. Ut quis urna nec sapien lobortis pharetra id quis enim. Class aptent taciti sociosqu ad litora torquent per conubia nostra, per inceptos himenaeos. Curabitur et magna venenatis leo congue sollicitudin sed sit amet arcu.\n\nMaecenas dapibus sem quis dolor lacinia eu scelerisque tellus egestas. Integer a augue orci. Proin suscipit libero non odio tincidunt imperdiet. Ut sed lorem nisl, nec auctor lorem. Phasellus et tristique libero. Fusce porttitor dolor eget nisl pellentesque non malesuada metus vestibulum. Etiam semper velit ac eros viverra porttitor. Curabitur vel leo a risus venenatis scelerisque. Aenean congue vestibulum porttitor. Mauris sit amet nunc enim, ac facilisis dolor. Class aptent taciti sociosqu ad litora torquent per conubia nostra, per inceptos himenaeos. Donec nec tortor orci, id tempus turpis. Quisque lobortis turpis non nunc mollis nec placerat dolor vestibulum. Pellentesque dictum tortor quis arcu cursus at tincidunt justo rutrum. Class aptent taciti sociosqu ad litora torquent per conubia nostra, per inceptos himenaeos.\n\nNullam a mi et arcu tristique blandit. Nullam sed velit quis massa pharetra condimentum a sed diam. Mauris in nibh quis arcu vehicula dictum. Mauris nec libero sapien, non mattis augue. Nulla justo odio, laoreet vitae iaculis eu, ullamcorper sit amet dui. Maecenas pretium cursus quam cursus aliquet. Sed lobortis sem ut nibh pharetra suscipit. Nulla turpis tellus, faucibus eget mollis at, molestie eget massa. Sed vitae arcu nibh. Sed eu massa quam. Maecenas viverra faucibus leo, at blandit mi commodo accumsan. Duis bibendum, sem id consectetur mattis, dolor massa vestibulum elit, sit amet convallis sem eros non dolor. Donec facilisis adipiscing magna vel sagittis. Suspendisse potenti. Phasellus porta ullamcorper diam, a ultrices lorem hendrerit vel.",
  "title": "Document 6-2-2-1-1",
  "__meta": {
    "updateId": -1810176100,
    "cdate": 1501428309260,
    "cuser": "cn=Al Mass,o=DARWINO",
    "mdate": 1501428377500,
    "replicaId": "85257FB8005090FB",
    "changes": "@ROd",
    "muser": "cn=Al Mass,o=DARWINO",
    "seqId": 1
  }
}