{
  "form": "CompanyDocument",
  "_parentid": "762EA2F7E35FDD158525816D0054B823",
  "document": "Ut venenatis vulputate dui vel blandit. Aenean convallis tempor turpis ut sodales. Suspendisse a ligula et sem iaculis vulputate congue convallis erat. Duis ultrices pellentesque arcu et lobortis. Vivamus metus est, accumsan aliquet cursus sed, volutpat a mauris. Duis ut tellus metus, pulvinar varius felis. Vestibulum ante ipsum primis in faucibus orci luctus et ultrices posuere cubilia Curae; Quisque ac orci a est congue aliquam. Nam turpis libero, porttitor in suscipit sit amet, rhoncus non sapien. Nulla a turpis id mauris venenatis tincidunt. Donec consectetur, nunc eget venenatis tempus, massa nulla elementum nisi, at feugiat nibh nisl quis orci. Nulla sollicitudin volutpat odio, id lacinia ante cursus quis. Nam nisl orci, commodo et tempor nec, aliquet vitae turpis. Vestibulum ante ipsum primis in faucibus orci luctus et ultrices posuere cubilia Curae; Vivamus ipsum nibh, placerat sit amet pretium id, suscipit dapibus diam. Vestibulum faucibus accumsan scelerisque. Curabitur in neque massa. Duis porttitor consequat est. Nullam sagittis dictum tortor quis sagittis. Cras ut sem nec quam aliquam viverra id pellentesque tortor.\n\nSuspendisse eget viverra massa. Morbi mollis, sem ut blandit tempus, elit lacus tristique arcu, volutpat ultricies nibh leo non enim. Vestibulum hendrerit placerat pellentesque. Duis mauris justo, tincidunt nec faucibus in, dignissim id sem. Aliquam et mauris vel nulla dapibus tristique vitae vitae ipsum. Proin luctus tortor in est elementum accumsan. Quisque id ligula sit amet est adipiscing venenatis. Lorem ipsum dolor sit amet, consectetur adipiscing elit. Pellentesque habitant morbi tristique senectus et netus et malesuada fames ac turpis egestas. Vivamus sodales, diam sed tristique cursus, lacus leo tempor nisl, in gravida dui felis eget turpis. Mauris ipsum erat, laoreet ac blandit eu, vulputate sed risus. Donec dignissim, nunc id tristique facilisis, velit augue tempus elit, at ultrices odio velit in enim. Nunc semper malesuada pretium. Fusce ut augue orci, quis mattis ligula.\n\nVestibulum quis mattis felis. Mauris nec magna eu metus gravida aliquet. Quisque a viverra lorem. Nulla facilisi. Cras nibh purus, luctus sit amet tempus in, condimentum vitae nibh. Curabitur a arcu at lectus convallis laoreet. Cras vel tortor massa. Mauris a molestie tellus. Proin mollis cursus arcu venenatis adipiscing. Sed adipiscing magna a ligula iaculis mattis. Nullam tempus molestie tortor, eu tempus ipsum ornare vel. Morbi sed augue eu massa pulvinar porttitor vitae id velit.",
  "title": "Document 6-3-2",
  "__meta": {
    "updateId": -1810138880,
    "cdate": 1501428321690,
    "cuser": "cn=Al Mass,o=DARWINO",
    "mdate": 1501428414720,
    "replicaId": "85257FB8005090FB",
    "changes": "skFm",
    "muser": "cn=Al Mass,o=DARWINO",
    "seqId": 1
  }
}