{
  "form": "CompanyDocument",
  "_parentid": "96210E480F2F62E08525816D0054B7D6",
  "document": "Phasellus nisi nunc, porttitor non faucibus ut, viverra varius lectus. Donec ultricies ultrices viverra. Nunc vitae diam eget libero consectetur volutpat a nec orci. Fusce sed metus tristique metus consectetur consectetur a eget dolor. Ut convallis urna sit amet orci iaculis scelerisque. Ut justo ante, venenatis quis vehicula id, accumsan adipiscing justo. Nunc adipiscing augue quis tellus mollis at mollis massa commodo. Praesent accumsan venenatis euismod. Ut lacus odio, molestie at cursus volutpat, consectetur sit amet ligula. Suspendisse eu mauris sed est aliquet lobortis. Pellentesque habitant morbi tristique senectus et netus et malesuada fames ac turpis egestas. Ut orci lacus, vulputate sit amet fringilla sit amet, tincidunt suscipit urna. Morbi at enim quis lacus tempus egestas.\n\nNullam venenatis arcu in nunc mattis interdum. Vivamus ut facilisis velit. Sed vitae rutrum elit. Praesent vel urna vel nisl faucibus euismod nec ac nulla. Mauris mattis, tortor vel placerat facilisis, erat dolor luctus turpis, nec facilisis sapien enim at sapien. Suspendisse potenti. Pellentesque vestibulum nunc a tortor interdum quis congue nisl tincidunt. Maecenas vel nibh nec ligula vulputate scelerisque a eu arcu. In et bibendum nisi. Nulla laoreet imperdiet magna, ut ornare orci dapibus sed. Sed et urna lacus. Praesent id nulla commodo diam rhoncus consequat. Pellentesque rutrum lacinia libero, ut cursus nisl faucibus non. Pellentesque nibh risus, ultricies sit amet hendrerit et, viverra sed nulla.",
  "title": "Document 2-1-1-1",
  "__meta": {
    "updateId": -1810141340,
    "cdate": 1501428320870,
    "cuser": "cn=Al Mass,o=DARWINO",
    "mdate": 1501428412260,
    "replicaId": "85257FB8005090FB",
    "changes": "HpX9",
    "muser": "cn=Al Mass,o=DARWINO",
    "seqId": 1
  }
}