{
  "form": "CompanyDocument",
  "_parentid": "F5290A958A2B59C68525816D0054A78D",
  "document": "In hac habitasse platea dictumst. Duis consequat bibendum nisl, ac volutpat ligula imperdiet sit amet. Sed dui ante, dignissim eu tempus vitae, faucibus sed nunc. Nam justo metus, bibendum nec dictum non, feugiat sit amet nibh. Mauris eget urna ipsum. Quisque magna odio, placerat non blandit et, facilisis convallis purus. Lorem ipsum dolor sit amet, consectetur adipiscing elit. Phasellus venenatis lacus ac eros luctus tristique. Maecenas adipiscing eros ut augue elementum euismod. Donec laoreet orci pellentesque nibh hendrerit aliquam. Mauris congue aliquet semper. Donec sollicitudin ultrices vehicula. In vitae sem erat. Curabitur scelerisque turpis vitae massa varius blandit. Morbi dictum ullamcorper massa fermentum porttitor.\n\nDuis ut elit ante. Nulla congue tempor egestas. Sed id ligula lacus. Suspendisse potenti. Nam et metus ligula, at tristique orci. Aenean gravida orci eget leo feugiat lobortis. Vestibulum ante ipsum primis in faucibus orci luctus et ultrices posuere cubilia Curae; Donec tincidunt massa id risus tristique tincidunt. Quisque facilisis fermentum sem in tincidunt. Vestibulum suscipit sem viverra justo imperdiet blandit egestas tempus nisl. Mauris nunc diam, mollis ut rutrum eget, ornare a urna. Praesent condimentum neque sit amet erat facilisis blandit. Morbi elementum risus id sem mollis pharetra. Ut lorem est, semper sed placerat ac, luctus ut dolor. Suspendisse non massa justo.\n\nPraesent vitae metus ac nulla varius scelerisque vitae et justo. Suspendisse egestas, tellus a interdum malesuada, turpis eros sodales justo, vel auctor ligula sapien eget magna. Aliquam consectetur tristique pretium. Fusce tortor ante, varius tincidunt sodales ut, fermentum a erat. Pellentesque molestie consectetur mauris. Curabitur fermentum sapien sit amet nunc blandit pretium. Vivamus bibendum nisi in tellus vehicula eget pretium arcu sollicitudin. Nam iaculis nulla sed arcu congue interdum. Suspendisse libero eros, condimentum eget iaculis ut, pharetra sed dui. Vestibulum nunc lacus, faucibus id pulvinar a, cursus non purus. Nam sed varius purus.",
  "title": "Document 1-2-1-1-2",
  "__meta": {
    "updateId": -1810266160,
    "cdate": 1501428279190,
    "cuser": "cn=Al Mass,o=DARWINO",
    "mdate": 1501428287440,
    "replicaId": "85257FB8005090FB",
    "changes": "ZzUo",
    "muser": "cn=Al Mass,o=DARWINO",
    "seqId": 1
  }
}