{
  "form": "CompanyDocument",
  "_parentid": "BB36956657DCE7648525816D0054B177",
  "document": "Nulla in lectus erat, nec sagittis mauris. Proin ut sem tellus. Morbi ut leo augue. Quisque tempus, augue in ornare varius, purus leo viverra arcu, sit amet pharetra leo mauris sit amet enim. Donec viverra rhoncus lacus, eu eleifend neque placerat quis. Etiam convallis sem ac justo feugiat viverra. Cras porta orci quis nunc auctor eu porttitor felis convallis. Class aptent taciti sociosqu ad litora torquent per conubia nostra, per inceptos himenaeos. Sed porttitor bibendum dictum. Sed id pellentesque diam. In gravida vulputate lacinia. Cras fringilla est id massa laoreet a porta est rutrum. Sed fringilla sodales ante a imperdiet. Quisque sagittis lorem non augue gravida posuere nec nec velit. Etiam id quam ac quam auctor iaculis. Donec commodo, tellus et ultrices faucibus, mauris nisl commodo est, at sodales libero ante vitae mauris. Quisque tincidunt lacinia dapibus. Nam quis ligula non odio tempor mollis ut ut ante. Nam erat ante, laoreet nec adipiscing sit amet, suscipit ut arcu.\n\nAenean suscipit ipsum orci, vitae ullamcorper risus. Pellentesque habitant morbi tristique senectus et netus et malesuada fames ac turpis egestas. Maecenas et orci ut purus placerat pretium. Nullam iaculis eros eu augue ultricies nec varius eros fermentum. Quisque justo quam, mollis blandit ultrices sit amet, tempus in tellus. In et egestas tellus. Ut velit dui, egestas ut feugiat eget, fermentum ut dolor. Cras ut elementum dui. Duis augue velit, vulputate ut facilisis id, viverra cursus urna. Cras sapien dolor, elementum id suscipit id, gravida sit amet dui. Mauris ut sapien nec dui iaculis congue. Sed elit nisl, tristique vitae blandit nec, luctus vitae dui. Vestibulum et ultrices purus. Sed vestibulum consequat laoreet. Maecenas rutrum sollicitudin nulla vel porta.\n\nNulla eget felis ac sapien ornare tincidunt in at metus. Maecenas fringilla aliquet est, a volutpat tellus interdum ac. Etiam vel commodo dui. Phasellus ultricies tellus quis libero condimentum quis pulvinar nunc facilisis. Praesent purus magna, ultrices nec eleifend porta, dignissim non ligula. Nullam posuere metus vitae nunc sollicitudin imperdiet. Pellentesque consectetur ligula vitae metus bibendum quis rutrum mauris eleifend. Mauris quam dolor, imperdiet id porta quis, porttitor id nulla. Nulla tempor, mi sit amet ullamcorper vestibulum, orci tellus tincidunt nunc, ac tincidunt risus augue rhoncus justo. Lorem ipsum dolor sit amet, consectetur adipiscing elit.",
  "title": "Document 3-1-1",
  "__meta": {
    "updateId": -1810190180,
    "cdate": 1501428304560,
    "cuser": "cn=Al Mass,o=DARWINO",
    "mdate": 1501428363420,
    "replicaId": "85257FB8005090FB",
    "changes": "sCZ_",
    "muser": "cn=Al Mass,o=DARWINO",
    "seqId": 1
  }
}