{
  "form": "CompanyDocument",
  "_parentid": "7F06F485B11443718525816D0054AFA3",
  "document": "Proin at mi eget mauris euismod dictum eu vitae justo. Sed dolor erat, ultricies elementum gravida tempus, porttitor eu sem. Lorem ipsum dolor sit amet, consectetur adipiscing elit. Curabitur ullamcorper tincidunt mi, tempus tempor enim eleifend rutrum. Maecenas at justo orci, ut placerat massa. Nullam pulvinar nisl ac orci facilisis non dictum erat placerat. Integer nibh purus, volutpat eget interdum eget, iaculis et sapien. Quisque faucibus porta tellus, non lacinia dolor rhoncus a. Mauris ut molestie nulla. Mauris sagittis felis in augue mattis commodo. Lorem ipsum dolor sit amet, consectetur adipiscing elit. Nam quis metus quis nunc cursus auctor id eu augue. Phasellus convallis iaculis ipsum, at ullamcorper quam feugiat at. Curabitur sed nibh et tellus faucibus congue ac lacinia risus.\n\nSed et nibh elit, in vestibulum mi. Etiam viverra, ipsum nec rhoncus convallis, massa nisl fermentum felis, id bibendum neque augue in arcu. Vivamus vel enim sem. Ut pharetra felis sed eros venenatis eu facilisis nisi mattis. Cras sed arcu risus, quis dictum libero. Quisque imperdiet luctus est nec vestibulum. Vestibulum interdum, tortor et sodales pretium, augue nunc vehicula nibh, ac dictum sem neque quis sem. Duis arcu metus, pellentesque et molestie vel, viverra in orci. Nulla libero ante, pulvinar a pretium id, pharetra a enim. Nullam id libero gravida nibh gravida faucibus eget et nulla. Phasellus quis dolor risus.",
  "title": "Document 4-2-1-1-1",
  "__meta": {
    "updateId": -1810204190,
    "cdate": 1501428299880,
    "cuser": "cn=Al Mass,o=DARWINO",
    "mdate": 1501428349410,
    "replicaId": "85257FB8005090FB",
    "changes": "XYkd",
    "muser": "cn=Al Mass,o=DARWINO",
    "seqId": 1
  }
}