{
  "form": "CompanyDocument",
  "_parentid": "C38473747A65A4A08525816D0054B028",
  "document": "Aenean aliquet iaculis quam sit amet semper. Sed in justo vitae ipsum blandit bibendum. Proin lobortis, enim a tempus ornare, ipsum ipsum porttitor turpis, non sodales elit justo nec eros. Pellentesque orci nibh, sodales id dictum eu, bibendum a tortor. Suspendisse potenti. Vivamus laoreet semper egestas. Aenean nisi urna, consequat et dictum sed, rhoncus sed dolor. Cras pretium fringilla lobortis. Sed leo lacus, aliquam nec adipiscing in, tempus bibendum purus. Sed hendrerit nibh ac erat ultrices varius. Pellentesque id scelerisque orci. Nulla tristique placerat tristique. Curabitur ullamcorper, libero in posuere porttitor, odio urna feugiat magna, quis pulvinar orci neque id urna. Ut volutpat sem in lectus fermentum sed iaculis elit tincidunt. Integer quam lorem, eleifend at convallis accumsan, commodo posuere dolor. Integer consectetur purus ut nisi sagittis consequat. Pellentesque facilisis pretium neque nec feugiat.\n\nDonec sit amet odio sed dolor tincidunt commodo. Phasellus vitae neque a diam consectetur lacinia. In eget nisi metus. Quisque vehicula, urna mollis iaculis placerat, neque sapien pulvinar risus, at suscipit justo odio consectetur mauris. Aenean facilisis purus a quam commodo ac ultricies ante lacinia. Fusce a lectus massa, non convallis orci. Vestibulum cursus accumsan congue. Sed vestibulum orci vitae neque sollicitudin fringilla. Praesent mollis posuere dolor semper pulvinar. Pellentesque sollicitudin, quam eu dapibus facilisis, velit justo vestibulum lorem, at sollicitudin augue enim quis eros. Aliquam ut ante enim. Cras sit amet lectus nec odio sodales tincidunt. Curabitur hendrerit felis vitae nisl tempus vitae lobortis orci aliquam. Integer faucibus lectus vel purus eleifend elementum. Aliquam nec ultricies ipsum. Donec eu blandit arcu. Vivamus cursus, turpis a porttitor lobortis, ligula sapien aliquam dolor, vel tincidunt justo nulla in tellus. Etiam tincidunt laoreet laoreet. Nulla velit odio, convallis tempus eleifend in, fermentum ac nisl.",
  "title": "Document 1-2-3-1-2",
  "__meta": {
    "updateId": -1810200180,
    "cdate": 1501428301220,
    "cuser": "cn=Al Mass,o=DARWINO",
    "mdate": 1501428353420,
    "replicaId": "85257FB8005090FB",
    "changes": "uk@I",
    "muser": "cn=Al Mass,o=DARWINO",
    "seqId": 1
  }
}