{
  "form": "CompanyDocument",
  "_parentid": "E2FE81EB63E5224B8525816D0054B740",
  "document": "Nunc id eros sit amet nibh interdum commodo. In hac habitasse platea dictumst. Aliquam eget dapibus nisl. Quisque nec nisl eu ante rutrum malesuada. In in justo ac ipsum congue condimentum. Duis dignissim mi lectus, vel pharetra purus. Donec quis nunc sapien. Integer in orci sapien, non porta nisi. Vestibulum consectetur aliquet dolor et suscipit. Curabitur blandit felis sit amet lorem malesuada non luctus diam iaculis. In eu dolor velit, non iaculis tortor. Donec gravida turpis id enim tempor eleifend.\n\nVestibulum ullamcorper faucibus tellus, vel pulvinar nisi hendrerit vitae. Praesent sit amet tellus feugiat augue molestie fringilla. Aliquam hendrerit libero lacinia massa gravida feugiat. Maecenas quis molestie felis. Nunc iaculis nibh a leo sagittis fringilla. Donec ultrices malesuada ligula, quis fermentum diam auctor lacinia. Morbi est odio, rutrum vitae ornare sit amet, porttitor eu velit. Nunc congue tristique accumsan. Nullam pellentesque leo sed sapien cursus sollicitudin. Pellentesque ante diam, facilisis a sodales sed, sodales et mauris. Aenean et tellus augue. Aliquam molestie, arcu ut egestas scelerisque, mauris ipsum convallis elit, luctus lacinia velit sem quis lorem. Ut vel vehicula enim. Ut congue sagittis odio, vitae sodales nulla pellentesque consequat. Phasellus rhoncus porta ligula ac gravida. Sed dapibus congue sodales.",
  "title": "Document 1-2-3-2-2",
  "__meta": {
    "updateId": -1810145800,
    "cdate": 1501428319380,
    "cuser": "cn=Al Mass,o=DARWINO",
    "mdate": 1501428407800,
    "replicaId": "85257FB8005090FB",
    "changes": "TcnF",
    "muser": "cn=Al Mass,o=DARWINO",
    "seqId": 1
  }
}