{
  "form": "CompanyDocument",
  "_parentid": "AFE5D906111A6C008525816D0054AAB1",
  "document": "Suspendisse id semper nunc. Phasellus semper, mi sit amet tincidunt cursus, erat dolor tempus elit, ut hendrerit neque nibh ultrices arcu. Nulla malesuada, felis a feugiat fermentum, sapien diam vulputate arcu, non feugiat odio nunc in quam. Nam sed arcu id diam ornare pharetra nec at diam. Maecenas ultricies libero in velit mollis faucibus. Vivamus pellentesque euismod dignissim. Fusce ultrices arcu urna, ac tristique diam. Mauris egestas porta arcu eget interdum. Fusce purus sem, viverra porta vehicula id, varius a nisl. Duis mollis facilisis massa, ac mattis arcu interdum eu. Nullam mollis, nulla in elementum venenatis, velit lacus adipiscing ante, id rhoncus nulla urna non lectus. Maecenas ac felis et lectus scelerisque vulputate nec ut enim. Vestibulum ante ipsum primis in faucibus orci luctus et ultrices posuere cubilia Curae; Etiam tempus felis eget lacus sagittis volutpat. In augue lorem, ornare nec sodales quis, sagittis vel mauris. Mauris nec metus eget arcu pulvinar dignissim. Vivamus auctor sodales varius. Mauris aliquam scelerisque ipsum in dapibus. Suspendisse eu aliquam eros.",
  "title": "Document 4-2-1-3-2",
  "__meta": {
    "updateId": -1810242090,
    "cdate": 1501428287230,
    "cuser": "cn=Al Mass,o=DARWINO",
    "mdate": 1501428311510,
    "replicaId": "85257FB8005090FB",
    "changes": "MPCV",
    "muser": "cn=Al Mass,o=DARWINO",
    "seqId": 1
  }
}