{
  "form": "CompanyDocument",
  "_parentid": "8FDA5B299BDC94F18525816D0054B799",
  "document": "Duis ut elit ante. Nulla congue tempor egestas. Sed id ligula lacus. Suspendisse potenti. Nam et metus ligula, at tristique orci. Aenean gravida orci eget leo feugiat lobortis. Vestibulum ante ipsum primis in faucibus orci luctus et ultrices posuere cubilia Curae; Donec tincidunt massa id risus tristique tincidunt. Quisque facilisis fermentum sem in tincidunt. Vestibulum suscipit sem viverra justo imperdiet blandit egestas tempus nisl. Mauris nunc diam, mollis ut rutrum eget, ornare a urna. Praesent condimentum neque sit amet erat facilisis blandit. Morbi elementum risus id sem mollis pharetra. Ut lorem est, semper sed placerat ac, luctus ut dolor. Suspendisse non massa justo.",
  "title": "Document 3-1-1-1",
  "__meta": {
    "updateId": -1810143160,
    "cdate": 1501428320260,
    "cuser": "cn=Al Mass,o=DARWINO",
    "mdate": 1501428410440,
    "replicaId": "85257FB8005090FB",
    "changes": "AAu1",
    "muser": "cn=Al Mass,o=DARWINO",
    "seqId": 1
  }
}