{
  "form": "CompanyDocument",
  "_parentid": "766005B889A04B7D8525816D0054AD87",
  "document": "Vestibulum augue felis, tincidunt in ornare auctor, condimentum in arcu. Phasellus risus erat, convallis sit amet hendrerit pharetra, porta nec felis. Mauris ultricies aliquam neque a commodo. Donec pharetra egestas quam, eget molestie metus placerat id. Ut tempus arcu vitae lorem ornare dignissim. Donec eleifend purus sagittis orci gravida eleifend. Maecenas sed dui non eros auctor adipiscing. Pellentesque vestibulum dolor in ligula interdum congue. Aenean tempus auctor varius. Duis est augue, facilisis ut viverra non, porttitor nec erat. Vestibulum ante ipsum primis in faucibus orci luctus et ultrices posuere cubilia Curae; Maecenas aliquet, tellus et pellentesque convallis, sem urna malesuada nunc, ac mollis nunc quam nec elit. Nulla facilisi. Curabitur diam elit, viverra vel interdum facilisis, lacinia quis justo. Aliquam diam ante, rhoncus eu commodo at, porta quis sapien. Maecenas lacus risus, mattis at vestibulum at, aliquet eget tellus. Aenean a vestibulum nisi. Phasellus nunc eros, imperdiet et aliquam sed, tempor in nisi. Vestibulum faucibus venenatis blandit. Integer vestibulum tincidunt turpis, eget ultrices nunc mollis sit amet.\n\nPellentesque bibendum placerat scelerisque. Curabitur dignissim ipsum a nisi scelerisque lobortis. Sed tempor, sapien tincidunt pharetra lacinia, ipsum purus tempor lorem, in porttitor ante lectus eget ligula. Nulla fermentum, lectus at varius interdum, est velit laoreet purus, at porta ligula dolor quis sapien. Ut sit amet massa vel orci faucibus hendrerit in ac metus. Mauris porta ante sed diam luctus eget tempus lorem aliquam. Phasellus condimentum scelerisque metus, tincidunt vulputate tellus porta non. Vivamus sed odio a ipsum ornare ultricies. Praesent neque lorem, faucibus eget placerat eget, sagittis eget tortor. Donec ut tincidunt nisi. Aenean et lacus velit. Aenean ac nulla felis. Lorem ipsum dolor sit amet, consectetur adipiscing elit. Nunc ut risus id ipsum vulputate accumsan non eget diam. Integer et magna a diam viverra posuere. Nam nibh enim, dapibus vitae convallis sit amet, pulvinar commodo nisl. Ut ultricies lacinia nisl, at suscipit neque sollicitudin quis. Etiam feugiat augue sit amet tortor lacinia vulputate. Duis scelerisque nunc at quam accumsan a mattis elit aliquam.\n\nInteger congue massa id velit commodo sit amet posuere erat tristique. Ut lobortis congue arcu non dignissim. Duis libero justo, elementum quis lacinia id, tristique eu tortor. In ac leo congue ante consectetur mattis ut a arcu. Mauris vehicula nunc sit amet nibh placerat at consequat dui tristique. Vestibulum nec nibh eu lectus fermentum cursus. Vestibulum at lectus quis nisl tincidunt ornare vitae a libero. Praesent vel dolor eget nisi facilisis dictum imperdiet non libero. Pellentesque consectetur nunc non mi eleifend rutrum eu sit amet eros. Etiam ac tellus nec dui mollis tempus. Nam sit amet mauris id ligula eleifend pretium. Class aptent taciti sociosqu ad litora torquent per conubia nostra, per inceptos himenaeos. Aliquam libero leo, bibendum quis cursus ut, suscipit eget nisi. Sed ac velit velit, ac vestibulum arcu. Etiam fermentum libero vel diam lacinia ut porttitor nunc fermentum. Ut id dui nibh, sed sodales dui. Curabitur semper arcu et dui lobortis ut volutpat massa elementum. Sed nisi nibh, eleifend at mattis nec, pellentesque ac lacus. Integer vel odio tortor.\n\nFusce eu mauris turpis, eu faucibus eros. Fusce molestie augue eu augue laoreet a vestibulum dolor ultricies. Donec aliquet gravida libero, vitae fringilla nisl pellentesque quis. Aliquam lacinia nulla eget mauris fringilla posuere. Donec tellus dui, lobortis in consequat luctus, varius vel sem. Fusce tempus enim eget nulla malesuada gravida. Nunc lacinia nulla enim. Maecenas viverra tincidunt quam at malesuada. Nulla at pretium turpis. Vivamus vitae massa ut elit blandit suscipit fringilla et mi. Ut porta, diam nec commodo dignissim, ligula eros volutpat sapien, eu faucibus risus odio eget lacus. Nullam tincidunt, lectus vel ultrices rhoncus, nisi tellus vestibulum tortor, quis viverra justo nibh nec eros. Donec pharetra enim ligula. Phasellus ut elit tellus. Proin fringilla felis a mi tristique in interdum nunc elementum. In nec velit non sapien euismod mollis. Aliquam erat volutpat.",
  "title": "Document 4-2-2-4-1",
  "__meta": {
    "updateId": -1810220370,
    "cdate": 1501428294480,
    "cuser": "cn=Al Mass,o=DARWINO",
    "mdate": 1501428333230,
    "replicaId": "85257FB8005090FB",
    "changes": "f8kw",
    "muser": "cn=Al Mass,o=DARWINO",
    "seqId": 1
  }
}