{
  "form": "CompanyDocument",
  "_parentid": "B5EEAE73999E36648525816D0054A93E",
  "document": "Nulla facilisi. Integer luctus ante et tortor porttitor in tincidunt sapien dapibus. Donec lorem tellus, rhoncus eget interdum adipiscing, pulvinar ac odio. Donec in nisl vitae magna consequat euismod nec ut mauris. Vivamus eget neque magna. Duis nec arcu nec nibh feugiat ultricies scelerisque sit amet est. Pellentesque id laoreet ante. Proin vestibulum ultricies tellus, in sagittis arcu imperdiet quis. Phasellus at nisi justo, ut tristique metus. Vestibulum feugiat porttitor lectus et pretium. Nam molestie suscipit ante at condimentum. Nullam tincidunt viverra ipsum, eget malesuada felis vulputate eget. Morbi vel erat sapien, quis pretium risus. Phasellus sodales, elit ac faucibus bibendum, enim dolor porta risus, id laoreet enim massa a quam. Aliquam non eros et ligula laoreet tempus. Lorem ipsum dolor sit amet, consectetur adipiscing elit.\n\nNam dapibus massa nec tortor venenatis ut vulputate massa condimentum. Nulla quam augue, convallis et bibendum nec, iaculis eu augue. Praesent volutpat turpis vel sapien aliquet eget fringilla eros dignissim. Suspendisse elit risus, pellentesque suscipit mattis eget, pulvinar ut velit. Aliquam pulvinar, felis a volutpat dapibus, ipsum metus gravida nisl, non laoreet mi nibh sit amet lorem. Aenean sed eros elit, a fermentum justo. Etiam lobortis vulputate lectus at convallis. Integer commodo sollicitudin odio nec eleifend. Integer vestibulum bibendum tincidunt. Morbi et odio odio. Sed sed eros mi. Morbi malesuada tristique ipsum sit amet porta. Vivamus aliquet eleifend dapibus. Vivamus diam tortor, facilisis eu elementum sit amet, ultrices sed arcu. Phasellus vitae mi magna, non ultricies justo. Pellentesque interdum mi a turpis consectetur rhoncus.\n\nIn non felis elit. Integer eleifend velit ac lacus vestibulum imperdiet. Cras lacus orci, posuere a euismod nec, convallis et nibh. Proin pretium risus sit amet leo pulvinar fermentum. Mauris sapien diam, interdum et egestas et, hendrerit non tellus. Pellentesque auctor feugiat lacus, id aliquam lacus faucibus in. Vivamus tempor ornare varius. Suspendisse in ultrices nisi. Aenean fermentum dictum mauris at consectetur. Cras porta ultricies libero sit amet volutpat. Suspendisse dapibus convallis nulla, non ultrices purus egestas pulvinar. Suspendisse tellus augue, dignissim non mollis a, tristique id nunc. Sed tempor rhoncus lacus, id feugiat metus convallis eget. Praesent sed nisi tellus, in dapibus justo.\n\nCum sociis natoque penatibus et magnis dis parturient montes, nascetur ridiculus mus. Phasellus vulputate tempor sem at pharetra. Praesent feugiat, massa ac ultrices tincidunt, turpis augue venenatis sapien, sit amet congue massa mi eu mi. Curabitur pellentesque, dolor non euismod placerat, dui justo rutrum mauris, sit amet fermentum massa tellus sodales dui. Proin id augue arcu, gravida pretium dui. Duis congue semper luctus. Nullam quis diam eros. Proin sit amet ligula eu leo auctor ornare sed in dui. Mauris vehicula cursus justo quis vestibulum. Vivamus quis ante a nunc ultrices imperdiet vel ut est. Phasellus tempus, eros nec placerat fermentum, diam justo hendrerit magna, eget dignissim elit purus sit amet ipsum. Pellentesque ornare tortor eget mauris pharetra ultrices. Sed quis ipsum risus, eget posuere est. Proin vel mauris nibh, sed molestie ipsum. Quisque eu neque a arcu lobortis fermentum. Ut eu volutpat leo. Sed non ipsum nibh, nec volutpat nibh. Pellentesque pharetra rhoncus suscipit.",
  "title": "Document 2-1-3-2-2",
  "__meta": {
    "updateId": -1810253200,
    "cdate": 1501428283520,
    "cuser": "cn=Al Mass,o=DARWINO",
    "mdate": 1501428300400,
    "replicaId": "85257FB8005090FB",
    "changes": "CMci",
    "muser": "cn=Al Mass,o=DARWINO",
    "seqId": 1
  }
}