{
  "firstname": "Tracy",
  "comments": "<font size=\"2\" face=\"sans-serif\">This Tuesday evening a convenient duck threatened the municipal building</font><br />\r\n<font size=\"2\" face=\"sans-serif\">The metallic salad bought a metallic salad</font><br />\r\n<font size=\"2\" face=\"sans-serif\">A silver brick is now investing on the municipal monitor, claimed the silver slipper</font><br />\r\n<font size=\"2\" face=\"sans-serif\">The bottle accused the foreign planet, claimed a metallic bottle</font>",
  "homephone": "(129) 251-1779",
  "city": "Fairborn",
  "sex": "M",
  "picture": "http://www.gravatar.com/avatar/5da724b6162ee80384adf6a64e6e73a7?d=retro",
  "lastname": "Stephenson",
  "__meta": {
    "updateId": -1810135930,
    "cdate": 1501428323150,
    "cuser": "cn=Al Mass,o=DARWINO",
    "mdate": 1501428417670,
    "replicaId": "85257FB8005090FB",
    "changes": "QWNq",
    "muser": "cn=Al Mass,o=DARWINO",
    "seqId": 2
  },
  "zipcode": "45324",
  "form": "Contact",
  "street": "69 Prospect Avenue",
  "firstcontact": "2016-06-30T02:15:12.000-05:00",
  "workphone": "(822) 386-1371",
  "mobilephone": "(972) 964-1342",
  "company": "Ron-tech-energy",
  "state": "OH",
  "card": "<img src=\"$document-attachment/Card%7C%7Cinline-0.84.gif\" width=\"80\" height=\"80\" /><br />\r\n<font size=\"2\" face=\"sans-serif\"><b>Name</b></font><font size=\"2\" face=\"sans-serif\">: Tracy Stephenson</font><br />\r\n<font size=\"2\" face=\"sans-serif\"><b>EMail</b></font><font size=\"2\" face=\"sans-serif\">: tstephenson@darwino.com</font><br />\r\n<font size=\"2\" face=\"sans-serif\"><b>Company</b></font><font size=\"2\" face=\"sans-serif\">: Ron-tech-energy</font>",
  "email": "tstephenson@darwino.com"
}