{
  "form": "CompanyDocument",
  "_parentid": "08C2109DEC5A8E808525816D0054A7AC",
  "document": "Mauris at tortor lorem. Nunc id porta odio. Ut mi dolor, egestas sed venenatis in, pretium id risus. Nam faucibus tortor felis, eget lobortis lectus. Aenean vel erat vel justo sollicitudin tincidunt. Nulla vitae est ac ante pellentesque ornare in eu dolor. Nulla aliquet ante vel arcu mollis volutpat. Integer faucibus feugiat eros vel tristique. Sed vel urna vitae turpis convallis semper id nec quam. Morbi porttitor, nulla tincidunt facilisis faucibus, nisl quam porta lacus, sit amet elementum ante urna a est. Donec rhoncus libero at mauris hendrerit cursus dignissim nulla volutpat. Etiam dapibus est interdum massa scelerisque non pharetra odio consectetur. Cras tincidunt egestas ipsum, eu pulvinar orci hendrerit rhoncus. Praesent ut metus a ante venenatis congue. Nulla non odio ut odio iaculis tempor. Morbi scelerisque elit sit amet neque eleifend sollicitudin. Nullam eu elit vitae ipsum tristique sollicitudin. Cras in molestie turpis.\n\nIn hac habitasse platea dictumst. Donec ornare rutrum augue, sed pretium felis sodales at. Etiam quam arcu, malesuada vitae auctor et, laoreet ac mauris. Cras lorem nulla, dignissim ac varius nec, mollis vel nunc. Cras hendrerit massa eget quam pharetra eget tincidunt ipsum pharetra. Donec sed pulvinar felis. Suspendisse eget nisi velit. Pellentesque ultrices, nisi ac consectetur dictum, ipsum tellus varius eros, ultricies fringilla ligula risus vel nulla. Lorem ipsum dolor sit amet, consectetur adipiscing elit. Etiam tempus gravida imperdiet. Vestibulum aliquet sem eget metus euismod sodales. Curabitur sit amet arcu eu mauris vulputate feugiat. Sed elit lorem, iaculis vel rhoncus sagittis, convallis sit amet turpis. Praesent tincidunt urna ut quam sodales interdum sed ac enim. Cras urna velit, ullamcorper vitae eleifend a, tempus non sapien. Praesent tempor luctus magna at vehicula.",
  "title": "Document 2-2-1-4-1",
  "__meta": {
    "updateId": -1810265260,
    "cdate": 1501428279490,
    "cuser": "cn=Al Mass,o=DARWINO",
    "mdate": 1501428288340,
    "replicaId": "85257FB8005090FB",
    "changes": "dI11",
    "muser": "cn=Al Mass,o=DARWINO",
    "seqId": 1
  }
}