{
  "form": "CompanyDocument",
  "_parentid": "81EF75E0A58D5A928525816D0054B52E",
  "document": "Nam nec urna vel risus faucibus luctus. Nam euismod vulputate nisi, id sodales ipsum varius eu. In id mi id turpis mollis vulputate. Cras porta dui et velit adipiscing non feugiat est sodales. Sed ac quam lectus. Nullam quis magna nec turpis egestas auctor et sed augue. Fusce bibendum, dolor vitae porttitor cursus, diam sem ultricies tortor, at tincidunt arcu erat sit amet tortor. Morbi a augue tortor, vitae pulvinar diam. Aliquam erat volutpat. Cras dolor dui, laoreet a malesuada nec, porttitor quis leo. Phasellus a dui nec felis bibendum hendrerit eu ac risus. Ut tortor odio, ullamcorper in pretium ac, malesuada a turpis. Cras bibendum libero eu nisi pharetra aliquet eget sed diam. Etiam semper, felis quis luctus vehicula, urna dolor pretium enim, eu sollicitudin ante diam eget ligula. Donec interdum vehicula tellus ac porta. Proin lacinia aliquet risus, commodo consequat nunc sodales eget. Praesent enim nibh, lacinia sit amet euismod ut, imperdiet eget est. Aliquam id nisi metus.\n\nNulla nec risus arcu. Praesent neque mauris, condimentum et pretium vitae, gravida at diam. Proin lacus nulla, adipiscing a eleifend eget, elementum sit amet lacus. Duis dictum cursus feugiat. Pellentesque accumsan congue aliquam. Fusce congue nisl non lacus elementum lobortis. Curabitur sollicitudin porttitor vulputate. In lacinia, nisl eget pretium tincidunt, urna risus sagittis erat, quis adipiscing mauris tortor sed diam. Morbi pellentesque aliquam luctus. Vestibulum blandit accumsan est, ac viverra magna blandit sit amet. Vivamus feugiat magna at dolor rhoncus porttitor.\n\nAliquam auctor risus ac ipsum vestibulum a rhoncus diam porta. Nam mattis suscipit justo, vestibulum gravida quam consequat ac. Vestibulum ante ipsum primis in faucibus orci luctus et ultrices posuere cubilia Curae; Aliquam rhoncus, velit laoreet accumsan rhoncus, lacus quam hendrerit nunc, at lacinia turpis ligula vitae dui. Duis vel neque eu nulla lobortis pretium. Sed vitae malesuada libero. Aliquam dapibus tincidunt volutpat. Fusce pellentesque interdum augue, nec tempus lacus lobortis eu. Duis congue mi eu sapien fermentum placerat. Integer non velit viverra enim convallis vehicula sed ut orci. Donec ultricies, erat vitae dictum porttitor, nunc orci feugiat quam, at faucibus lectus lacus sit amet purus. Cum sociis natoque penatibus et magnis dis parturient montes, nascetur ridiculus mus. Nunc suscipit mauris ut odio lacinia ut elementum nunc pretium. Curabitur arcu ante, viverra a aliquam id, ullamcorper eu tortor. Aliquam erat volutpat. Proin commodo auctor urna, nec facilisis nibh volutpat sit amet. Pellentesque risus ante, dignissim interdum fringilla nec, convallis id justo. Aenean lobortis erat nec purus suscipit ut posuere mi fringilla. Etiam feugiat nisi eu felis lacinia consequat. Suspendisse id ligula blandit sapien elementum placerat ut non velit.\n\nQuisque malesuada faucibus pharetra. Phasellus placerat, nulla id gravida tincidunt, libero mi aliquet nisl, eu fermentum arcu neque ac elit. Ut eget mauris sed mauris hendrerit varius. Nam nec tellus turpis. Vivamus porta sodales risus, et ornare lorem dapibus vel. Praesent leo tellus, tempor eget congue quis, adipiscing id nulla. Nulla dolor lacus, lobortis sit amet condimentum et, laoreet in dui. Morbi leo ipsum, faucibus a auctor vitae, accumsan in nulla. Aenean gravida, purus eget euismod aliquam, velit magna varius dui, at suscipit magna est id neque. Donec venenatis porttitor eros non facilisis. Integer at dolor eros. Nullam fermentum arcu in purus luctus consectetur. Nulla vel dolor et libero fringilla aliquam. Morbi ut faucibus ligula. Nam at vulputate nulla. Donec nisl dui, commodo a tempor ut, malesuada vitae leo. Mauris eleifend tristique varius.",
  "title": "Document 1-4-1-1-1",
  "__meta": {
    "updateId": -1810161700,
    "cdate": 1501428314070,
    "cuser": "cn=Al Mass,o=DARWINO",
    "mdate": 1501428391900,
    "replicaId": "85257FB8005090FB",
    "changes": "CNwP",
    "muser": "cn=Al Mass,o=DARWINO",
    "seqId": 1
  }
}