{
  "form": "CompanyDocument",
  "_parentid": "AF8CFBE59FEAD3888525816D0054A613",
  "document": "Vivamus pulvinar neque quis nibh volutpat vehicula. Suspendisse quam lectus, rutrum a suscipit vel, molestie at nisi. Quisque tempus elementum dui sed aliquet. Phasellus sagittis, lectus eget imperdiet tristique, turpis eros sagittis urna, ac volutpat massa nisl sit amet arcu. Ut leo elit, scelerisque sed venenatis in, tincidunt id lorem. In ultrices imperdiet diam sit amet tincidunt. Integer lorem metus, vulputate et tristique gravida, malesuada eget lorem. Donec fringilla adipiscing posuere. Etiam sit amet risus sed purus pretium volutpat vitae vel orci. Nunc commodo faucibus venenatis. Pellentesque dictum faucibus nisi, a venenatis lectus mattis at. Maecenas hendrerit commodo convallis. Fusce ac feugiat mi. Mauris euismod, lectus vel lobortis elementum, orci nibh sodales purus, eget laoreet augue neque ac arcu.\n\nFusce sed sapien quam. Aenean in risus elit. Praesent condimentum pharetra ultricies. Vestibulum ante ipsum primis in faucibus orci luctus et ultrices posuere cubilia Curae; Aenean vitae lectus neque, ut sodales leo. Morbi eros nibh, varius eget tristique ac, consectetur sit amet purus. Nullam fringilla egestas purus, sit amet ultrices odio porttitor id. Praesent ac sem ipsum. Fusce sem quam, egestas consequat convallis in, condimentum sed lacus. Aliquam sodales mollis enim, ac consectetur nibh dictum sed. Fusce quis ligula enim. Aliquam tristique faucibus orci eu laoreet. Vestibulum dapibus massa eu nunc tempor a feugiat nisi luctus. Fusce et ullamcorper nunc. Maecenas vestibulum pretium sodales. Morbi gravida quam vitae ante aliquet pretium. Cras viverra nulla fringilla sapien tincidunt sed malesuada neque aliquet. Praesent semper fermentum venenatis.",
  "title": "Document 2-2-1-1",
  "__meta": {
    "updateId": -1810277510,
    "cdate": 1501428275400,
    "cuser": "cn=Al Mass,o=DARWINO",
    "mdate": 1501428276090,
    "replicaId": "85257FB8005090FB",
    "changes": "mSns",
    "muser": "cn=Al Mass,o=DARWINO",
    "seqId": 1
  }
}