{
  "form": "CompanyDocument",
  "_parentid": "743BC928CFB26F908525816D0054B4B6",
  "document": "Cras at mi a nisi auctor accumsan id nec quam. Morbi ac tempus turpis. Sed congue eleifend purus, a lacinia nunc accumsan non. Integer sodales aliquet libero, eu congue mauris vulputate non. Pellentesque sodales, lacus at tincidunt vestibulum, lacus diam tincidunt eros, ac tincidunt lorem massa non turpis. Pellentesque vel sem quis neque lacinia interdum. Nam tempor pellentesque felis eget cursus. Proin aliquet porttitor mi, sed vestibulum urna congue sed. Quisque mattis, lorem convallis gravida tempor, dolor purus ornare enim, id congue nulla urna nec nisi. Integer adipiscing viverra risus, non viverra sem scelerisque eu. Donec quam sem, elementum ac tristique vel, iaculis nec odio. Morbi a massa massa. Vivamus et augue vel enim tristique mattis a quis lacus. Vestibulum ante ipsum primis in faucibus orci luctus et ultrices posuere cubilia Curae;\n\nSuspendisse malesuada arcu non arcu vulputate hendrerit. Praesent sit amet magna massa, non placerat justo. Pellentesque volutpat, ligula quis pharetra pulvinar, risus ante viverra ante, ac egestas nibh nulla nec massa. Maecenas vitae lobortis odio. Phasellus tristique, ante eget congue lacinia, turpis orci cursus justo, non vestibulum magna felis id turpis. Ut viverra, lorem non tristique rutrum, nulla lorem ultrices magna, quis congue mi felis ut risus. Nulla pharetra feugiat tempus. Morbi arcu ligula, laoreet aliquam tincidunt a, dapibus ac neque. Praesent sit amet dui turpis. Nunc ut consectetur turpis. Aenean ipsum orci, accumsan ac laoreet non, fermentum id urna. Integer pellentesque nibh eu sapien vestibulum fermentum. Proin luctus nulla ut libero vulputate in vulputate orci porttitor. Suspendisse nec molestie nulla. Cras ornare, nulla et rutrum convallis, sem ligula hendrerit sapien, ac ultricies nibh dolor in urna. Donec iaculis scelerisque diam, quis porttitor justo suscipit consequat. Maecenas facilisis nisi non purus ornare vehicula. Curabitur non lacinia dui. Nulla sed tellus et diam suscipit feugiat at quis neque. Proin pretium blandit arcu et gravida.\n\nVivamus egestas molestie nunc, ut hendrerit orci vehicula sit amet. Curabitur ante ipsum, vestibulum nec ornare eget, cursus ac felis. Quisque auctor tincidunt leo non volutpat. Nam tempor posuere erat, sit amet rutrum nulla dictum vitae. In dapibus nisi pharetra turpis semper luctus. Pellentesque habitant morbi tristique senectus et netus et malesuada fames ac turpis egestas. Donec hendrerit semper justo, in venenatis justo varius at. Duis rhoncus orci vel velit dignissim ultrices. Nam vitae dolor vitae nunc ultricies volutpat nec et ipsum. Donec in augue ipsum. Donec dictum, nisl id iaculis sollicitudin, tortor nulla dictum augue, et accumsan nulla enim sed orci. Fusce faucibus justo quis massa vehicula fermentum. Quisque accumsan venenatis lectus, et cursus erat adipiscing vel. Cum sociis natoque penatibus et magnis dis parturient montes, nascetur ridiculus mus. In sollicitudin tincidunt elit, quis malesuada lectus venenatis at. Quisque tempor sollicitudin pharetra. Ut nisi lacus, laoreet eu accumsan ut, imperdiet in purus. Praesent laoreet iaculis urna, eu viverra purus lacinia in.\n\nCurabitur enim nibh, pretium sit amet viverra vitae, consectetur ac velit. Nulla facilisi. Integer vulputate, ligula in volutpat ultricies, neque ante sodales risus, adipiscing congue sem elit sit amet lorem. Aliquam ultricies lorem ac mi eleifend gravida pharetra odio aliquet. Proin elementum nisi et enim mattis at pellentesque enim egestas. Suspendisse faucibus, lacus eu ultrices bibendum, lacus metus eleifend turpis, et interdum tellus mauris egestas sapien. Duis nibh risus, scelerisque nec mollis non, consectetur mattis lectus. Duis elementum lacus quis metus semper porta. Maecenas accumsan, felis luctus molestie dignissim, lectus massa commodo quam, ut pulvinar lacus massa a felis. Phasellus tincidunt arcu et ipsum varius sed ullamcorper ante adipiscing.",
  "title": "Document 1-1-1",
  "__meta": {
    "updateId": -1810165290,
    "cdate": 1501428312870,
    "cuser": "cn=Al Mass,o=DARWINO",
    "mdate": 1501428388310,
    "replicaId": "85257FB8005090FB",
    "changes": "pQMR",
    "muser": "cn=Al Mass,o=DARWINO",
    "seqId": 1
  }
}