{
  "form": "CompanyDocument",
  "_parentid": "31D0DFEA8F49D5C28525816D0054A5F8",
  "document": "In non justo cursus purus adipiscing fermentum. Sed commodo orci at purus fringilla ut commodo urna porttitor. Donec condimentum lectus eget ligula imperdiet interdum. Integer quis lectus ut elit vulputate interdum. Suspendisse tempus fringilla lacus vel rhoncus. Vestibulum semper arcu et libero laoreet faucibus. Praesent nisl tortor, laoreet vulputate aliquet ut, faucibus ac orci. Nam a tincidunt metus. Curabitur a libero arcu, id mattis neque. Vivamus semper tortor vitae lectus euismod facilisis. Donec id malesuada massa. Nulla pretium enim ut justo blandit id tristique nisi vestibulum. Quisque mattis ornare ligula vitae sagittis. Curabitur ornare, lorem in iaculis adipiscing, eros libero congue ipsum, ut fermentum tellus dolor condimentum arcu. Aliquam odio massa, sollicitudin nec luctus at, varius at mi. In hac habitasse platea dictumst. Mauris purus turpis, tempor ac ultrices id, fringilla facilisis nunc.\n\nIn imperdiet vulputate est, quis porttitor nunc dictum sit amet. Nunc blandit ullamcorper lobortis. Phasellus arcu nulla, interdum blandit sagittis quis, condimentum ut nisl. Nunc id lacus luctus ante auctor vulputate. Ut in tortor vitae ligula aliquam aliquet a a turpis. In neque odio, molestie quis vulputate vitae, malesuada vel elit. Praesent luctus mi vel quam bibendum gravida a quis turpis. Curabitur tempor consequat mi. Nulla facilisi. Nam posuere feugiat imperdiet. Pellentesque rhoncus porttitor enim, in sodales mi varius vel. Quisque a magna dolor.\n\nSuspendisse vel nulla ac arcu ultrices pretium. Sed laoreet arcu non felis convallis ut aliquam ipsum tincidunt. Vestibulum non urna luctus metus ullamcorper dignissim sed vitae mi. Aliquam vestibulum nisi ut dolor eleifend faucibus. Praesent ut nisi in purus dapibus fringilla vel a neque. Nunc sed arcu at dui euismod rutrum. Nullam est quam, interdum eget gravida id, malesuada ac ligula. Suspendisse aliquam ante in tortor ullamcorper elementum. Vestibulum pretium lacus vel justo scelerisque blandit. Mauris in erat sit amet libero pulvinar auctor vitae quis dui. Etiam euismod, nisi at pretium egestas, massa justo placerat lectus, a molestie velit dolor a tortor. Duis nec nulla tortor, quis vulputate nisi. Vestibulum eget lectus nisl, vitae rhoncus ligula. Donec ultricies euismod tempor. Donec sit amet orci erat, quis interdum mauris. Pellentesque habitant morbi tristique senectus et netus et malesuada fames ac turpis egestas. Duis tristique semper facilisis.",
  "title": "Document 2-2",
  "__meta": {
    "updateId": -1810277570,
    "cdate": 1501428275380,
    "cuser": "cn=Al Mass,o=DARWINO",
    "mdate": 1501428276030,
    "replicaId": "85257FB8005090FB",
    "changes": "_O8t",
    "muser": "cn=Al Mass,o=DARWINO",
    "seqId": 1
  }
}