{
  "firstname": "Jeremy",
  "comments": "<font size=\"2\" face=\"sans-serif\">A competitive window has met with the meat</font>",
  "homephone": "(519) 258-1700",
  "city": "Sterling Heights",
  "sex": "M",
  "picture": "http://www.gravatar.com/avatar/a3835d7c7e70cdc79d3c6752fd1269f0?d=retro",
  "lastname": "Clements",
  "__meta": {
    "updateId": -1810122450,
    "cdate": 1501428329890,
    "cuser": "cn=Al Mass,o=DARWINO",
    "mdate": 1501428431150,
    "replicaId": "85257FB8005090FB",
    "changes": "3y_j",
    "muser": "cn=Al Mass,o=DARWINO",
    "seqId": 2
  },
  "zipcode": "48310",
  "form": "Contact",
  "street": "432 Catherine Street",
  "firstcontact": "2015-03-27T18:56:34.000-05:00",
  "workphone": "(796) 820-1809",
  "mobilephone": "(476) 937-1458",
  "company": "Treequote",
  "state": "MI",
  "card": "<img src=\"$document-attachment/Card%7C%7Cinline-0.84.gif\" width=\"80\" height=\"80\" /><br />\r\n<font size=\"2\" face=\"sans-serif\"><b>Name</b></font><font size=\"2\" face=\"sans-serif\">: Jeremy Clements</font><br />\r\n<font size=\"2\" face=\"sans-serif\"><b>EMail</b></font><font size=\"2\" face=\"sans-serif\">: jclements@darwino.com</font><br />\r\n<font size=\"2\" face=\"sans-serif\"><b>Company</b></font><font size=\"2\" face=\"sans-serif\">: Treequote</font>",
  "email": "jclements@darwino.com"
}