{
  "form": "CompanyDocument",
  "_parentid": "704F93FBCEAD991F8525816D0054AF49",
  "document": "Aenean eget dolor in felis dictum tincidunt. Vivamus vitae augue sed urna sagittis venenatis vel vel nisl. Aenean sed elementum erat. Quisque egestas tempus tellus, sed pulvinar lectus auctor sed. Donec id orci id elit placerat sollicitudin. In hac habitasse platea dictumst. Nam hendrerit viverra metus a lacinia. Morbi eleifend nunc at eros lobortis fermentum. Nam congue, libero a egestas cursus, elit turpis suscipit quam, id laoreet eros arcu et mauris. Praesent diam nibh, faucibus ut pretium a, rutrum in erat.\n\nSed euismod est in nisi commodo consectetur. Integer dui eros, suscipit quis tristique non, rhoncus sit amet arcu. Class aptent taciti sociosqu ad litora torquent per conubia nostra, per inceptos himenaeos. Fusce accumsan sollicitudin augue ut porttitor. Aenean fermentum dapibus nunc, ut scelerisque lorem egestas ut. Pellentesque bibendum ornare tortor, sit amet auctor magna facilisis quis. Aliquam sit amet lorem justo. Pellentesque risus magna, blandit vel euismod id, interdum non nibh. Pellentesque non libero nibh, sagittis eleifend diam. Integer sed dui est, non eleifend purus. Etiam id sapien eu leo tristique rutrum quis in purus. Nunc ante ipsum, ultrices quis congue non, convallis eget sem. Vivamus est lectus, aliquet eget eleifend quis, laoreet fringilla magna. Vestibulum ante ipsum primis in faucibus orci luctus et ultrices posuere cubilia Curae; Ut tortor elit, tincidunt ut feugiat ac, molestie ac augue. Nam metus tortor, congue id malesuada vitae, convallis id justo. Integer odio nisl, hendrerit et imperdiet ultricies, sodales eu lacus. Vivamus tincidunt fermentum libero non imperdiet.",
  "title": "Document 3-2-2-2",
  "__meta": {
    "updateId": -1810206800,
    "cdate": 1501428299010,
    "cuser": "cn=Al Mass,o=DARWINO",
    "mdate": 1501428346800,
    "replicaId": "85257FB8005090FB",
    "changes": "uM5Z",
    "muser": "cn=Al Mass,o=DARWINO",
    "seqId": 1
  }
}