{
  "form": "CompanyDocument",
  "_parentid": "134ACC983DC3B0948525816D0054B471",
  "document": "Pellentesque habitant morbi tristique senectus et netus et malesuada fames ac turpis egestas. Duis mattis mattis felis, sit amet aliquam elit vulputate quis. Vestibulum odio lacus, viverra tempor gravida ac, tincidunt porttitor urna. Etiam laoreet, urna eu aliquet volutpat, odio tellus rhoncus diam, at fringilla quam dolor sit amet lorem. Donec dapibus est ut metus pretium sollicitudin. Morbi ut tellus ac diam posuere malesuada. Curabitur vitae nisl orci. Vestibulum lectus enim, feugiat nec blandit sit amet, dictum sed sapien. Duis placerat dictum est eget volutpat. Morbi in mauris at mauris fermentum varius non ac lacus. Nullam facilisis lacinia nulla, ut lacinia magna sodales quis. Suspendisse potenti. Suspendisse potenti. In ut diam tortor. Integer ac risus quis tortor molestie congue. In hac habitasse platea dictumst. Praesent bibendum tristique ligula, tincidunt accumsan leo cursus ut.",
  "title": "Document 5-2-3",
  "__meta": {
    "updateId": -1810166720,
    "cdate": 1501428312390,
    "cuser": "cn=Al Mass,o=DARWINO",
    "mdate": 1501428386880,
    "replicaId": "85257FB8005090FB",
    "changes": "xNLq",
    "muser": "cn=Al Mass,o=DARWINO",
    "seqId": 1
  }
}