{
  "form": "CompanyDocument",
  "_parentid": "AE2B7EBCA3D144ED8525816D0054B5EE",
  "document": "Integer adipiscing eleifend sem at facilisis. Duis nunc augue, pellentesque ac commodo luctus, lacinia non tortor. Cras blandit porta adipiscing. Pellentesque habitant morbi tristique senectus et netus et malesuada fames ac turpis egestas. Maecenas semper mi vitae lorem semper consectetur nec sit amet eros. Proin lacinia aliquet purus, eget accumsan mi lobortis vitae. Proin imperdiet lacus in arcu rutrum et elementum nibh elementum. Maecenas ligula risus, vulputate sed pellentesque euismod, fermentum nec neque. Etiam accumsan ligula ante. Lorem ipsum dolor sit amet, consectetur adipiscing elit.\n\nSed ac ante nisl, quis semper arcu. Donec quis magna sit amet dui semper rhoncus in a purus. Praesent blandit viverra tortor, dignissim consectetur elit pellentesque non. Aenean aliquam porta quam eget eleifend. Vestibulum ante ipsum primis in faucibus orci luctus et ultrices posuere cubilia Curae; Praesent eleifend faucibus ligula quis commodo. Sed faucibus ultrices neque ac pretium. Suspendisse id enim at orci facilisis adipiscing. Suspendisse consectetur, enim et sollicitudin pharetra, felis magna mattis lectus, ut mattis quam sapien sit amet purus. Aenean varius vulputate nisl, vitae condimentum augue malesuada nec.\n\nIn eget quam dui. Praesent fermentum semper iaculis. Vivamus at justo orci. Pellentesque dignissim nibh eu nisl dictum interdum. Nulla sollicitudin nisl non metus ullamcorper malesuada. Ut venenatis pellentesque ipsum non consectetur. Sed et nisi orci, id aliquet elit. Vestibulum eu justo velit, vel dignissim nibh. Cras hendrerit, leo eu condimentum viverra, urna odio sagittis libero, sit amet tempor erat dolor non augue. Aenean quam diam, viverra ut vehicula in, ultrices in augue. Quisque vehicula dapibus tortor, sit amet rhoncus neque feugiat ut. Nulla facilisi. Praesent rhoncus magna in libero fermentum convallis. Sed cursus dui id felis egestas a elementum magna hendrerit. Suspendisse ac ante metus. Nam ipsum elit, commodo bibendum lobortis dapibus, vehicula ut eros. Sed risus felis, cursus sed dignissim a, gravida eget lorem. Morbi ante lacus, sollicitudin a gravida id, ornare et velit.",
  "title": "Document 1-4-1-2",
  "__meta": {
    "updateId": -1810155860,
    "cdate": 1501428316020,
    "cuser": "cn=Al Mass,o=DARWINO",
    "mdate": 1501428397740,
    "replicaId": "85257FB8005090FB",
    "changes": "gV0r",
    "muser": "cn=Al Mass,o=DARWINO",
    "seqId": 1
  }
}