{
  "form": "CompanyDocument",
  "_parentid": "FC772E4034187F038525816D0054A8B8",
  "document": "Cras convallis molestie elit, euismod pharetra nulla aliquet non. Vestibulum rutrum ornare nulla, ac tempor magna euismod at. Pellentesque vel felis ac lorem pharetra laoreet. Nulla lacus lectus, lobortis sit amet dictum ut, sollicitudin sit amet enim. In hac habitasse platea dictumst. Aenean dignissim, tellus at mattis hendrerit, tortor risus commodo dui, ac dapibus libero ipsum eget mi. Mauris semper cursus lectus ut egestas. Donec nec sapien eget quam consectetur commodo eget at est. Aliquam sit amet nulla metus. In hac habitasse platea dictumst. Proin risus purus, fermentum vel dictum vitae, suscipit ac quam.\n\nMorbi placerat pretium dolor, in porttitor erat laoreet eget. In hac habitasse platea dictumst. Sed lobortis faucibus ultrices. Suspendisse potenti. Quisque metus tortor, hendrerit a tincidunt vitae, tristique vel enim. Pellentesque ac ipsum dolor, ac tincidunt sem. Vestibulum laoreet orci vel tortor fermentum egestas. Cras placerat purus ac ante sollicitudin tristique pellentesque arcu luctus. Quisque eu scelerisque enim. Fusce vitae posuere nulla. Quisque eleifend nibh non leo posuere vel iaculis ante vestibulum. Nam commodo risus non purus porttitor a bibendum sem convallis. Vivamus in odio eget arcu rhoncus ultricies accumsan id urna. Etiam laoreet mauris et tellus lacinia fringilla. Nulla facilisi. Ut nec justo sem. Duis cursus ante sit amet massa fermentum egestas. Donec felis tortor, fringilla quis fringilla ut, consequat vitae urna.",
  "title": "Document 3-1-2-3-1",
  "__meta": {
    "updateId": -1810257240,
    "cdate": 1501428282170,
    "cuser": "cn=Al Mass,o=DARWINO",
    "mdate": 1501428296360,
    "replicaId": "85257FB8005090FB",
    "changes": "hti5",
    "muser": "cn=Al Mass,o=DARWINO",
    "seqId": 1
  }
}