{
  "form": "CompanyDocument",
  "_parentid": "4975F1676EAC030E8525816D0054A81A",
  "document": "Sed et tellus ut velit tristique malesuada. Aliquam quis leo ligula. Morbi mattis dolor eu ipsum vestibulum hendrerit hendrerit risus consectetur. Sed in metus felis, non faucibus turpis. Class aptent taciti sociosqu ad litora torquent per conubia nostra, per inceptos himenaeos. Integer a justo id enim ullamcorper cursus in sed purus. Integer porta blandit consectetur. Aliquam et lorem quis nisl gravida ultrices. Ut cursus mattis est at tincidunt. Aenean ut tincidunt leo. Morbi pretium eleifend massa vel convallis. Nullam tortor lacus, sollicitudin vitae sagittis vel, interdum vitae erat. Praesent auctor erat ut neque fermentum ac dictum purus vulputate. Praesent accumsan neque est. Maecenas viverra turpis et justo volutpat sodales.\n\nSuspendisse vel nulla ac arcu ultrices pretium. Sed laoreet arcu non felis convallis ut aliquam ipsum tincidunt. Vestibulum non urna luctus metus ullamcorper dignissim sed vitae mi. Aliquam vestibulum nisi ut dolor eleifend faucibus. Praesent ut nisi in purus dapibus fringilla vel a neque. Nunc sed arcu at dui euismod rutrum. Nullam est quam, interdum eget gravida id, malesuada ac ligula. Suspendisse aliquam ante in tortor ullamcorper elementum. Vestibulum pretium lacus vel justo scelerisque blandit. Mauris in erat sit amet libero pulvinar auctor vitae quis dui. Etiam euismod, nisi at pretium egestas, massa justo placerat lectus, a molestie velit dolor a tortor. Duis nec nulla tortor, quis vulputate nisi. Vestibulum eget lectus nisl, vitae rhoncus ligula. Donec ultricies euismod tempor. Donec sit amet orci erat, quis interdum mauris. Pellentesque habitant morbi tristique senectus et netus et malesuada fames ac turpis egestas. Duis tristique semper facilisis.\n\nPellentesque bibendum placerat scelerisque. Curabitur dignissim ipsum a nisi scelerisque lobortis. Sed tempor, sapien tincidunt pharetra lacinia, ipsum purus tempor lorem, in porttitor ante lectus eget ligula. Nulla fermentum, lectus at varius interdum, est velit laoreet purus, at porta ligula dolor quis sapien. Ut sit amet massa vel orci faucibus hendrerit in ac metus. Mauris porta ante sed diam luctus eget tempus lorem aliquam. Phasellus condimentum scelerisque metus, tincidunt vulputate tellus porta non. Vivamus sed odio a ipsum ornare ultricies. Praesent neque lorem, faucibus eget placerat eget, sagittis eget tortor. Donec ut tincidunt nisi. Aenean et lacus velit. Aenean ac nulla felis. Lorem ipsum dolor sit amet, consectetur adipiscing elit. Nunc ut risus id ipsum vulputate accumsan non eget diam. Integer et magna a diam viverra posuere. Nam nibh enim, dapibus vitae convallis sit amet, pulvinar commodo nisl. Ut ultricies lacinia nisl, at suscipit neque sollicitudin quis. Etiam feugiat augue sit amet tortor lacinia vulputate. Duis scelerisque nunc at quam accumsan a mattis elit aliquam.",
  "title": "Document 2-1-1-1-2",
  "__meta": {
    "updateId": -1810261940,
    "cdate": 1501428280600,
    "cuser": "cn=Al Mass,o=DARWINO",
    "mdate": 1501428291660,
    "replicaId": "85257FB8005090FB",
    "changes": "NsMa",
    "muser": "cn=Al Mass,o=DARWINO",
    "seqId": 1
  }
}