{
  "form": "CompanyDocument",
  "_parentid": "5708E55275F8D1D98525816D0054B4AB",
  "document": "Integer tincidunt, dui vel fringilla auctor, augue ipsum interdum odio, non interdum orci nulla eu tortor. Integer aliquet turpis id lacus aliquam posuere. In sed libero suscipit lorem feugiat iaculis non sit amet ipsum. In in leo quis felis varius pulvinar. Aenean ultrices rhoncus libero vitae elementum. Nullam imperdiet risus vel diam egestas aliquam. Pellentesque sed dolor urna. Cras rutrum est vitae velit sagittis blandit. Integer lobortis dapibus condimentum. Vestibulum ante ipsum primis in faucibus orci luctus et ultrices posuere cubilia Curae; Quisque eget dignissim mauris. Suspendisse sed dignissim quam.",
  "title": "Document 5-4-2-1-3",
  "__meta": {
    "updateId": -1810165550,
    "cdate": 1501428312780,
    "cuser": "cn=Al Mass,o=DARWINO",
    "mdate": 1501428388050,
    "replicaId": "85257FB8005090FB",
    "changes": "HjgB",
    "muser": "cn=Al Mass,o=DARWINO",
    "seqId": 1
  }
}