{
  "form": "CompanyDocument",
  "_parentid": "BE30D552C940DFB48525816D0054A78C",
  "document": "Nullam gravida lacinia posuere. Proin at velit quis enim egestas lobortis. Quisque at massa nulla. Etiam non dui quis eros feugiat dignissim eu vel magna. Maecenas ut magna sed nisl fermentum vulputate. Maecenas dapibus quam eu eros adipiscing ac tincidunt mauris dignissim. Suspendisse ornare aliquet iaculis. Sed imperdiet urna sit amet turpis pellentesque ornare. Nulla eu sapien sem, ac pharetra velit. Aliquam pulvinar, massa vitae vehicula dictum, dui nulla facilisis est, vel consequat massa diam a felis. Sed vehicula vehicula sem, vel ullamcorper libero tincidunt ac. Maecenas vehicula quam non tortor egestas aliquam. Sed tristique urna et nisi cursus venenatis. Class aptent taciti sociosqu ad litora torquent per conubia nostra, per inceptos himenaeos.\n\nIn non massa a libero dictum tempus. Praesent ac enim mauris, at fermentum lorem. Cras imperdiet diam non nisl mattis posuere. Nam in justo eros, eget elementum augue. Donec nec facilisis sem. Cras leo felis, posuere at tempus et, convallis at nisi. Vestibulum arcu neque, imperdiet eget elementum vel, euismod sit amet mi. Fusce elementum sem ac justo feugiat consequat. Curabitur ac vulputate libero. Nam scelerisque nulla et felis lacinia pretium. Morbi eu turpis orci, et fermentum turpis. Ut dignissim, mi id tincidunt adipiscing, nunc erat consectetur erat, a egestas massa nulla sed est. Nunc placerat, sapien et pellentesque ornare, turpis metus congue lectus, a scelerisque magna nulla sed erat.",
  "title": "Document 1-2-1-2",
  "__meta": {
    "updateId": -1810266100,
    "cdate": 1501428279210,
    "cuser": "cn=Al Mass,o=DARWINO",
    "mdate": 1501428287500,
    "replicaId": "85257FB8005090FB",
    "changes": "NW5Z",
    "muser": "cn=Al Mass,o=DARWINO",
    "seqId": 1
  }
}