{
  "form": "CompanyDocument",
  "_parentid": "929AE9F6ED3060858525816D0054B21F",
  "document": "Donec ut turpis in libero laoreet vestibulum vitae id tortor. Curabitur justo purus, egestas id mollis id, lacinia quis lorem. Vivamus nisl sapien, laoreet sed ornare quis, imperdiet volutpat enim. Nullam aliquet aliquam odio sit amet convallis. Nullam auctor leo vitae sapien sagittis sed eleifend velit fermentum. In felis eros, feugiat ac tincidunt id, consectetur quis enim. Quisque laoreet lacinia hendrerit. Phasellus fermentum volutpat erat, vitae porta turpis molestie laoreet. Suspendisse eu elit dolor, nec tempor sem. Donec tincidunt, orci sed ultricies sodales, enim velit elementum felis, eu auctor est lectus eget odio. Sed semper eros sit amet tellus pretium tincidunt.\n\nUt dictum massa id ante viverra lacinia. Vestibulum id risus lectus, in congue urna. Quisque feugiat mi in mauris blandit eu euismod neque mollis. Integer sollicitudin aliquam nunc non malesuada. Aliquam erat volutpat. Cras aliquet, urna sed mattis congue, lorem nunc tincidunt elit, sed pharetra diam ipsum non risus. Etiam pretium tempor luctus. Fusce porttitor, nulla vitae convallis pellentesque, leo odio pharetra felis, vitae molestie dolor elit a arcu. Aenean augue risus, ultricies non porttitor non, accumsan nec metus. Donec sit amet velit nisl. Integer suscipit eros non nisl auctor ut accumsan augue pretium. Nullam rhoncus orci dictum leo pretium faucibus. Praesent condimentum accumsan leo, eget pulvinar nisl blandit eget. Pellentesque imperdiet posuere nulla ut porta. Nunc commodo condimentum nulla vulputate tempus. Donec vel magna diam, vel aliquet quam. Proin sollicitudin sodales massa non tincidunt.\n\nPraesent nec urna ut neque porta porttitor. Proin libero tortor, euismod et malesuada id, sagittis vitae metus. Aliquam adipiscing sem ac magna varius in dapibus purus rutrum. Phasellus sed tortor lacus. Sed ultricies interdum dapibus. Aenean id mauris lectus, viverra euismod mi. Vivamus tempus interdum tincidunt. Suspendisse id fringilla diam. Nam eget dolor id nisi lobortis elementum. Fusce dolor erat, varius in rutrum nec, dapibus eu nunc. Vestibulum ante ipsum primis in faucibus orci luctus et ultrices posuere cubilia Curae; Integer pretium ipsum turpis. Fusce consectetur aliquam dui ac dapibus. Vestibulum eget libero velit. Curabitur bibendum rhoncus risus, vitae dapibus eros egestas vel. Duis aliquam, mi eget pharetra adipiscing, nisi dui varius diam, vitae euismod ante leo facilisis tortor.\n\nDuis in justo sit amet est viverra faucibus. Pellentesque iaculis molestie est vitae eleifend. Nulla facilisi. Integer in velit tortor. In rhoncus neque id enim convallis vel tempus augue posuere. Integer lobortis, nisl vel ultricies cursus, libero nulla dapibus ligula, ac tincidunt purus massa ac odio. Sed posuere arcu eu arcu tempus molestie nec nec sem. Integer mattis mollis est in congue. Curabitur accumsan massa felis. Quisque accumsan scelerisque volutpat. Vestibulum ante ipsum primis in faucibus orci luctus et ultrices posuere cubilia Curae; Curabitur vestibulum lacinia felis, ac elementum turpis vestibulum vitae. Suspendisse ligula elit, pulvinar a condimentum a, ultricies eleifend nulla. Ut commodo risus sit amet tortor venenatis ullamcorper. Nunc nec purus sed enim porttitor ullamcorper sed et nisi. Mauris nisl mi, hendrerit ac tincidunt sed, suscipit id tellus. Quisque pulvinar eros sit amet mi ultrices congue ac et dolor.",
  "title": "Document 2-2-3-2",
  "__meta": {
    "updateId": -1810185060,
    "cdate": 1501428306270,
    "cuser": "cn=Al Mass,o=DARWINO",
    "mdate": 1501428368540,
    "replicaId": "85257FB8005090FB",
    "changes": "ITBt",
    "muser": "cn=Al Mass,o=DARWINO",
    "seqId": 1
  }
}