{
  "form": "CompanyDocument",
  "_parentid": "1212448CF80B24DE8525816D0054A958",
  "document": "Aenean non leo elit, eu egestas nunc. Curabitur vel tortor massa. Suspendisse potenti. Nullam a vehicula odio. Nullam egestas nisi vel felis rhoncus facilisis quis blandit lacus. In eros quam, tempor a venenatis nec, fringilla in lacus. Suspendisse sagittis lacinia auctor. Ut viverra facilisis urna, blandit mattis purus ullamcorper non. Praesent ac leo nec augue volutpat lacinia. Curabitur tempus condimentum ornare. Ut eleifend consectetur leo ac consectetur. Integer elementum ullamcorper ultricies. Mauris et eros in turpis imperdiet pellentesque et eu lorem. Nam congue elit leo. Etiam aliquet, nulla sit amet auctor sodales, lacus arcu luctus tortor, a auctor elit lorem at urna. Nulla eleifend velit ut urna rhoncus eget bibendum nunc pretium. Sed dictum nunc ac leo volutpat faucibus.\n\nAenean eget dolor in felis dictum tincidunt. Vivamus vitae augue sed urna sagittis venenatis vel vel nisl. Aenean sed elementum erat. Quisque egestas tempus tellus, sed pulvinar lectus auctor sed. Donec id orci id elit placerat sollicitudin. In hac habitasse platea dictumst. Nam hendrerit viverra metus a lacinia. Morbi eleifend nunc at eros lobortis fermentum. Nam congue, libero a egestas cursus, elit turpis suscipit quam, id laoreet eros arcu et mauris. Praesent diam nibh, faucibus ut pretium a, rutrum in erat.\n\nPraesent dictum leo in arcu cursus ultrices. Mauris cursus vestibulum magna vitae eleifend. Phasellus tempus quam eget lacus posuere semper. Nullam volutpat venenatis nibh eget elementum. Etiam sapien erat, iaculis at semper id, tempor ac lorem. Phasellus at tellus id orci feugiat viverra in ac lacus. Cras sed sapien eros, at ultrices metus. Donec non ipsum erat. Aliquam eros nibh, interdum laoreet condimentum vitae, venenatis eget augue. Mauris varius, elit ac rutrum rhoncus, nisl massa porttitor lacus, ac ullamcorper mauris velit eu tortor. Proin vitae lacus sed arcu viverra consequat ut convallis sem. Sed sem lectus, lobortis eu vehicula eget, molestie vel lacus. Curabitur pulvinar fermentum commodo. Sed ornare bibendum dolor, a tincidunt enim convallis eget. Class aptent taciti sociosqu ad litora torquent per conubia nostra, per inceptos himenaeos. Maecenas tristique tincidunt adipiscing. Pellentesque tristique vulputate nisi id facilisis.",
  "title": "Document 4-1-2-1-3",
  "__meta": {
    "updateId": -1810252390,
    "cdate": 1501428283790,
    "cuser": "cn=Al Mass,o=DARWINO",
    "mdate": 1501428301210,
    "replicaId": "85257FB8005090FB",
    "changes": "N4_E",
    "muser": "cn=Al Mass,o=DARWINO",
    "seqId": 1
  }
}