{
  "form": "CompanyDocument",
  "_parentid": "6D913C27E7124E268525816D0054B813",
  "document": "Suspendisse id semper nunc. Phasellus semper, mi sit amet tincidunt cursus, erat dolor tempus elit, ut hendrerit neque nibh ultrices arcu. Nulla malesuada, felis a feugiat fermentum, sapien diam vulputate arcu, non feugiat odio nunc in quam. Nam sed arcu id diam ornare pharetra nec at diam. Maecenas ultricies libero in velit mollis faucibus. Vivamus pellentesque euismod dignissim. Fusce ultrices arcu urna, ac tristique diam. Mauris egestas porta arcu eget interdum. Fusce purus sem, viverra porta vehicula id, varius a nisl. Duis mollis facilisis massa, ac mattis arcu interdum eu. Nullam mollis, nulla in elementum venenatis, velit lacus adipiscing ante, id rhoncus nulla urna non lectus. Maecenas ac felis et lectus scelerisque vulputate nec ut enim. Vestibulum ante ipsum primis in faucibus orci luctus et ultrices posuere cubilia Curae; Etiam tempus felis eget lacus sagittis volutpat. In augue lorem, ornare nec sodales quis, sagittis vel mauris. Mauris nec metus eget arcu pulvinar dignissim. Vivamus auctor sodales varius. Mauris aliquam scelerisque ipsum in dapibus. Suspendisse eu aliquam eros.\n\nDonec dignissim risus at orci pretium bibendum. Proin pellentesque leo non sapien luctus a dictum diam tempus. Donec in sapien lectus, condimentum faucibus sem. Morbi luctus felis nisi, ut mollis turpis. Nunc rhoncus metus et mi viverra hendrerit. Mauris ut libero cursus tortor tempor malesuada. Nam id molestie urna. Nam semper, ante ac lacinia bibendum, nibh libero lobortis massa, in tincidunt mi dui molestie elit. Phasellus consequat lectus vel elit malesuada convallis. Phasellus elementum, nulla in blandit suscipit, neque mauris laoreet leo, nec lacinia nunc augue eget libero. Donec nisl sem, malesuada ac auctor vitae, congue et massa. Morbi risus eros, consectetur ac congue quis, pharetra vitae enim. Lorem ipsum dolor sit amet, consectetur adipiscing elit. Suspendisse molestie ligula non odio lobortis in pretium augue accumsan.\n\nVestibulum ullamcorper faucibus tellus, vel pulvinar nisi hendrerit vitae. Praesent sit amet tellus feugiat augue molestie fringilla. Aliquam hendrerit libero lacinia massa gravida feugiat. Maecenas quis molestie felis. Nunc iaculis nibh a leo sagittis fringilla. Donec ultrices malesuada ligula, quis fermentum diam auctor lacinia. Morbi est odio, rutrum vitae ornare sit amet, porttitor eu velit. Nunc congue tristique accumsan. Nullam pellentesque leo sed sapien cursus sollicitudin. Pellentesque ante diam, facilisis a sodales sed, sodales et mauris. Aenean et tellus augue. Aliquam molestie, arcu ut egestas scelerisque, mauris ipsum convallis elit, luctus lacinia velit sem quis lorem. Ut vel vehicula enim. Ut congue sagittis odio, vitae sodales nulla pellentesque consequat. Phasellus rhoncus porta ligula ac gravida. Sed dapibus congue sodales.",
  "title": "Document 6-4",
  "__meta": {
    "updateId": -1810138850,
    "cdate": 1501428321700,
    "cuser": "cn=Al Mass,o=DARWINO",
    "mdate": 1501428414750,
    "replicaId": "85257FB8005090FB",
    "changes": "oIwS",
    "muser": "cn=Al Mass,o=DARWINO",
    "seqId": 1
  }
}