{
  "form": "CompanyDocument",
  "_parentid": "BB1AB7C5191A55DF8525816D0054A6FD",
  "document": "Cras nibh metus, adipiscing ut interdum id, sagittis quis nibh. Donec id arcu ipsum. Class aptent taciti sociosqu ad litora torquent per conubia nostra, per inceptos himenaeos. Class aptent taciti sociosqu ad litora torquent per conubia nostra, per inceptos himenaeos. Lorem ipsum dolor sit amet, consectetur adipiscing elit. Integer rutrum luctus molestie. Proin interdum aliquam neque, id tristique sapien volutpat et. In hac habitasse platea dictumst. Nullam bibendum cursus dapibus. Lorem ipsum dolor sit amet, consectetur adipiscing elit. Suspendisse augue velit, cursus eu rhoncus non, pharetra at elit. Aenean sed velit mauris. Nunc laoreet purus a felis cursus vel cursus eros suscipit. Maecenas risus lorem, pretium sit amet porta in, volutpat sed dolor. Integer in laoreet est. Quisque pulvinar felis dictum mauris suscipit at suscipit nisi laoreet.\n\nEtiam sit amet posuere quam. Integer sit amet erat quis tellus pulvinar bibendum. Pellentesque non metus est, id hendrerit magna. Morbi a mi non nibh aliquam dapibus. Pellentesque vitae elementum nulla. Donec sit amet ullamcorper sem. Etiam facilisis lorem dui, adipiscing suscipit est. Donec velit orci, porta ut pretium ut, dignissim a turpis. Fusce at turpis arcu, id tempus neque. Vestibulum dictum erat elit. Aliquam vehicula, massa sit amet scelerisque egestas, enim nibh ultrices massa, id semper nunc magna quis lectus.\n\nNunc dictum dui ac tellus laoreet ac rutrum neque malesuada. Phasellus ultricies odio nec quam auctor pulvinar. Aliquam tincidunt mauris at lectus posuere commodo. Phasellus sed neque sapien. Sed vel lorem sit amet dui ullamcorper volutpat. Nunc ultricies pharetra leo, in ultricies purus pretium sit amet. Morbi in nibh non metus lobortis volutpat vitae id eros. Phasellus nec sapien metus. Quisque sollicitudin nunc eu risus consectetur ac bibendum eros pharetra. Cras lacinia justo et lectus tempor suscipit. Donec nec nunc leo, id gravida nulla. Integer bibendum lectus sed purus auctor fermentum. Suspendisse potenti. Proin molestie, quam at fringilla vestibulum, ipsum velit placerat arcu, id malesuada neque tellus in nibh. Nunc sed ultricies odio.\n\nDonec ut turpis in libero laoreet vestibulum vitae id tortor. Curabitur justo purus, egestas id mollis id, lacinia quis lorem. Vivamus nisl sapien, laoreet sed ornare quis, imperdiet volutpat enim. Nullam aliquet aliquam odio sit amet convallis. Nullam auctor leo vitae sapien sagittis sed eleifend velit fermentum. In felis eros, feugiat ac tincidunt id, consectetur quis enim. Quisque laoreet lacinia hendrerit. Phasellus fermentum volutpat erat, vitae porta turpis molestie laoreet. Suspendisse eu elit dolor, nec tempor sem. Donec tincidunt, orci sed ultricies sodales, enim velit elementum felis, eu auctor est lectus eget odio. Sed semper eros sit amet tellus pretium tincidunt.",
  "title": "Document 2-4-2",
  "__meta": {
    "updateId": -1810270260,
    "cdate": 1501428277820,
    "cuser": "cn=Al Mass,o=DARWINO",
    "mdate": 1501428283340,
    "replicaId": "85257FB8005090FB",
    "changes": "kblZ",
    "muser": "cn=Al Mass,o=DARWINO",
    "seqId": 1
  }
}