{
  "form": "CompanyDocument",
  "_parentid": "0DC474C96E4147DB8525816D0054B3DC",
  "document": "Nulla facilisi. Aliquam dui metus, tincidunt at dignissim sit amet, tincidunt euismod felis. Duis fringilla justo sed risus commodo fermentum. Ut eu nibh ut dui commodo dictum eu nec urna. Integer id justo eros. Phasellus tristique magna vel sem euismod sagittis. Duis pretium, odio id venenatis tempus, dolor purus vehicula quam, non feugiat erat turpis eu nunc. Curabitur tristique posuere enim, at imperdiet urna tincidunt eu. Maecenas sit amet neque vel nibh dignissim interdum eget a diam. Proin cursus vehicula ligula, in pulvinar erat egestas ac. Curabitur vehicula massa in velit vehicula sit amet facilisis mi pharetra. Suspendisse vitae dui et sapien volutpat pharetra et non velit. Cum sociis natoque penatibus et magnis dis parturient montes, nascetur ridiculus mus. Nulla at turpis sem. Nam egestas, enim eu facilisis elementum, dui lorem ultricies nibh, et porta dolor nisi eu turpis. Vivamus pellentesque leo eget risus hendrerit fermentum. In tincidunt hendrerit dui vitae lobortis.\n\nNunc dictum dui ac tellus laoreet ac rutrum neque malesuada. Phasellus ultricies odio nec quam auctor pulvinar. Aliquam tincidunt mauris at lectus posuere commodo. Phasellus sed neque sapien. Sed vel lorem sit amet dui ullamcorper volutpat. Nunc ultricies pharetra leo, in ultricies purus pretium sit amet. Morbi in nibh non metus lobortis volutpat vitae id eros. Phasellus nec sapien metus. Quisque sollicitudin nunc eu risus consectetur ac bibendum eros pharetra. Cras lacinia justo et lectus tempor suscipit. Donec nec nunc leo, id gravida nulla. Integer bibendum lectus sed purus auctor fermentum. Suspendisse potenti. Proin molestie, quam at fringilla vestibulum, ipsum velit placerat arcu, id malesuada neque tellus in nibh. Nunc sed ultricies odio.\n\nPellentesque dapibus sem at felis cursus sed imperdiet tellus porta. Suspendisse mollis nunc et felis volutpat adipiscing. Nulla aliquet metus sed sapien bibendum vitae lobortis massa rhoncus. Sed lobortis consequat augue, at gravida risus consequat in. Pellentesque habitant morbi tristique senectus et netus et malesuada fames ac turpis egestas. Etiam aliquam urna id nisl adipiscing viverra. Nunc consequat quam nec felis venenatis rutrum. Mauris tincidunt euismod porttitor. Phasellus ultricies, nunc in congue euismod, turpis magna imperdiet sem, eu scelerisque dui dui sed orci. Vivamus tristique nibh quis turpis luctus vehicula. Fusce id congue tortor. Pellentesque in urna nec felis molestie auctor cursus eget purus. Nam at libero leo. Sed ac felis id metus semper dignissim sit amet vel arcu.",
  "title": "Document 3-1-1-1-4",
  "__meta": {
    "updateId": -1810171730,
    "cdate": 1501428310720,
    "cuser": "cn=Al Mass,o=DARWINO",
    "mdate": 1501428381870,
    "replicaId": "85257FB8005090FB",
    "changes": "JGw_",
    "muser": "cn=Al Mass,o=DARWINO",
    "seqId": 1
  }
}