{
  "form": "CompanyDocument",
  "_parentid": "48848ECD731B9B6A8525816D0054A8F9",
  "document": "Quisque pharetra aliquam accumsan. Nullam nec dolor vitae erat suscipit gravida quis ac metus. Praesent in purus sed orci hendrerit posuere. Curabitur libero turpis, feugiat ut molestie in, volutpat ut dui. Etiam feugiat libero vel arcu molestie sit amet imperdiet risus gravida. Vestibulum feugiat tincidunt congue. Suspendisse semper consectetur diam, ac viverra leo sodales vitae. Lorem ipsum dolor sit amet, consectetur adipiscing elit. Nam dictum felis sed sem dictum sit amet luctus elit ultricies. Proin odio ipsum, consectetur fermentum posuere ut, venenatis at turpis. Proin quis nibh nec libero sollicitudin sollicitudin id consectetur leo. Nam ornare lacus sapien. Aliquam ac justo eget nunc mattis eleifend. Proin vitae rhoncus neque. Mauris sed egestas lacus. Pellentesque eget ante quam. Morbi mauris nisl, viverra vitae dictum vitae, sodales ut augue. Suspendisse adipiscing vestibulum est, at aliquam urna bibendum ut. Cras suscipit convallis rhoncus. Sed ac velit nisl, eget adipiscing leo.\n\nAenean leo ligula, consectetur vel congue vel, eleifend vitae magna. Morbi id massa quis nulla ultricies lacinia lacinia eget ante. Aenean porttitor quam nec velit tempus id posuere nisi tincidunt. Sed ligula magna, viverra at accumsan at, ornare et nisi. Nulla sodales elit eu arcu cursus fringilla eu sed elit. Nam sollicitudin vestibulum nulla, nec condimentum neque aliquam ut. Nulla et odio lectus. Aenean risus libero, egestas in porttitor quis, sollicitudin eget ligula. Morbi fermentum consequat sem, vel scelerisque enim tincidunt in. Aenean congue risus eget urna dapibus non sagittis felis porttitor. Praesent consectetur pulvinar libero in vehicula. Sed in nunc enim, at vehicula enim.\n\nSuspendisse fermentum viverra ligula eu varius. Integer bibendum lacus purus. Curabitur eu magna in tortor luctus blandit. Integer venenatis molestie libero, in convallis lacus faucibus ut. Morbi vitae accumsan dolor. Sed rutrum commodo vulputate. Maecenas odio mauris, gravida sed auctor quis, imperdiet sit amet erat. Vestibulum sem dui, molestie nec accumsan id, tristique nec purus. Sed non augue ac orci condimentum mollis in id massa. Fusce sagittis, erat quis cursus venenatis, elit nisi sagittis neque, ac euismod lacus turpis vel ipsum. Aenean tempor semper condimentum. Donec sollicitudin elit ornare nibh sollicitudin dapibus. Suspendisse potenti. Sed eleifend, nunc nec porttitor euismod, ligula nibh volutpat dui, a pharetra nibh eros ac diam. Nulla non dui sed magna facilisis pharetra vitae nec nibh. Nullam mattis hendrerit vehicula. Duis dapibus lacus in enim viverra placerat. Proin ultricies, quam quis tincidunt laoreet, eros odio aliquam elit, at porta nisi dui rutrum turpis. Phasellus ac sem libero. Pellentesque risus odio, porta in porttitor a, blandit eget diam.\n\nAliquam erat volutpat. Morbi faucibus pulvinar ullamcorper. Mauris a arcu elit. Vivamus et tincidunt nunc. Vestibulum sagittis, eros sit amet facilisis rhoncus, lacus risus tincidunt lectus, nec molestie dui augue non lacus. Maecenas commodo tincidunt ornare. Pellentesque quis justo diam, vel ultricies tortor. Fusce lobortis eleifend diam, nec porta eros elementum in. Suspendisse mollis suscipit mattis. Fusce aliquam, nisi et egestas fermentum, elit ligula hendrerit libero, eu tincidunt est elit a lorem. Fusce volutpat urna vitae mauris fermentum aliquam. Donec eu ipsum sem. Cras neque ante, porta quis euismod quis, viverra id augue.",
  "title": "Document 1-2-2-2",
  "__meta": {
    "updateId": -1810255240,
    "cdate": 1501428282840,
    "cuser": "cn=Al Mass,o=DARWINO",
    "mdate": 1501428298360,
    "replicaId": "85257FB8005090FB",
    "changes": "mlXb",
    "muser": "cn=Al Mass,o=DARWINO",
    "seqId": 1
  }
}