{
  "form": "CompanyDocument",
  "_parentid": "54C9B4B3D92DCE988525816D0054AB8F",
  "document": "Donec hendrerit, est a hendrerit cursus, lacus felis placerat est, consequat tempor odio dolor vel risus. Curabitur erat orci, tincidunt et pretium eu, sagittis eu dui. Fusce sit amet libero in justo tincidunt fringilla quis non nulla. Mauris accumsan erat ut velit gravida consequat. Praesent mauris leo, iaculis non cursus vel, eleifend vestibulum diam. Nunc eget leo ut erat varius porttitor id ac risus. Praesent pharetra consectetur libero a porta. Duis semper vestibulum lectus. Donec vestibulum vestibulum dictum. Quisque eget diam nibh. Praesent orci sapien, dapibus sed scelerisque at, accumsan eget ipsum. Suspendisse non fringilla enim. Duis sed urna quis velit tristique hendrerit. Maecenas volutpat tristique bibendum. Vestibulum condimentum erat tristique ante interdum vehicula. Nullam id odio nisi, vitae mollis urna. Donec molestie vulputate odio, eget imperdiet augue euismod vel. Suspendisse potenti. Integer auctor, lacus id pulvinar tristique, justo nibh convallis risus, et adipiscing odio erat eget eros. Proin blandit feugiat tempus.\n\nAenean eget dolor in felis dictum tincidunt. Vivamus vitae augue sed urna sagittis venenatis vel vel nisl. Aenean sed elementum erat. Quisque egestas tempus tellus, sed pulvinar lectus auctor sed. Donec id orci id elit placerat sollicitudin. In hac habitasse platea dictumst. Nam hendrerit viverra metus a lacinia. Morbi eleifend nunc at eros lobortis fermentum. Nam congue, libero a egestas cursus, elit turpis suscipit quam, id laoreet eros arcu et mauris. Praesent diam nibh, faucibus ut pretium a, rutrum in erat.\n\nNulla eget felis ac sapien ornare tincidunt in at metus. Maecenas fringilla aliquet est, a volutpat tellus interdum ac. Etiam vel commodo dui. Phasellus ultricies tellus quis libero condimentum quis pulvinar nunc facilisis. Praesent purus magna, ultrices nec eleifend porta, dignissim non ligula. Nullam posuere metus vitae nunc sollicitudin imperdiet. Pellentesque consectetur ligula vitae metus bibendum quis rutrum mauris eleifend. Mauris quam dolor, imperdiet id porta quis, porttitor id nulla. Nulla tempor, mi sit amet ullamcorper vestibulum, orci tellus tincidunt nunc, ac tincidunt risus augue rhoncus justo. Lorem ipsum dolor sit amet, consectetur adipiscing elit.",
  "title": "Document 3-2-4-1-2",
  "__meta": {
    "updateId": -1810235440,
    "cdate": 1501428289450,
    "cuser": "cn=Al Mass,o=DARWINO",
    "mdate": 1501428318160,
    "replicaId": "85257FB8005090FB",
    "changes": "49zu",
    "muser": "cn=Al Mass,o=DARWINO",
    "seqId": 1
  }
}