{
  "form": "CompanyDocument",
  "_parentid": "523784AFEC16E51A8525816D0054ABFF",
  "document": "Praesent vitae metus ac nulla varius scelerisque vitae et justo. Suspendisse egestas, tellus a interdum malesuada, turpis eros sodales justo, vel auctor ligula sapien eget magna. Aliquam consectetur tristique pretium. Fusce tortor ante, varius tincidunt sodales ut, fermentum a erat. Pellentesque molestie consectetur mauris. Curabitur fermentum sapien sit amet nunc blandit pretium. Vivamus bibendum nisi in tellus vehicula eget pretium arcu sollicitudin. Nam iaculis nulla sed arcu congue interdum. Suspendisse libero eros, condimentum eget iaculis ut, pharetra sed dui. Vestibulum nunc lacus, faucibus id pulvinar a, cursus non purus. Nam sed varius purus.\n\nNunc augue nulla, lobortis eu pulvinar a, rhoncus tempus elit. Quisque sodales tristique dui, ut luctus est sollicitudin vulputate. Nam iaculis convallis pulvinar. Sed diam mauris, porttitor id vestibulum non, aliquet et leo. Nunc blandit leo vitae est aliquet vitae fermentum metus vulputate. Praesent commodo, velit ac porta pretium, arcu tortor pulvinar dolor, vitae imperdiet mauris massa ut tortor. Nam augue arcu, rhoncus a fermentum ut, venenatis at dolor. Sed neque velit, placerat eu hendrerit ut, mollis sed lorem. Vivamus ultrices pellentesque massa, sed feugiat risus porta vel. Ut tincidunt fermentum dignissim. Mauris vitae nulla purus. In ullamcorper justo eget massa consectetur vitae tincidunt ligula commodo. Suspendisse tristique est in eros convallis et consequat dolor iaculis. Morbi dignissim massa at orci hendrerit tristique. Vivamus venenatis accumsan nisl, sed hendrerit arcu congue vel. Phasellus quis augue libero. Cras nec turpis et orci laoreet pulvinar. In rhoncus pharetra facilisis.",
  "title": "Document 4-4-2-3-1",
  "__meta": {
    "updateId": -1810232110,
    "cdate": 1501428290560,
    "cuser": "cn=Al Mass,o=DARWINO",
    "mdate": 1501428321490,
    "replicaId": "85257FB8005090FB",
    "changes": "qMvJ",
    "muser": "cn=Al Mass,o=DARWINO",
    "seqId": 1
  }
}