{
  "form": "CompanyDocument",
  "_parentid": "99B1B7A5155874B28525816D0054ACD8",
  "document": "Aliquam nibh orci, accumsan ornare posuere quis, luctus pharetra tortor. Duis scelerisque neque quis ligula posuere tempus ac non urna. Nulla sed fringilla dui. In eget nisl urna, a ullamcorper magna. Class aptent taciti sociosqu ad litora torquent per conubia nostra, per inceptos himenaeos. Praesent porttitor scelerisque neque, non laoreet nisi adipiscing ut. Suspendisse potenti. Donec ultrices turpis nec sapien dapibus id porttitor turpis accumsan. Proin ultrices rhoncus lectus, at pretium nisl lobortis sit amet. Aliquam ut ligula iaculis risus pretium hendrerit vitae feugiat dolor. Duis eget nulla elit. Donec posuere tempus felis, ut vestibulum magna euismod at. Etiam nec nisl et turpis pellentesque posuere eu id orci. Integer neque felis, semper mollis vehicula at, ornare facilisis eros. Pellentesque habitant morbi tristique senectus et netus et malesuada fames ac turpis egestas. Aliquam mollis mollis purus sed viverra.\n\nMauris vel diam vel velit consequat imperdiet. In tincidunt faucibus bibendum. Curabitur tellus enim, mollis ut dapibus laoreet, posuere in metus. Nam vel est mauris, vel cursus sem. Nullam imperdiet pulvinar nulla in commodo. Pellentesque ac ligula in ipsum tempor sollicitudin. Donec eget justo neque. Nulla facilisi. Fusce commodo lacinia tellus dictum pulvinar. In dui justo, placerat eget eleifend vehicula, viverra vitae augue. Fusce sollicitudin mi vel est facilisis pulvinar. Praesent urna lorem, varius a posuere eget, sagittis at mauris. Donec et erat turpis, non bibendum magna. Vestibulum ac eros lacus. Nam tristique leo ac orci placerat porttitor. Vestibulum a erat nec est tempus consequat et id sem. Ut vitae massa nisi. Phasellus feugiat blandit lacus, eget imperdiet lorem vestibulum a.\n\nNulla facilisi. Aliquam dui metus, tincidunt at dignissim sit amet, tincidunt euismod felis. Duis fringilla justo sed risus commodo fermentum. Ut eu nibh ut dui commodo dictum eu nec urna. Integer id justo eros. Phasellus tristique magna vel sem euismod sagittis. Duis pretium, odio id venenatis tempus, dolor purus vehicula quam, non feugiat erat turpis eu nunc. Curabitur tristique posuere enim, at imperdiet urna tincidunt eu. Maecenas sit amet neque vel nibh dignissim interdum eget a diam. Proin cursus vehicula ligula, in pulvinar erat egestas ac. Curabitur vehicula massa in velit vehicula sit amet facilisis mi pharetra. Suspendisse vitae dui et sapien volutpat pharetra et non velit. Cum sociis natoque penatibus et magnis dis parturient montes, nascetur ridiculus mus. Nulla at turpis sem. Nam egestas, enim eu facilisis elementum, dui lorem ultricies nibh, et porta dolor nisi eu turpis. Vivamus pellentesque leo eget risus hendrerit fermentum. In tincidunt hendrerit dui vitae lobortis.",
  "title": "Document 5-3-3-1-1",
  "__meta": {
    "updateId": -1810225610,
    "cdate": 1501428292730,
    "cuser": "cn=Al Mass,o=DARWINO",
    "mdate": 1501428327990,
    "replicaId": "85257FB8005090FB",
    "changes": "op2_",
    "muser": "cn=Al Mass,o=DARWINO",
    "seqId": 1
  }
}