{
  "form": "CompanyDocument",
  "_parentid": "5EF0D50C03B02EA88525816D0054B6D8",
  "document": "In non justo cursus purus adipiscing fermentum. Sed commodo orci at purus fringilla ut commodo urna porttitor. Donec condimentum lectus eget ligula imperdiet interdum. Integer quis lectus ut elit vulputate interdum. Suspendisse tempus fringilla lacus vel rhoncus. Vestibulum semper arcu et libero laoreet faucibus. Praesent nisl tortor, laoreet vulputate aliquet ut, faucibus ac orci. Nam a tincidunt metus. Curabitur a libero arcu, id mattis neque. Vivamus semper tortor vitae lectus euismod facilisis. Donec id malesuada massa. Nulla pretium enim ut justo blandit id tristique nisi vestibulum. Quisque mattis ornare ligula vitae sagittis. Curabitur ornare, lorem in iaculis adipiscing, eros libero congue ipsum, ut fermentum tellus dolor condimentum arcu. Aliquam odio massa, sollicitudin nec luctus at, varius at mi. In hac habitasse platea dictumst. Mauris purus turpis, tempor ac ultrices id, fringilla facilisis nunc.\n\nLorem ipsum dolor sit amet, consectetur adipiscing elit. Aliquam diam sem, bibendum non rutrum a, auctor nec massa. Proin nec nulla nibh. Nam ipsum lacus, elementum in luctus ut, fermentum sit amet nunc. Etiam tempus placerat lacus. Cras non tellus diam. Sed vel mauris metus. Ut elementum porttitor metus a sagittis. Fusce scelerisque neque nec augue iaculis eget tempor enim varius. Proin consequat sollicitudin lectus, vitae semper leo feugiat luctus. Donec ut rutrum lacus. Morbi faucibus leo vel arcu tincidunt in dignissim metus tristique. Nam nulla purus, aliquam ut mollis dapibus, tincidunt id neque. Etiam gravida, ipsum non volutpat molestie, odio dui rhoncus enim, eget cursus magna neque vitae mauris. Curabitur varius placerat mauris ac viverra. Mauris sollicitudin lorem in ante pretium ultrices. Vestibulum rhoncus placerat justo vel rhoncus. Nullam felis orci, placerat sed vulputate eget, aliquam a felis. In hac habitasse platea dictumst. Integer sagittis ante a turpis vestibulum at tempus justo tempus.",
  "title": "Document 3-3-2-2",
  "__meta": {
    "updateId": -1810148820,
    "cdate": 1501428318370,
    "cuser": "cn=Al Mass,o=DARWINO",
    "mdate": 1501428404780,
    "replicaId": "85257FB8005090FB",
    "changes": "WJdt",
    "muser": "cn=Al Mass,o=DARWINO",
    "seqId": 1
  }
}