{
  "form": "CompanyDocument",
  "_parentid": "817D12AC771D081D8525816D0054B092",
  "document": "Vestibulum eget molestie risus. Nunc volutpat turpis sit amet eros vehicula eget molestie elit hendrerit. Duis sed nibh eu nulla mollis volutpat gravida nec leo. Curabitur euismod, leo in consequat pellentesque, enim dui mattis dolor, a lacinia quam justo sed felis. Aliquam risus ipsum, pulvinar in lacinia eget, porta sit amet nunc. Aliquam erat volutpat. Integer eget ipsum ac felis vehicula venenatis id rhoncus ipsum. Fusce rutrum malesuada quam, vitae mattis lectus iaculis quis. Aenean ornare dictum quam quis tincidunt. Cras tristique sagittis felis sed ultricies. Ut elementum commodo risus, non iaculis velit auctor et.\n\nVestibulum ac nulla nulla, at elementum risus. Cras luctus tristique ligula nec placerat. In faucibus magna ut est tempus consectetur. Pellentesque tincidunt, sapien non malesuada feugiat, arcu est tincidunt mi, ac vehicula nunc nisl vel purus. Phasellus a tortor id massa dictum pharetra. Etiam blandit, dolor in accumsan suscipit, arcu lorem ultricies dui, at ultricies nulla nisi at dolor. Sed arcu arcu, hendrerit varius ornare non, tincidunt at arcu. Sed eu lectus dolor, eget lobortis nisi. Fusce a sapien purus. Vestibulum ante ipsum primis in faucibus orci luctus et ultrices posuere cubilia Curae; Praesent cursus, risus nec facilisis bibendum, sem metus euismod libero, ut varius nisl ipsum nec odio. Suspendisse malesuada bibendum ipsum. Phasellus id leo non turpis accumsan aliquet et vel enim. Quisque quam enim, consectetur pellentesque lacinia id, hendrerit id sapien. Nullam aliquam vehicula eleifend. Vestibulum sagittis, dolor in gravida cursus, augue sem malesuada nibh, ut elementum tellus tortor non mauris. Suspendisse interdum elementum turpis, id pellentesque dui vulputate quis. Duis in dui ligula, non porta quam. Integer eu dolor a nisi vestibulum tempus vitae ac urna.\n\nCras id eros malesuada nunc vehicula dapibus. Mauris lobortis dolor sed tortor venenatis dapibus. Nulla at turpis non dui sodales bibendum. Fusce volutpat ligula eget diam tempus consequat. Praesent vehicula leo sit amet tellus feugiat vehicula. Nulla facilisi. Vivamus vulputate pellentesque velit et laoreet. Praesent velit est, suscipit in fringilla non, ultrices et sapien. Aenean id lorem dui, in malesuada dui. Etiam ullamcorper auctor egestas. Suspendisse ultrices urna nec dui blandit ultricies ullamcorper tortor sagittis. Etiam imperdiet velit nec lacus aliquam interdum. Cras sagittis arcu et risus blandit tristique varius ante auctor. Nunc auctor eros vitae nulla imperdiet vulputate. Suspendisse pretium erat augue.\n\nClass aptent taciti sociosqu ad litora torquent per conubia nostra, per inceptos himenaeos. In hac habitasse platea dictumst. Quisque iaculis dolor leo, non lobortis purus. Integer aliquet, lorem quis imperdiet malesuada, lacus dolor egestas leo, non faucibus sem nisi ut diam. Phasellus facilisis pellentesque massa, eget rutrum libero faucibus ultricies. Pellentesque habitant morbi tristique senectus et netus et malesuada fames ac turpis egestas. Etiam feugiat, mauris nec imperdiet viverra, velit lectus eleifend sem, id sollicitudin nulla augue vitae risus. Cras nisl metus, condimentum in consectetur et, bibendum lacinia dui. Duis odio libero, laoreet eu molestie at, lacinia eu erat. Aliquam fringilla bibendum nulla. Etiam sem purus, egestas vitae tristique ac, tincidunt quis justo. Cras quis est lacus. In pretium placerat ligula id imperdiet.",
  "title": "Document 2-2-1-1",
  "__meta": {
    "updateId": -1810197040,
    "cdate": 1501428302270,
    "cuser": "cn=Al Mass,o=DARWINO",
    "mdate": 1501428356560,
    "replicaId": "85257FB8005090FB",
    "changes": "W0Nw",
    "muser": "cn=Al Mass,o=DARWINO",
    "seqId": 1
  }
}