{
  "form": "CompanyDocument",
  "_parentid": "AF3050AFC020D2D28525816D0054A617",
  "document": "Cras convallis molestie elit, euismod pharetra nulla aliquet non. Vestibulum rutrum ornare nulla, ac tempor magna euismod at. Pellentesque vel felis ac lorem pharetra laoreet. Nulla lacus lectus, lobortis sit amet dictum ut, sollicitudin sit amet enim. In hac habitasse platea dictumst. Aenean dignissim, tellus at mattis hendrerit, tortor risus commodo dui, ac dapibus libero ipsum eget mi. Mauris semper cursus lectus ut egestas. Donec nec sapien eget quam consectetur commodo eget at est. Aliquam sit amet nulla metus. In hac habitasse platea dictumst. Proin risus purus, fermentum vel dictum vitae, suscipit ac quam.\n\nFusce varius mi vel massa egestas rhoncus. Integer rhoncus blandit vehicula. Etiam lobortis eros at massa placerat ullamcorper. Vivamus condimentum ultricies metus nec dignissim. Vivamus dignissim, diam et feugiat vestibulum, dui tellus elementum arcu, et pulvinar diam metus quis quam. Pellentesque faucibus dapibus laoreet. Donec congue velit et purus vestibulum ut pulvinar erat pharetra. Ut faucibus orci eu lectus vulputate gravida. Fusce ante lectus, porttitor non imperdiet eget, eleifend ut nibh. Etiam vestibulum rutrum metus quis laoreet.\n\nIn non felis elit. Integer eleifend velit ac lacus vestibulum imperdiet. Cras lacus orci, posuere a euismod nec, convallis et nibh. Proin pretium risus sit amet leo pulvinar fermentum. Mauris sapien diam, interdum et egestas et, hendrerit non tellus. Pellentesque auctor feugiat lacus, id aliquam lacus faucibus in. Vivamus tempor ornare varius. Suspendisse in ultrices nisi. Aenean fermentum dictum mauris at consectetur. Cras porta ultricies libero sit amet volutpat. Suspendisse dapibus convallis nulla, non ultrices purus egestas pulvinar. Suspendisse tellus augue, dignissim non mollis a, tristique id nunc. Sed tempor rhoncus lacus, id feugiat metus convallis eget. Praesent sed nisi tellus, in dapibus justo.\n\nSuspendisse vel nulla ac arcu ultrices pretium. Sed laoreet arcu non felis convallis ut aliquam ipsum tincidunt. Vestibulum non urna luctus metus ullamcorper dignissim sed vitae mi. Aliquam vestibulum nisi ut dolor eleifend faucibus. Praesent ut nisi in purus dapibus fringilla vel a neque. Nunc sed arcu at dui euismod rutrum. Nullam est quam, interdum eget gravida id, malesuada ac ligula. Suspendisse aliquam ante in tortor ullamcorper elementum. Vestibulum pretium lacus vel justo scelerisque blandit. Mauris in erat sit amet libero pulvinar auctor vitae quis dui. Etiam euismod, nisi at pretium egestas, massa justo placerat lectus, a molestie velit dolor a tortor. Duis nec nulla tortor, quis vulputate nisi. Vestibulum eget lectus nisl, vitae rhoncus ligula. Donec ultricies euismod tempor. Donec sit amet orci erat, quis interdum mauris. Pellentesque habitant morbi tristique senectus et netus et malesuada fames ac turpis egestas. Duis tristique semper facilisis.",
  "title": "Document 2-2-1-3-1",
  "__meta": {
    "updateId": -1810277390,
    "cdate": 1501428275440,
    "cuser": "cn=Al Mass,o=DARWINO",
    "mdate": 1501428276210,
    "replicaId": "85257FB8005090FB",
    "changes": "lk@W",
    "muser": "cn=Al Mass,o=DARWINO",
    "seqId": 1
  }
}