{
  "form": "CompanyDocument",
  "_parentid": "04BBEF640F6918078525816D0054B70F",
  "document": "Etiam ultrices, dui vel posuere rhoncus, lectus mi dictum risus, ac vulputate sapien ipsum eu nisl. Duis in ipsum in ligula blandit ultrices. Integer blandit auctor vestibulum. Duis sit amet ante est. Aenean in ante enim. Curabitur viverra est in nunc commodo quis commodo sem placerat. Nunc sit amet quam urna. Nullam vestibulum ultricies iaculis. Cras vitae ligula libero, volutpat viverra nunc. Maecenas sodales condimentum turpis, at molestie orci semper at. Ut ante ipsum, tempus sed tempus ac, gravida eget arcu. Praesent blandit mattis mauris nec tincidunt. In hac habitasse platea dictumst. Aenean diam magna, vehicula sed adipiscing id, vestibulum a dolor.\n\nEtiam mattis, eros nec vulputate porttitor, erat erat pharetra elit, quis pharetra ligula dolor eu velit. Aliquam rutrum nunc eu nunc aliquam eu hendrerit metus consequat. Etiam quis erat ac sapien tincidunt gravida. Nulla varius, nulla sed dapibus pretium, massa libero consectetur diam, vel interdum neque felis vel diam. Nam lorem nunc, posuere eget venenatis et, convallis sed massa. Vestibulum ante ipsum primis in faucibus orci luctus et ultrices posuere cubilia Curae; Sed sed nisi nunc, in commodo eros. Integer dictum bibendum quam vitae malesuada. Vestibulum sollicitudin dapibus quam id ornare. Ut vulputate fermentum laoreet.\n\nQuisque venenatis nulla nec quam porttitor congue. Phasellus a est orci. Donec adipiscing orci vitae neque congue elementum. Nunc eu tincidunt est. Vestibulum rhoncus eros a neque ultrices consectetur. Morbi vitae elit nisl, rhoncus mollis velit. Sed facilisis scelerisque ligula, eget consequat lorem cursus ac. Etiam id eros eget velit cursus iaculis eu id leo. Vestibulum congue diam non nibh luctus sollicitudin. Curabitur condimentum imperdiet lacinia. Integer vel est arcu, iaculis consequat elit. Aenean sodales placerat varius. Nullam non tortor id velit feugiat dapibus congue luctus nulla.\n\nEtiam ultricies ligula vel velit pretium et convallis augue eleifend. Sed lobortis interdum sem, sed sollicitudin lectus pellentesque a. Duis orci ante, laoreet vel viverra non, varius vel nisi. Quisque adipiscing mattis turpis, eget cursus ante sollicitudin sed. Praesent cursus lobortis posuere. Curabitur sapien mauris, suscipit a scelerisque at, eleifend sit amet nunc. Nam consequat arcu sit amet elit elementum iaculis. Quisque id augue elit, convallis malesuada mauris. Fusce consectetur bibendum arcu sit amet fringilla. Praesent tempor libero ut lectus luctus sit amet sagittis ligula congue. Donec dapibus risus eget nunc pretium sollicitudin. Nulla vitae bibendum diam. Proin libero nibh, posuere id molestie vitae, pellentesque eget magna. Fusce interdum dignissim ipsum id viverra. Ut in diam vitae nisl iaculis adipiscing ut a massa. Maecenas accumsan dolor sit amet ipsum imperdiet pharetra. Donec in rutrum quam. In urna nisl, convallis sit amet tempus vel, pulvinar id magna. Proin neque dolor, mollis vitae pretium sollicitudin, rhoncus at leo. Cras bibendum fermentum tempus.",
  "title": "Document 4-1-4-3",
  "__meta": {
    "updateId": -1810147200,
    "cdate": 1501428318910,
    "cuser": "cn=Al Mass,o=DARWINO",
    "mdate": 1501428406400,
    "replicaId": "85257FB8005090FB",
    "changes": "DQs@",
    "muser": "cn=Al Mass,o=DARWINO",
    "seqId": 1
  }
}