{
  "form": "CompanyDocument",
  "_parentid": "A7AB027FA5F4C46C8525816D0054B695",
  "document": "Suspendisse ullamcorper auctor urna ornare gravida. In turpis lectus, ornare vitae placerat at, sollicitudin sed nibh. In laoreet augue vel lorem sagittis volutpat. Donec laoreet dignissim ante vitae vulputate. Nam at elit felis, ut pellentesque magna. Mauris quis nunc felis. Quisque imperdiet adipiscing velit, non placerat neque interdum eu. Duis vulputate iaculis varius. Integer felis nisl, commodo quis tempor nec, tristique quis augue. Nulla facilisi.",
  "title": "Document 1-2-3-4-2",
  "__meta": {
    "updateId": -1810150920,
    "cdate": 1501428317670,
    "cuser": "cn=Al Mass,o=DARWINO",
    "mdate": 1501428402680,
    "replicaId": "85257FB8005090FB",
    "changes": "kSk3",
    "muser": "cn=Al Mass,o=DARWINO",
    "seqId": 1
  }
}