{
  "form": "CompanyDocument",
  "_parentid": "5E7320AEFEEC829A8525816D0054A64F",
  "document": "In rhoncus sagittis dictum. Aenean eu est eu urna vestibulum vestibulum sit amet nec velit. Suspendisse tortor quam, volutpat quis vehicula pharetra, vestibulum a nunc. Nulla facilisis feugiat leo, ac dapibus sem lacinia quis. Donec at ligula risus. Suspendisse tincidunt cursus mi ac aliquet. Suspendisse mollis lobortis risus, nec pretium nisl tincidunt quis. Vestibulum ultricies, nibh ut consectetur semper, massa ipsum viverra metus, nec eleifend nisl tortor eu dui. Pellentesque quis felis at nulla accumsan gravida. Aliquam erat volutpat. Etiam nec ante sed felis tristique tempus. Aliquam in congue velit. Mauris volutpat dictum aliquet.\n\nIn imperdiet vulputate est, quis porttitor nunc dictum sit amet. Nunc blandit ullamcorper lobortis. Phasellus arcu nulla, interdum blandit sagittis quis, condimentum ut nisl. Nunc id lacus luctus ante auctor vulputate. Ut in tortor vitae ligula aliquam aliquet a a turpis. In neque odio, molestie quis vulputate vitae, malesuada vel elit. Praesent luctus mi vel quam bibendum gravida a quis turpis. Curabitur tempor consequat mi. Nulla facilisi. Nam posuere feugiat imperdiet. Pellentesque rhoncus porttitor enim, in sodales mi varius vel. Quisque a magna dolor.",
  "title": "Document 3-1-1-2-1",
  "__meta": {
    "updateId": -1810275710,
    "cdate": 1501428276000,
    "cuser": "cn=Al Mass,o=DARWINO",
    "mdate": 1501428277890,
    "replicaId": "85257FB8005090FB",
    "changes": "Sc2s",
    "muser": "cn=Al Mass,o=DARWINO",
    "seqId": 1
  }
}