{
  "firstname": "Luisa",
  "comments": "<font size=\"2\" face=\"sans-serif\">A metallic salad bought the table</font><br />\r\n<font size=\"2\" face=\"sans-serif\">The duck bought the competitive elephant, said a nationwide pear</font><br />\r\n<font size=\"2\" face=\"sans-serif\">The municipal desk will work together with a sweet treehouse</font>",
  "homephone": "(106) 738-1238",
  "city": "Holland",
  "sex": "F",
  "picture": "http://www.gravatar.com/avatar/478cb78d9c9d718ed30c1841dd54cbb3?d=retro",
  "lastname": "Farrell",
  "__meta": {
    "updateId": -1810134810,
    "cdate": 1501428323710,
    "cuser": "cn=Al Mass,o=DARWINO",
    "mdate": 1501428418790,
    "replicaId": "85257FB8005090FB",
    "changes": "kQdD",
    "muser": "cn=Al Mass,o=DARWINO",
    "seqId": 2
  },
  "zipcode": "49423",
  "form": "Contact",
  "street": "232 Old York Road",
  "firstcontact": "2016-06-11T05:00:08.000-05:00",
  "workphone": "(187) 261-1329",
  "mobilephone": "(531) 147-1200",
  "company": "Scottfind",
  "state": "MI",
  "card": "<img src=\"$document-attachment/Card%7C%7Cinline-0.84.gif\" width=\"80\" height=\"80\" /><br />\r\n<font size=\"2\" face=\"sans-serif\"><b>Name</b></font><font size=\"2\" face=\"sans-serif\">: Luisa Farrell</font><br />\r\n<font size=\"2\" face=\"sans-serif\"><b>EMail</b></font><font size=\"2\" face=\"sans-serif\">: lfarrell@darwino.com</font><br />\r\n<font size=\"2\" face=\"sans-serif\"><b>Company</b></font><font size=\"2\" face=\"sans-serif\">: Scottfind</font>",
  "email": "lfarrell@darwino.com"
}