{
  "form": "CompanyDocument",
  "_parentid": "66ECD63BC20F8E468525816D0054A741",
  "document": "Suspendisse eget nisi et dolor fringilla imperdiet. Praesent convallis sem id felis dictum at fermentum mi aliquam. Etiam at massa eu leo ornare fermentum. Nullam eget ante diam, vel porttitor felis. Sed accumsan ultrices massa, sit amet feugiat tortor dapibus ut. Donec suscipit, odio non pulvinar laoreet, ante leo blandit justo, vel rhoncus leo erat in ligula. Aenean vulputate iaculis pharetra. Sed in arcu augue. Aenean consequat risus vel urna porta commodo dapibus dui rutrum. Sed sem quam, molestie vitae iaculis sit amet, pretium lobortis ligula. Pellentesque habitant morbi tristique senectus et netus et malesuada fames ac turpis egestas.",
  "title": "Document 4-2-1-3-2",
  "__meta": {
    "updateId": -1810268430,
    "cdate": 1501428278430,
    "cuser": "cn=Al Mass,o=DARWINO",
    "mdate": 1501428285170,
    "replicaId": "85257FB8005090FB",
    "changes": "vfsm",
    "muser": "cn=Al Mass,o=DARWINO",
    "seqId": 1
  }
}