{
  "form": "CompanyDocument",
  "_parentid": "80264B9F10FAC5618525816D0054B402",
  "document": "Donec scelerisque sagittis elit sit amet dapibus. Proin nulla lorem, ullamcorper ac elementum nec, pretium eu sapien. Aliquam justo enim, blandit ut rhoncus eu, sollicitudin in mi. Sed sit amet nunc sed dolor tempus consequat non non augue. Sed bibendum sodales nulla et rutrum. Quisque ut risus eget metus dictum pulvinar vel et ante. Nam commodo pellentesque nunc, sit amet condimentum dolor venenatis ultrices. Suspendisse erat sapien, congue nec consequat a, consectetur accumsan est. Mauris elementum lorem eu elit eleifend molestie. Donec sed lectus non leo semper porta et eu urna. Morbi ultrices rhoncus urna, et suscipit nunc laoreet nec.\n\nIn hac habitasse platea dictumst. Suspendisse potenti. Quisque rutrum risus eget nisl porta vel rutrum lorem egestas. Etiam elit nunc, cursus a gravida fringilla, aliquam ut massa. Sed nulla lorem, ornare sed tempus sit amet, tempus non dolor. Cras eget ipsum risus. Integer massa lectus, placerat eu porta vitae, vulputate consequat odio. Praesent aliquet justo eget magna aliquet placerat semper diam gravida. Donec rutrum aliquam leo in ultricies. Fusce euismod eros pretium sem sodales tempus. Sed venenatis venenatis dui ut venenatis. Nullam tempor congue nisl cursus vestibulum. In in lorem sed purus elementum congue a non turpis. Quisque at eros ligula, a elementum nisl. Morbi non tempus odio. Maecenas sapien enim, rhoncus ultrices cursus ac, pellentesque a libero.\n\nNulla eget felis ac sapien ornare tincidunt in at metus. Maecenas fringilla aliquet est, a volutpat tellus interdum ac. Etiam vel commodo dui. Phasellus ultricies tellus quis libero condimentum quis pulvinar nunc facilisis. Praesent purus magna, ultrices nec eleifend porta, dignissim non ligula. Nullam posuere metus vitae nunc sollicitudin imperdiet. Pellentesque consectetur ligula vitae metus bibendum quis rutrum mauris eleifend. Mauris quam dolor, imperdiet id porta quis, porttitor id nulla. Nulla tempor, mi sit amet ullamcorper vestibulum, orci tellus tincidunt nunc, ac tincidunt risus augue rhoncus justo. Lorem ipsum dolor sit amet, consectetur adipiscing elit.\n\nMorbi dapibus ultricies dignissim. Lorem ipsum dolor sit amet, consectetur adipiscing elit. Suspendisse sollicitudin lobortis odio a euismod. Sed vitae ultricies metus. Vestibulum ut dignissim purus. Maecenas metus leo, auctor tincidunt vulputate ut, euismod id leo. Nam dolor diam, tempus posuere fringilla quis, malesuada sit amet velit. Vivamus tristique, metus eget luctus tempus, quam urna convallis dolor, id euismod felis massa eget turpis. Pellentesque habitant morbi tristique senectus et netus et malesuada fames ac turpis egestas. Vestibulum lacus justo, gravida ac congue eu, vulputate sit amet dolor. Class aptent taciti sociosqu ad litora torquent per conubia nostra, per inceptos himenaeos.",
  "title": "Document 3-2-4-1-1",
  "__meta": {
    "updateId": -1810170680,
    "cdate": 1501428311070,
    "cuser": "cn=Al Mass,o=DARWINO",
    "mdate": 1501428382920,
    "replicaId": "85257FB8005090FB",
    "changes": "wFBO",
    "muser": "cn=Al Mass,o=DARWINO",
    "seqId": 1
  }
}