{
  "form": "CompanyDocument",
  "_parentid": "05D6426AC15ACE808525816D0054B408",
  "document": "Ut elit ipsum, dapibus id vulputate a, pretium condimentum justo. Nulla et nisi at turpis venenatis tincidunt. Morbi imperdiet libero eu odio molestie consectetur. Proin ornare placerat ligula eget adipiscing. Etiam sed est ligula. Cras porta lorem non tellus consequat eget vulputate felis tristique. Ut posuere, est non faucibus faucibus, ipsum sapien vulputate velit, vitae dapibus dolor lectus in lacus. Suspendisse non dui tortor, quis dignissim libero. Aenean sit amet aliquam lacus. Donec interdum imperdiet erat non consequat. Nunc consequat arcu ac elit sagittis dignissim. Quisque eros erat, tempus sed venenatis id, eleifend vitae tortor. Aliquam erat volutpat. Vivamus facilisis placerat odio, nec mollis dolor tristique sed. Donec lobortis lacus eu nisl porttitor volutpat eget sed diam. Suspendisse et adipiscing leo. Duis id mi lacus, sit amet mollis nunc. Aenean et sodales tellus. Praesent ullamcorper diam non nisl bibendum a malesuada turpis bibendum.\n\nSed tincidunt, mi non egestas imperdiet, dui metus semper orci, eu scelerisque est dolor tristique ante. Nullam nec tincidunt lacus. Maecenas lorem nibh, feugiat vel hendrerit eget, tristique eu augue. Nunc vel massa augue, ut tempor ipsum. Praesent metus dolor, tincidunt ut fermentum eget, volutpat sit amet mi. Nulla libero nibh, condimentum sed auctor non, malesuada nec elit. Aenean luctus odio sit amet arcu vestibulum dignissim id dictum nulla. Cum sociis natoque penatibus et magnis dis parturient montes, nascetur ridiculus mus. Suspendisse commodo augue sit amet odio dictum at scelerisque ipsum consequat. Cras tincidunt volutpat diam. Sed semper turpis quis mi aliquam auctor. Class aptent taciti sociosqu ad litora torquent per conubia nostra, per inceptos himenaeos. Etiam pellentesque, ipsum non porttitor ultricies, risus magna bibendum est, at cursus mauris est at massa. Ut lobortis nulla quam. Fusce euismod egestas dui, a condimentum odio aliquet quis. Sed eu nisl dui, vitae interdum dui. Curabitur lacinia consectetur nisi, sit amet feugiat mi gravida elementum. Vestibulum id dignissim nibh. Sed mattis rhoncus nulla, nec dignissim neque vehicula vitae. Curabitur venenatis semper congue.\n\nMauris sit amet tellus ac odio tempus dignissim sit amet ac sapien. Duis at pretium nisl. Nullam imperdiet suscipit gravida. Quisque mattis lectus at nibh mollis sit amet vestibulum sem imperdiet. Donec sed dui sed metus commodo fringilla in a erat. In rhoncus consectetur hendrerit. Pellentesque non purus sapien, sit amet adipiscing lacus. Cras id purus enim, sed bibendum turpis. Ut nec lectus eu tortor mollis fringilla. Cras vel lorem ligula.",
  "title": "Document 4-3",
  "__meta": {
    "updateId": -1810170230,
    "cdate": 1501428311220,
    "cuser": "cn=Al Mass,o=DARWINO",
    "mdate": 1501428383370,
    "replicaId": "85257FB8005090FB",
    "changes": "l3Zm",
    "muser": "cn=Al Mass,o=DARWINO",
    "seqId": 1
  }
}