{
  "form": "CompanyDocument",
  "_parentid": "33C09B0E85E5C6618525816D0054B7FC",
  "document": "Nam sed aliquam risus. Aliquam sagittis sagittis tortor, quis fermentum dolor mattis eget. Morbi tincidunt lobortis lectus, eu aliquet metus aliquet vitae. Nunc ultricies luctus odio sed posuere. Phasellus et velit vitae mi malesuada tristique. Curabitur elementum lacus id odio molestie malesuada. Ut in metus nunc. Maecenas eu orci tempor dolor dapibus laoreet. Fusce et sapien a quam consequat tempus egestas ac ipsum. Vestibulum molestie sagittis pretium. Nulla facilisi. Aliquam et diam nibh.\n\nAliquam consequat commodo augue. Nullam consectetur ultrices odio, eget malesuada lorem pretium vel. Morbi scelerisque felis non sem pellentesque sodales. Ut rutrum urna vel turpis dignissim aliquam. Nam accumsan, enim nec accumsan elementum, ipsum tellus porta felis, vel egestas tellus mi sodales lectus. Proin quis sem sem. Aenean laoreet enim non arcu pulvinar vel scelerisque lorem dapibus. Lorem ipsum dolor sit amet, consectetur adipiscing elit. Fusce eu luctus velit. Nulla in fringilla risus. Praesent sed dapibus ligula. Cras vulputate sagittis enim, vitae elementum sem consequat eget.\n\nFusce sed urna suscipit mi faucibus scelerisque et sed justo. Praesent semper est nunc, vel elementum eros. Donec nulla erat, pellentesque sed ultricies in, hendrerit placerat odio. Nulla mattis consectetur odio et tincidunt. Etiam tincidunt viverra mi, eu consectetur elit iaculis ut. Duis elit sem, porta et condimentum sed, ornare eget mi. Maecenas et sagittis nisl. Etiam accumsan magna at elit suscipit in sagittis diam aliquet. Pellentesque cursus metus quis augue tincidunt tincidunt. Quisque rutrum ligula ac purus condimentum in aliquet quam consectetur. Pellentesque habitant morbi tristique senectus et netus et malesuada fames ac turpis egestas. Curabitur sapien libero, sodales ac ultrices sit amet, rhoncus sit amet sapien. In hac habitasse platea dictumst. Donec adipiscing, mi vel dictum dapibus, sapien lectus pharetra arcu, tincidunt sodales sem metus eu erat. Sed fringilla nisi at velit sollicitudin ut laoreet dui accumsan. Proin viverra placerat magna, eget rhoncus tortor semper nec.",
  "title": "Document 4-1-1-1-3",
  "__meta": {
    "updateId": -1810140140,
    "cdate": 1501428321270,
    "cuser": "cn=Al Mass,o=DARWINO",
    "mdate": 1501428413460,
    "replicaId": "85257FB8005090FB",
    "changes": "BqMB",
    "muser": "cn=Al Mass,o=DARWINO",
    "seqId": 1
  }
}