{
  "form": "CompanyDocument",
  "_parentid": "6DB715E3A22A280D8525816D0054AAD4",
  "document": "Nunc posuere pretium turpis in auctor. Donec hendrerit, felis at imperdiet sodales, nisi dui fringilla augue, tincidunt facilisis nulla neque vitae mi. Sed suscipit felis sit amet elit dictum a congue enim gravida. Duis mattis ante nec diam vehicula sollicitudin. Ut vitae sapien et orci commodo facilisis nec ac ligula. Nunc erat tortor, elementum in molestie nec, lobortis in justo. Nam facilisis varius neque, vitae tristique augue consectetur eget. Nunc tempus libero id justo tincidunt imperdiet. Vestibulum egestas, magna eget tempus dapibus, lacus elit facilisis neque, eu gravida sem mauris sed sem. Lorem ipsum dolor sit amet, consectetur adipiscing elit. Aenean id commodo erat. Donec leo mauris, ultricies eu posuere id, rhoncus sagittis est. Class aptent taciti sociosqu ad litora torquent per conubia nostra, per inceptos himenaeos.\n\nCurabitur sit amet turpis at odio aliquam sollicitudin. Maecenas ac urna diam, sit amet sollicitudin orci. Maecenas quis porttitor nisi. Etiam sit amet ante diam, vel ullamcorper est. Nulla facilisi. Maecenas eu tellus magna, at blandit massa. Mauris interdum rutrum tellus id rutrum. Pellentesque vitae tortor at odio fringilla fermentum vel sit amet lorem. Cum sociis natoque penatibus et magnis dis parturient montes, nascetur ridiculus mus. Aliquam nec eleifend ligula. In tortor sapien, tincidunt et accumsan a, blandit a sem. Nullam pharetra consequat justo, sed faucibus libero dictum id. Praesent et nibh eget eros scelerisque sagittis quis ac sem. Vestibulum posuere vehicula augue. Ut id tempor risus. Praesent vestibulum, lacus sit amet facilisis tristique, odio nisi auctor ipsum, in facilisis sapien nisl ac dui.\n\nAenean eget dolor in felis dictum tincidunt. Vivamus vitae augue sed urna sagittis venenatis vel vel nisl. Aenean sed elementum erat. Quisque egestas tempus tellus, sed pulvinar lectus auctor sed. Donec id orci id elit placerat sollicitudin. In hac habitasse platea dictumst. Nam hendrerit viverra metus a lacinia. Morbi eleifend nunc at eros lobortis fermentum. Nam congue, libero a egestas cursus, elit turpis suscipit quam, id laoreet eros arcu et mauris. Praesent diam nibh, faucibus ut pretium a, rutrum in erat.",
  "title": "Document 4-2-4-3-1",
  "__meta": {
    "updateId": -1810241070,
    "cdate": 1501428287570,
    "cuser": "cn=Al Mass,o=DARWINO",
    "mdate": 1501428312530,
    "replicaId": "85257FB8005090FB",
    "changes": "og5u",
    "muser": "cn=Al Mass,o=DARWINO",
    "seqId": 1
  }
}