{
  "form": "CompanyDocument",
  "_parentid": "7C7A4BF1F1316E588525816D0054A8AB",
  "document": "Nulla eget felis ac sapien ornare tincidunt in at metus. Maecenas fringilla aliquet est, a volutpat tellus interdum ac. Etiam vel commodo dui. Phasellus ultricies tellus quis libero condimentum quis pulvinar nunc facilisis. Praesent purus magna, ultrices nec eleifend porta, dignissim non ligula. Nullam posuere metus vitae nunc sollicitudin imperdiet. Pellentesque consectetur ligula vitae metus bibendum quis rutrum mauris eleifend. Mauris quam dolor, imperdiet id porta quis, porttitor id nulla. Nulla tempor, mi sit amet ullamcorper vestibulum, orci tellus tincidunt nunc, ac tincidunt risus augue rhoncus justo. Lorem ipsum dolor sit amet, consectetur adipiscing elit.\n\nProin rutrum malesuada sem vitae dictum. Aenean molestie elit massa, blandit volutpat purus. Nullam sit amet dictum eros. Curabitur dignissim magna convallis nulla scelerisque ac tempus dolor porta. Mauris at iaculis ipsum. Ut vulputate eros sed justo varius bibendum. Etiam non porta tortor. Praesent sapien elit, tempor nec dignissim non, interdum ac urna. Sed sit amet enim sem, non pellentesque elit. Praesent fermentum porttitor elementum.",
  "title": "Document 3-1-1-4-4",
  "__meta": {
    "updateId": -1810257540,
    "cdate": 1501428282070,
    "cuser": "cn=Al Mass,o=DARWINO",
    "mdate": 1501428296060,
    "replicaId": "85257FB8005090FB",
    "changes": "sSo0",
    "muser": "cn=Al Mass,o=DARWINO",
    "seqId": 1
  }
}