{
  "form": "CompanyDocument",
  "_parentid": "8604C851DB6EEFF48525816D0054B3C0",
  "document": "Ut nisi dolor, pellentesque auctor posuere eget, hendrerit eget sem. Phasellus non eros nec turpis ultricies rhoncus. Aliquam porta, risus sit amet ornare sagittis, risus mi tristique urna, eu tempus metus quam vitae risus. Suspendisse sed ante vitae quam tincidunt tincidunt. Suspendisse potenti. Suspendisse congue laoreet diam adipiscing euismod. Etiam tincidunt dui et nunc fringilla auctor. Sed blandit viverra metus, eu elementum magna ornare ac. Quisque rutrum tristique ligula, in consectetur elit tempus a. Sed scelerisque iaculis tempus. Vivamus lacinia accumsan massa, vel lobortis lorem laoreet eu. Duis pellentesque facilisis nibh ut congue. Nunc lacinia bibendum lorem, nec congue leo mollis id.\n\nAliquam consequat commodo augue. Nullam consectetur ultrices odio, eget malesuada lorem pretium vel. Morbi scelerisque felis non sem pellentesque sodales. Ut rutrum urna vel turpis dignissim aliquam. Nam accumsan, enim nec accumsan elementum, ipsum tellus porta felis, vel egestas tellus mi sodales lectus. Proin quis sem sem. Aenean laoreet enim non arcu pulvinar vel scelerisque lorem dapibus. Lorem ipsum dolor sit amet, consectetur adipiscing elit. Fusce eu luctus velit. Nulla in fringilla risus. Praesent sed dapibus ligula. Cras vulputate sagittis enim, vitae elementum sem consequat eget.\n\nAliquam consequat commodo augue. Nullam consectetur ultrices odio, eget malesuada lorem pretium vel. Morbi scelerisque felis non sem pellentesque sodales. Ut rutrum urna vel turpis dignissim aliquam. Nam accumsan, enim nec accumsan elementum, ipsum tellus porta felis, vel egestas tellus mi sodales lectus. Proin quis sem sem. Aenean laoreet enim non arcu pulvinar vel scelerisque lorem dapibus. Lorem ipsum dolor sit amet, consectetur adipiscing elit. Fusce eu luctus velit. Nulla in fringilla risus. Praesent sed dapibus ligula. Cras vulputate sagittis enim, vitae elementum sem consequat eget.\n\nSuspendisse eget nisi et dolor fringilla imperdiet. Praesent convallis sem id felis dictum at fermentum mi aliquam. Etiam at massa eu leo ornare fermentum. Nullam eget ante diam, vel porttitor felis. Sed accumsan ultrices massa, sit amet feugiat tortor dapibus ut. Donec suscipit, odio non pulvinar laoreet, ante leo blandit justo, vel rhoncus leo erat in ligula. Aenean vulputate iaculis pharetra. Sed in arcu augue. Aenean consequat risus vel urna porta commodo dapibus dui rutrum. Sed sem quam, molestie vitae iaculis sit amet, pretium lobortis ligula. Pellentesque habitant morbi tristique senectus et netus et malesuada fames ac turpis egestas.",
  "title": "Document 2-3-1-1-1",
  "__meta": {
    "updateId": -1810172660,
    "cdate": 1501428310410,
    "cuser": "cn=Al Mass,o=DARWINO",
    "mdate": 1501428380940,
    "replicaId": "85257FB8005090FB",
    "changes": "_dzJ",
    "muser": "cn=Al Mass,o=DARWINO",
    "seqId": 1
  }
}