{
  "firstname": "Deanne",
  "comments": "<font size=\"2\" face=\"sans-serif\">Today the yellow window is now investing on a sweet terminal</font>",
  "homephone": "(624) 166-1053",
  "city": "Amsterdam",
  "sex": "F",
  "picture": "http://www.gravatar.com/avatar/9bdef625c1680e7febd48fe61c1a6c42?d=retro",
  "lastname": "Knowles",
  "__meta": {
    "updateId": -1810131970,
    "cdate": 1501428325130,
    "cuser": "cn=Al Mass,o=DARWINO",
    "mdate": 1501428421630,
    "replicaId": "85257FB8005090FB",
    "changes": "tsaN",
    "muser": "cn=Al Mass,o=DARWINO",
    "seqId": 2
  },
  "zipcode": "12010",
  "form": "Contact",
  "street": "338 Main Street East",
  "firstcontact": "2016-07-12T08:38:06.000-05:00",
  "workphone": "(568) 197-1846",
  "mobilephone": "(324) 917-1638",
  "company": "Iselectrics",
  "state": "NY",
  "card": "<img src=\"$document-attachment/Card%7C%7Cinline-0.84.gif\" width=\"80\" height=\"80\" /><br />\r\n<font size=\"2\" face=\"sans-serif\"><b>Name</b></font><font size=\"2\" face=\"sans-serif\">: Deanne Knowles</font><br />\r\n<font size=\"2\" face=\"sans-serif\"><b>EMail</b></font><font size=\"2\" face=\"sans-serif\">: dknowles@darwino.com</font><br />\r\n<font size=\"2\" face=\"sans-serif\"><b>Company</b></font><font size=\"2\" face=\"sans-serif\">: Iselectrics</font>",
  "email": "dknowles@darwino.com"
}