{
  "form": "CompanyDocument",
  "_parentid": "C089E4B795BA69158525816D0054AAB8",
  "document": "Nunc ac tortor id libero euismod vehicula vitae ac orci. Vivamus hendrerit lobortis ligula vel molestie. Vestibulum semper orci sed orci tincidunt sit amet tincidunt erat vulputate. Nulla eu odio sed nisi interdum molestie. Vestibulum hendrerit eros scelerisque orci mattis consequat. Sed tristique velit nec quam adipiscing eu ultrices lorem facilisis. Cum sociis natoque penatibus et magnis dis parturient montes, nascetur ridiculus mus. Donec mollis hendrerit massa non euismod. Pellentesque habitant morbi tristique senectus et netus et malesuada fames ac turpis egestas. Nunc a erat metus. Sed placerat, justo sed pretium mattis, arcu dolor dapibus ligula, eu convallis massa diam eu quam. Nulla tempor ultrices arcu, vel bibendum libero lobortis quis.\n\nInteger sed convallis enim. Vestibulum augue odio, convallis at blandit at, gravida ac felis. Aliquam purus est, consectetur sed facilisis scelerisque, aliquet sed lectus. Nullam ut scelerisque arcu. Praesent eget est nec metus rhoncus viverra non pretium eros. Proin sed lorem et diam varius iaculis. Donec consectetur imperdiet dignissim. Cum sociis natoque penatibus et magnis dis parturient montes, nascetur ridiculus mus. Integer cursus augue id nunc vulputate vestibulum. Etiam vel dui nec ante hendrerit consequat. Sed nec metus nec mauris mattis placerat nec a tortor. Pellentesque habitant morbi tristique senectus et netus et malesuada fames ac turpis egestas.\n\nSuspendisse id semper nunc. Phasellus semper, mi sit amet tincidunt cursus, erat dolor tempus elit, ut hendrerit neque nibh ultrices arcu. Nulla malesuada, felis a feugiat fermentum, sapien diam vulputate arcu, non feugiat odio nunc in quam. Nam sed arcu id diam ornare pharetra nec at diam. Maecenas ultricies libero in velit mollis faucibus. Vivamus pellentesque euismod dignissim. Fusce ultrices arcu urna, ac tristique diam. Mauris egestas porta arcu eget interdum. Fusce purus sem, viverra porta vehicula id, varius a nisl. Duis mollis facilisis massa, ac mattis arcu interdum eu. Nullam mollis, nulla in elementum venenatis, velit lacus adipiscing ante, id rhoncus nulla urna non lectus. Maecenas ac felis et lectus scelerisque vulputate nec ut enim. Vestibulum ante ipsum primis in faucibus orci luctus et ultrices posuere cubilia Curae; Etiam tempus felis eget lacus sagittis volutpat. In augue lorem, ornare nec sodales quis, sagittis vel mauris. Mauris nec metus eget arcu pulvinar dignissim. Vivamus auctor sodales varius. Mauris aliquam scelerisque ipsum in dapibus. Suspendisse eu aliquam eros.",
  "title": "Document 4-2-2-1-4",
  "__meta": {
    "updateId": -1810241820,
    "cdate": 1501428287320,
    "cuser": "cn=Al Mass,o=DARWINO",
    "mdate": 1501428311780,
    "replicaId": "85257FB8005090FB",
    "changes": "If3_",
    "muser": "cn=Al Mass,o=DARWINO",
    "seqId": 1
  }
}