{
  "form": "CompanyDocument",
  "_parentid": "D3D3D9155A3F100A8525816D0054A737",
  "document": "Suspendisse fermentum viverra ligula eu varius. Integer bibendum lacus purus. Curabitur eu magna in tortor luctus blandit. Integer venenatis molestie libero, in convallis lacus faucibus ut. Morbi vitae accumsan dolor. Sed rutrum commodo vulputate. Maecenas odio mauris, gravida sed auctor quis, imperdiet sit amet erat. Vestibulum sem dui, molestie nec accumsan id, tristique nec purus. Sed non augue ac orci condimentum mollis in id massa. Fusce sagittis, erat quis cursus venenatis, elit nisi sagittis neque, ac euismod lacus turpis vel ipsum. Aenean tempor semper condimentum. Donec sollicitudin elit ornare nibh sollicitudin dapibus. Suspendisse potenti. Sed eleifend, nunc nec porttitor euismod, ligula nibh volutpat dui, a pharetra nibh eros ac diam. Nulla non dui sed magna facilisis pharetra vitae nec nibh. Nullam mattis hendrerit vehicula. Duis dapibus lacus in enim viverra placerat. Proin ultricies, quam quis tincidunt laoreet, eros odio aliquam elit, at porta nisi dui rutrum turpis. Phasellus ac sem libero. Pellentesque risus odio, porta in porttitor a, blandit eget diam.\n\nVestibulum quis mattis felis. Mauris nec magna eu metus gravida aliquet. Quisque a viverra lorem. Nulla facilisi. Cras nibh purus, luctus sit amet tempus in, condimentum vitae nibh. Curabitur a arcu at lectus convallis laoreet. Cras vel tortor massa. Mauris a molestie tellus. Proin mollis cursus arcu venenatis adipiscing. Sed adipiscing magna a ligula iaculis mattis. Nullam tempus molestie tortor, eu tempus ipsum ornare vel. Morbi sed augue eu massa pulvinar porttitor vitae id velit.",
  "title": "Document 4-3",
  "__meta": {
    "updateId": -1810268070,
    "cdate": 1501428278550,
    "cuser": "cn=Al Mass,o=DARWINO",
    "mdate": 1501428285530,
    "replicaId": "85257FB8005090FB",
    "changes": "SlaX",
    "muser": "cn=Al Mass,o=DARWINO",
    "seqId": 1
  }
}