{
  "form": "CompanyDocument",
  "_parentid": "370D25335646BB6C8525816D0054A6D7",
  "document": "Lorem ipsum dolor sit amet, consectetur adipiscing elit. Lorem ipsum dolor sit amet, consectetur adipiscing elit. In vitae gravida magna. Donec sed tristique felis. Duis urna quam, tempor in laoreet ac, aliquam sed quam. Aliquam pharetra laoreet dui, non vulputate lacus egestas nec. Phasellus cursus augue sem. Sed risus neque, consequat id aliquam eget, euismod nec purus. Nulla porta mauris eu tellus tincidunt malesuada. Quisque sit amet blandit velit. Vivamus varius nisi gravida ante feugiat a convallis quam pharetra. In hac habitasse platea dictumst. Fusce varius, metus in rhoncus varius, nunc dui semper massa, nec gravida sem sapien non lacus.",
  "title": "Document 2-2-3",
  "__meta": {
    "updateId": -1810271520,
    "cdate": 1501428277400,
    "cuser": "cn=Al Mass,o=DARWINO",
    "mdate": 1501428282080,
    "replicaId": "85257FB8005090FB",
    "changes": "gSaP",
    "muser": "cn=Al Mass,o=DARWINO",
    "seqId": 1
  }
}