{
  "form": "CompanyDocument",
  "_parentid": "3E751A9EE754D91A8525816D0054B1D9",
  "document": "Suspendisse pulvinar iaculis nibh ut porttitor. Etiam vehicula cursus justo in convallis. Donec ornare erat euismod diam viverra ac ultricies dui iaculis. Ut id tellus quis mauris rhoncus auctor at vitae tortor. Morbi mauris nibh, aliquam eget eleifend in, dapibus in libero. Sed a rhoncus nulla. Cras vitae mollis odio. Aenean consectetur risus at orci lobortis id lobortis risus consequat. Aliquam ultrices adipiscing placerat. Nunc luctus elementum ultrices. Quisque sed orci ipsum. Cras bibendum congue egestas. Integer ut lorem eget urna vulputate sodales. Vestibulum quis nisi eu diam vulputate venenatis ut malesuada tellus. Sed pellentesque enim et nulla laoreet condimentum. Nunc ipsum nisl, fermentum vitae accumsan ac, pharetra vel augue.\n\nCurabitur sed justo libero. Duis ligula ligula, varius et volutpat ac, auctor ut ipsum. Etiam ac laoreet enim. Vestibulum sagittis sem in erat tincidunt consectetur. Phasellus odio lorem, luctus id volutpat vitae, vulputate vel eros. Donec vitae nibh erat, nec porta neque. Mauris quam neque, accumsan et porttitor eget, varius condimentum ipsum. Maecenas eget dolor nec ipsum scelerisque sagittis in et lectus. Suspendisse potenti. Aenean lacus ante, eleifend non vulputate a, facilisis sed nisi. Aliquam erat volutpat. Curabitur sit amet tristique massa. In placerat mauris eget nulla molestie ac convallis diam egestas. Sed varius rutrum faucibus. Curabitur adipiscing dui et dui porta dictum. Donec arcu magna, facilisis et accumsan eu, commodo id risus. Phasellus risus augue, accumsan a ornare at, porta nec purus. In hac habitasse platea dictumst. Vivamus elit lacus, luctus nec convallis vel, vestibulum nec urna. Nam mollis arcu at ipsum aliquet molestie.\n\nSed id quam at urna dignissim accumsan. Nunc sed lorem non est dapibus egestas volutpat sed odio. Curabitur eros orci, viverra ut suscipit sed, adipiscing in diam. Nam adipiscing, ligula fermentum gravida hendrerit, lacus nunc gravida turpis, aliquam euismod ante metus eget dolor. Fusce porttitor, est et lacinia venenatis, felis metus porta erat, non hendrerit orci tellus eu massa. Proin vel orci quis ante blandit tempor. Donec lacus tellus, gravida at accumsan sed, dignissim et augue. Nunc cursus suscipit risus, eu consectetur erat sodales id. Morbi justo leo, aliquam commodo congue vel, convallis at orci. Vivamus condimentum fermentum augue, et rhoncus ligula semper sed. Nulla facilisi. Suspendisse a ipsum eget ipsum volutpat malesuada. Nulla porttitor laoreet condimentum.",
  "title": "Document 4-3-2-1",
  "__meta": {
    "updateId": -1810187240,
    "cdate": 1501428305540,
    "cuser": "cn=Al Mass,o=DARWINO",
    "mdate": 1501428366360,
    "replicaId": "85257FB8005090FB",
    "changes": "aJB6",
    "muser": "cn=Al Mass,o=DARWINO",
    "seqId": 1
  }
}