{
  "form": "CompanyDocument",
  "_parentid": "003BDCDD46A7ED698525816D0054B761",
  "document": "Pellentesque habitant morbi tristique senectus et netus et malesuada fames ac turpis egestas. Integer felis nulla, auctor nec gravida eget, euismod in lacus. In sodales metus eget odio vehicula non sagittis ligula varius. Donec eros lacus, bibendum at mattis ut, elementum in quam. In hac habitasse platea dictumst. Nam non rutrum lacus. Fusce eget blandit nisi. Cras ultricies tellus vel orci accumsan interdum. In nec diam et mi posuere ultricies. Mauris at pellentesque urna. Vestibulum ut arcu mauris. Nam imperdiet erat eu arcu condimentum in molestie nisl faucibus. Donec iaculis, lacus condimentum gravida ornare, nisl lacus sollicitudin massa, et elementum tellus tellus at turpis. Nulla facilisi. Sed eget purus et nisi pellentesque rutrum. Nullam ornare facilisis velit et consequat. Sed nulla quam, vehicula id venenatis feugiat, feugiat quis urna. Nunc fermentum, arcu at fermentum pulvinar, magna ipsum feugiat velit, id bibendum turpis felis id neque. Sed ut leo augue, eget iaculis massa. Nam id scelerisque nisl.\n\nAliquam erat volutpat. Morbi faucibus pulvinar ullamcorper. Mauris a arcu elit. Vivamus et tincidunt nunc. Vestibulum sagittis, eros sit amet facilisis rhoncus, lacus risus tincidunt lectus, nec molestie dui augue non lacus. Maecenas commodo tincidunt ornare. Pellentesque quis justo diam, vel ultricies tortor. Fusce lobortis eleifend diam, nec porta eros elementum in. Suspendisse mollis suscipit mattis. Fusce aliquam, nisi et egestas fermentum, elit ligula hendrerit libero, eu tincidunt est elit a lorem. Fusce volutpat urna vitae mauris fermentum aliquam. Donec eu ipsum sem. Cras neque ante, porta quis euismod quis, viverra id augue.",
  "title": "Document 1-4-2-2",
  "__meta": {
    "updateId": -1810144690,
    "cdate": 1501428319750,
    "cuser": "cn=Al Mass,o=DARWINO",
    "mdate": 1501428408910,
    "replicaId": "85257FB8005090FB",
    "changes": "APHW",
    "muser": "cn=Al Mass,o=DARWINO",
    "seqId": 1
  }
}