{
  "form": "CompanyDocument",
  "_parentid": "E8297F43C27400048525816D0054B37F",
  "document": "Pellentesque bibendum placerat scelerisque. Curabitur dignissim ipsum a nisi scelerisque lobortis. Sed tempor, sapien tincidunt pharetra lacinia, ipsum purus tempor lorem, in porttitor ante lectus eget ligula. Nulla fermentum, lectus at varius interdum, est velit laoreet purus, at porta ligula dolor quis sapien. Ut sit amet massa vel orci faucibus hendrerit in ac metus. Mauris porta ante sed diam luctus eget tempus lorem aliquam. Phasellus condimentum scelerisque metus, tincidunt vulputate tellus porta non. Vivamus sed odio a ipsum ornare ultricies. Praesent neque lorem, faucibus eget placerat eget, sagittis eget tortor. Donec ut tincidunt nisi. Aenean et lacus velit. Aenean ac nulla felis. Lorem ipsum dolor sit amet, consectetur adipiscing elit. Nunc ut risus id ipsum vulputate accumsan non eget diam. Integer et magna a diam viverra posuere. Nam nibh enim, dapibus vitae convallis sit amet, pulvinar commodo nisl. Ut ultricies lacinia nisl, at suscipit neque sollicitudin quis. Etiam feugiat augue sit amet tortor lacinia vulputate. Duis scelerisque nunc at quam accumsan a mattis elit aliquam.\n\nCras lobortis imperdiet orci nec aliquam. Pellentesque elit justo, fermentum id vehicula id, tincidunt eu nibh. Donec vitae aliquet arcu. Phasellus metus ante, vulputate bibendum semper at, fringilla a odio. Aliquam imperdiet sapien sed nunc tincidunt a vulputate elit ultricies. Fusce sit amet ante nisi, eu dictum ipsum. Cras bibendum rutrum condimentum. Donec hendrerit ultricies risus nec molestie. In euismod ligula malesuada lacus ullamcorper consectetur. Proin ac magna mi, vel dictum neque. Proin et dictum purus. Sed scelerisque rutrum elit et rutrum. Fusce massa justo, porta ut luctus ut, ultrices sed quam. Proin gravida tortor id nisl egestas non adipiscing purus fermentum.",
  "title": "Document 1-1-3-4",
  "__meta": {
    "updateId": -1810174280,
    "cdate": 1501428309870,
    "cuser": "cn=Al Mass,o=DARWINO",
    "mdate": 1501428379320,
    "replicaId": "85257FB8005090FB",
    "changes": "RE@M",
    "muser": "cn=Al Mass,o=DARWINO",
    "seqId": 1
  }
}