{
  "form": "CompanyDocument",
  "_parentid": "FCE46F5FFAF8DB048525816D0054B78F",
  "document": "Ut nec libero nec sem luctus ultricies. Donec quis nibh eget sapien aliquet fringilla sed porta libero. Donec varius mollis dui eu eleifend. Quisque mattis, eros venenatis aliquam sodales, nibh orci volutpat nunc, id laoreet purus risus ac risus. Vestibulum feugiat nunc nec diam dignissim ullamcorper. Pellentesque at tortor augue. Suspendisse consectetur massa id est vestibulum ultrices. Vivamus porttitor nibh non nibh tincidunt vitae placerat risus posuere. Donec commodo ante leo. Praesent convallis urna et sem fringilla dapibus. Morbi velit leo, facilisis eget adipiscing vel, pretium id enim. Aliquam hendrerit risus eget eros aliquam vitae laoreet magna aliquam. Nulla facilisi. Sed euismod risus at orci dictum tincidunt.\n\nSuspendisse pulvinar iaculis nibh ut porttitor. Etiam vehicula cursus justo in convallis. Donec ornare erat euismod diam viverra ac ultricies dui iaculis. Ut id tellus quis mauris rhoncus auctor at vitae tortor. Morbi mauris nibh, aliquam eget eleifend in, dapibus in libero. Sed a rhoncus nulla. Cras vitae mollis odio. Aenean consectetur risus at orci lobortis id lobortis risus consequat. Aliquam ultrices adipiscing placerat. Nunc luctus elementum ultrices. Quisque sed orci ipsum. Cras bibendum congue egestas. Integer ut lorem eget urna vulputate sodales. Vestibulum quis nisi eu diam vulputate venenatis ut malesuada tellus. Sed pellentesque enim et nulla laoreet condimentum. Nunc ipsum nisl, fermentum vitae accumsan ac, pharetra vel augue.\n\nSuspendisse nec neque at nisi porttitor lacinia. Sed rhoncus imperdiet urna, sed adipiscing tortor mattis nec. Curabitur sollicitudin tristique augue lobortis vestibulum. Nulla auctor venenatis commodo. Donec congue, mi a ullamcorper bibendum, sapien felis hendrerit ligula, id scelerisque erat tellus at tellus. Phasellus lacinia vestibulum commodo. Morbi id nisl nisi, at ultricies lectus. Ut gravida turpis sit amet magna pharetra eleifend. In tristique varius tellus ut blandit. Fusce at odio quis nibh adipiscing egestas quis aliquet velit. Integer pulvinar dui lobortis urna venenatis non tincidunt felis eleifend. Ut vestibulum, nunc non rutrum egestas, est orci varius nibh, at venenatis arcu nisi fringilla metus. Donec eu nulla in justo egestas mattis malesuada id leo. Vestibulum id lorem metus. Duis porta, risus sed ultricies tincidunt, nisl nisi mattis metus, et cursus neque risus convallis arcu. Class aptent taciti sociosqu ad litora torquent per conubia nostra, per inceptos himenaeos. Pellentesque habitant morbi tristique senectus et netus et malesuada fames ac turpis egestas. Suspendisse vehicula neque nec diam volutpat sed tempor libero vulputate. Nunc eget sapien eros, eleifend molestie erat. Praesent ut sapien felis, non tristique tellus.\n\nAliquam erat volutpat. Vivamus et massa a orci dictum placerat. Integer turpis purus, elementum non pulvinar non, pellentesque vitae est. Sed nisi orci, fermentum in pellentesque non, pellentesque vitae orci. Sed turpis ipsum, rhoncus bibendum pulvinar iaculis, lacinia ac orci. Integer aliquam lacinia justo vulputate sollicitudin. Etiam accumsan, nunc a tempor imperdiet, mi urna congue magna, lobortis lobortis odio ligula eu dui. Nullam in justo et purus pellentesque congue. Nam id tortor eget tortor fringilla dapibus. Aenean quis ornare mi. Cras lorem ante, feugiat sit amet venenatis sed, consequat in enim. Integer tempor tellus quis neque tristique eget convallis nisl sollicitudin. Mauris justo urna, scelerisque in lacinia non, bibendum non enim.",
  "title": "Document 2-2-2-1",
  "__meta": {
    "updateId": -1810143460,
    "cdate": 1501428320160,
    "cuser": "cn=Al Mass,o=DARWINO",
    "mdate": 1501428410140,
    "replicaId": "85257FB8005090FB",
    "changes": "jyke",
    "muser": "cn=Al Mass,o=DARWINO",
    "seqId": 1
  }
}