{
  "form": "CompanyDocument",
  "_parentid": "6AD54B618B291C548525816D0054B5D6",
  "document": "Sed sit amet felis a magna hendrerit cursus sed quis nibh. In gravida faucibus magna, vitae commodo orci laoreet et. Quisque viverra arcu quis ligula semper nec ultricies orci elementum. Nam sagittis tincidunt varius. Pellentesque non erat nec nulla consequat rhoncus. Phasellus pretium congue suscipit. Phasellus vel metus at nisl malesuada aliquam a sit amet magna. Nullam ac risus et magna pulvinar elementum eget ut metus. Donec eu dignissim est. Vivamus in mauris nisi. Praesent convallis ullamcorper augue a dapibus. Class aptent taciti sociosqu ad litora torquent per conubia nostra, per inceptos himenaeos. Mauris nulla risus, laoreet id rutrum a, pretium ut urna. Fusce porttitor ultricies lectus sed lacinia. Mauris quis massa sit amet sem vulputate malesuada.",
  "title": "Document 1-3-2-1-1",
  "__meta": {
    "updateId": -1810156670,
    "cdate": 1501428315750,
    "cuser": "cn=Al Mass,o=DARWINO",
    "mdate": 1501428396930,
    "replicaId": "85257FB8005090FB",
    "changes": "bVqe",
    "muser": "cn=Al Mass,o=DARWINO",
    "seqId": 1
  }
}