{
  "firstname": "Angie",
  "comments": "<font size=\"2\" face=\"sans-serif\">The municipal pencil was reported to have met with a metallic soup</font><br />\r\n<font size=\"2\" face=\"sans-serif\">A competitive manual is expected to buy the fierce window, claimed a star</font>",
  "homephone": "(844) 917-1848",
  "city": "Windsor Mill",
  "sex": "F",
  "picture": "http://www.gravatar.com/avatar/c8a59c8d53b0c9c71abe87ea99c083d5?d=retro",
  "lastname": "Steele",
  "__meta": {
    "updateId": -1810119490,
    "cdate": 1501428331370,
    "cuser": "cn=Al Mass,o=DARWINO",
    "mdate": 1501428434110,
    "replicaId": "85257FB8005090FB",
    "changes": "UTDM",
    "muser": "cn=Al Mass,o=DARWINO",
    "seqId": 2
  },
  "zipcode": "21244",
  "form": "Contact",
  "street": "284 Lake Street",
  "firstcontact": "2013-09-30T16:38:32.000-05:00",
  "workphone": "(664) 289-1563",
  "mobilephone": "(251) 347-1453",
  "company": "Openlane",
  "state": "MD",
  "card": "<img src=\"$document-attachment/Card%7C%7Cinline-0.84.gif\" width=\"80\" height=\"80\" /><br />\r\n<font size=\"2\" face=\"sans-serif\"><b>Name</b></font><font size=\"2\" face=\"sans-serif\">: Angie Steele</font><br />\r\n<font size=\"2\" face=\"sans-serif\"><b>EMail</b></font><font size=\"2\" face=\"sans-serif\">: asteele@darwino.com</font><br />\r\n<font size=\"2\" face=\"sans-serif\"><b>Company</b></font><font size=\"2\" face=\"sans-serif\">: Openlane</font>",
  "email": "asteele@darwino.com"
}