{
  "form": "CompanyDocument",
  "_parentid": "B060E2159CFB33DD8525816D0054ABBC",
  "document": "Donec scelerisque sagittis elit sit amet dapibus. Proin nulla lorem, ullamcorper ac elementum nec, pretium eu sapien. Aliquam justo enim, blandit ut rhoncus eu, sollicitudin in mi. Sed sit amet nunc sed dolor tempus consequat non non augue. Sed bibendum sodales nulla et rutrum. Quisque ut risus eget metus dictum pulvinar vel et ante. Nam commodo pellentesque nunc, sit amet condimentum dolor venenatis ultrices. Suspendisse erat sapien, congue nec consequat a, consectetur accumsan est. Mauris elementum lorem eu elit eleifend molestie. Donec sed lectus non leo semper porta et eu urna. Morbi ultrices rhoncus urna, et suscipit nunc laoreet nec.",
  "title": "Document 4-2-2-1-3",
  "__meta": {
    "updateId": -1810234060,
    "cdate": 1501428289910,
    "cuser": "cn=Al Mass,o=DARWINO",
    "mdate": 1501428319540,
    "replicaId": "85257FB8005090FB",
    "changes": "eJ9g",
    "muser": "cn=Al Mass,o=DARWINO",
    "seqId": 1
  }
}