{
  "form": "CompanyDocument",
  "_parentid": "2D176B79D12950F18525816D0054B35A",
  "document": "Integer congue massa id velit commodo sit amet posuere erat tristique. Ut lobortis congue arcu non dignissim. Duis libero justo, elementum quis lacinia id, tristique eu tortor. In ac leo congue ante consectetur mattis ut a arcu. Mauris vehicula nunc sit amet nibh placerat at consequat dui tristique. Vestibulum nec nibh eu lectus fermentum cursus. Vestibulum at lectus quis nisl tincidunt ornare vitae a libero. Praesent vel dolor eget nisi facilisis dictum imperdiet non libero. Pellentesque consectetur nunc non mi eleifend rutrum eu sit amet eros. Etiam ac tellus nec dui mollis tempus. Nam sit amet mauris id ligula eleifend pretium. Class aptent taciti sociosqu ad litora torquent per conubia nostra, per inceptos himenaeos. Aliquam libero leo, bibendum quis cursus ut, suscipit eget nisi. Sed ac velit velit, ac vestibulum arcu. Etiam fermentum libero vel diam lacinia ut porttitor nunc fermentum. Ut id dui nibh, sed sodales dui. Curabitur semper arcu et dui lobortis ut volutpat massa elementum. Sed nisi nibh, eleifend at mattis nec, pellentesque ac lacus. Integer vel odio tortor.\n\nFusce sodales viverra volutpat. Nulla at interdum sapien. Aliquam eu ante eu tellus convallis lobortis. Vestibulum ante ipsum primis in faucibus orci luctus et ultrices posuere cubilia Curae; Donec vitae egestas sem. Nam porttitor placerat volutpat. Sed ut ante purus, sit amet tempor metus. Aliquam vel tortor orci. Mauris nulla justo, gravida quis mattis ut, imperdiet gravida nibh. Pellentesque habitant morbi tristique senectus et netus et malesuada fames ac turpis egestas. Integer eu eros turpis. Sed a est quis diam dignissim molestie et non orci. Mauris lobortis nunc ligula. Vivamus semper lorem quis nisl facilisis feugiat. Donec commodo, orci accumsan dapibus dapibus, odio justo semper lorem, nec semper risus felis vel mauris. Sed quam lorem, ullamcorper id tincidunt a, elementum non purus.\n\nAliquam viverra tempus lectus, non dictum velit semper eu. Vestibulum vel nisi velit. Nunc et metus libero. Quisque dignissim venenatis dictum. Morbi luctus porttitor adipiscing. Nam quam urna, commodo ut molestie quis, sodales vitae sem. Pellentesque libero arcu, scelerisque at sodales a, elementum vel lectus. Proin ac nulla vitae eros scelerisque suscipit sed nec felis. In ornare dui in dolor hendrerit eget laoreet diam sagittis. Praesent viverra tempor nisi, a pharetra nibh posuere vel. Nunc non nunc vel arcu vulputate porta. Vestibulum consectetur tincidunt arcu, commodo commodo nibh euismod vitae. Cras at congue ligula. Donec quis arcu et massa facilisis vehicula. Nullam consequat orci quis massa cursus tincidunt. Curabitur nunc urna, placerat ultricies convallis id, eleifend eget odio. Curabitur volutpat bibendum nunc, vitae facilisis ipsum malesuada vitae. Suspendisse aliquam dapibus volutpat. Praesent eu ipsum purus. Aenean sit amet nulla ac justo vestibulum feugiat.",
  "title": "Document 6-2-3-1-3",
  "__meta": {
    "updateId": -1810175650,
    "cdate": 1501428309410,
    "cuser": "cn=Al Mass,o=DARWINO",
    "mdate": 1501428377950,
    "replicaId": "85257FB8005090FB",
    "changes": "jivM",
    "muser": "cn=Al Mass,o=DARWINO",
    "seqId": 1
  }
}