{
  "form": "CompanyDocument",
  "_parentid": "6EC238774E4EC3658525816D0054A7DF",
  "document": "Vivamus ut nisl urna, at fringilla libero. Aenean vehicula tortor quam, vel pellentesque metus. Aliquam fringilla nulla a metus tincidunt eget consequat ante placerat. Fusce non erat at odio rutrum hendrerit vel eu metus. Cras sit amet auctor mauris. Nam id risus lorem. Morbi vel nisl enim. Nulla consectetur nulla at mi tincidunt interdum. Sed non turpis diam. Curabitur non consequat augue. Duis dictum ligula vel nulla tempus lacinia. Pellentesque feugiat tristique cursus. Nulla scelerisque iaculis scelerisque. Vivamus sodales sodales leo, eget tempus felis fermentum sit amet. Vivamus viverra gravida tellus, a semper augue vestibulum ac. Suspendisse vel erat ipsum, et pulvinar metus.\n\nQuisque pharetra aliquam accumsan. Nullam nec dolor vitae erat suscipit gravida quis ac metus. Praesent in purus sed orci hendrerit posuere. Curabitur libero turpis, feugiat ut molestie in, volutpat ut dui. Etiam feugiat libero vel arcu molestie sit amet imperdiet risus gravida. Vestibulum feugiat tincidunt congue. Suspendisse semper consectetur diam, ac viverra leo sodales vitae. Lorem ipsum dolor sit amet, consectetur adipiscing elit. Nam dictum felis sed sem dictum sit amet luctus elit ultricies. Proin odio ipsum, consectetur fermentum posuere ut, venenatis at turpis. Proin quis nibh nec libero sollicitudin sollicitudin id consectetur leo. Nam ornare lacus sapien. Aliquam ac justo eget nunc mattis eleifend. Proin vitae rhoncus neque. Mauris sed egestas lacus. Pellentesque eget ante quam. Morbi mauris nisl, viverra vitae dictum vitae, sodales ut augue. Suspendisse adipiscing vestibulum est, at aliquam urna bibendum ut. Cras suscipit convallis rhoncus. Sed ac velit nisl, eget adipiscing leo.\n\nMauris quis ipsum nisl, nec varius arcu. In augue leo, malesuada quis placerat at, tempor id nisl. Quisque hendrerit scelerisque orci ut aliquet. Vestibulum ante ipsum primis in faucibus orci luctus et ultrices posuere cubilia Curae; Pellentesque non neque arcu. Curabitur condimentum velit quis justo sollicitudin laoreet. Pellentesque vehicula dignissim aliquet. Phasellus iaculis, risus et tincidunt tristique, orci justo dignissim tellus, id ornare nisl lectus nec elit. Donec diam arcu, ultrices eu volutpat ut, adipiscing volutpat urna. Pellentesque elementum dui at nunc ornare tincidunt. Vestibulum ante ipsum primis in faucibus orci luctus et ultrices posuere cubilia Curae; Integer at quam neque, sit amet lobortis mi. Phasellus posuere lorem vel lectus sagittis dignissim. Ut iaculis mattis imperdiet. Nam quis metus pharetra ante euismod feugiat. Praesent tempor congue nunc non aliquet. Nulla at eros augue, vel ultrices nulla. Curabitur magna purus, feugiat nec sodales ac, semper sed magna. Class aptent taciti sociosqu ad litora torquent per conubia nostra, per inceptos himenaeos.\n\nMauris at tortor lorem. Nunc id porta odio. Ut mi dolor, egestas sed venenatis in, pretium id risus. Nam faucibus tortor felis, eget lobortis lectus. Aenean vel erat vel justo sollicitudin tincidunt. Nulla vitae est ac ante pellentesque ornare in eu dolor. Nulla aliquet ante vel arcu mollis volutpat. Integer faucibus feugiat eros vel tristique. Sed vel urna vitae turpis convallis semper id nec quam. Morbi porttitor, nulla tincidunt facilisis faucibus, nisl quam porta lacus, sit amet elementum ante urna a est. Donec rhoncus libero at mauris hendrerit cursus dignissim nulla volutpat. Etiam dapibus est interdum massa scelerisque non pharetra odio consectetur. Cras tincidunt egestas ipsum, eu pulvinar orci hendrerit rhoncus. Praesent ut metus a ante venenatis congue. Nulla non odio ut odio iaculis tempor. Morbi scelerisque elit sit amet neque eleifend sollicitudin. Nullam eu elit vitae ipsum tristique sollicitudin. Cras in molestie turpis.",
  "title": "Document 1-1-1-2-1",
  "__meta": {
    "updateId": -1810263740,
    "cdate": 1501428280000,
    "cuser": "cn=Al Mass,o=DARWINO",
    "mdate": 1501428289860,
    "replicaId": "85257FB8005090FB",
    "changes": "L@XV",
    "muser": "cn=Al Mass,o=DARWINO",
    "seqId": 1
  }
}