{
  "form": "CompanyDocument",
  "_parentid": "C3E0FBF0E34422EC8525816D0054B5FE",
  "document": "Aliquam viverra tempus lectus, non dictum velit semper eu. Vestibulum vel nisi velit. Nunc et metus libero. Quisque dignissim venenatis dictum. Morbi luctus porttitor adipiscing. Nam quam urna, commodo ut molestie quis, sodales vitae sem. Pellentesque libero arcu, scelerisque at sodales a, elementum vel lectus. Proin ac nulla vitae eros scelerisque suscipit sed nec felis. In ornare dui in dolor hendrerit eget laoreet diam sagittis. Praesent viverra tempor nisi, a pharetra nibh posuere vel. Nunc non nunc vel arcu vulputate porta. Vestibulum consectetur tincidunt arcu, commodo commodo nibh euismod vitae. Cras at congue ligula. Donec quis arcu et massa facilisis vehicula. Nullam consequat orci quis massa cursus tincidunt. Curabitur nunc urna, placerat ultricies convallis id, eleifend eget odio. Curabitur volutpat bibendum nunc, vitae facilisis ipsum malesuada vitae. Suspendisse aliquam dapibus volutpat. Praesent eu ipsum purus. Aenean sit amet nulla ac justo vestibulum feugiat.\n\nPraesent vel nunc libero, ac porta enim. Donec laoreet felis vitae metus feugiat quis iaculis mauris molestie. Cras sit amet risus leo. Sed vel volutpat nisi. Nullam fermentum feugiat tortor eget ornare. Nam consequat condimentum eros, et ullamcorper augue porttitor ullamcorper. Mauris eleifend sollicitudin diam non vestibulum. Cras consectetur auctor suscipit. Integer ullamcorper ligula quis est luctus eget tincidunt ante vulputate. Vestibulum eget dui sed ipsum mattis viverra. Vestibulum volutpat sapien sit amet purus iaculis id varius ante fermentum. Donec at nulla sit amet ipsum porttitor dignissim ut pretium sem. Suspendisse potenti. Cras id erat est, id malesuada arcu. Nullam lacinia, augue ac varius pellentesque, neque mauris elementum nisl, ut rutrum dui felis vitae sapien. Maecenas tincidunt lorem vitae mi eleifend sollicitudin. Fusce eu ornare sapien.",
  "title": "Document 2-3",
  "__meta": {
    "updateId": -1810154690,
    "cdate": 1501428316410,
    "cuser": "cn=Al Mass,o=DARWINO",
    "mdate": 1501428398910,
    "replicaId": "85257FB8005090FB",
    "changes": "9H@e",
    "muser": "cn=Al Mass,o=DARWINO",
    "seqId": 1
  }
}