{
  "form": "CompanyDocument",
  "_parentid": "9D97971C52B3EE668525816D0054AECD",
  "document": "Suspendisse ullamcorper auctor urna ornare gravida. In turpis lectus, ornare vitae placerat at, sollicitudin sed nibh. In laoreet augue vel lorem sagittis volutpat. Donec laoreet dignissim ante vitae vulputate. Nam at elit felis, ut pellentesque magna. Mauris quis nunc felis. Quisque imperdiet adipiscing velit, non placerat neque interdum eu. Duis vulputate iaculis varius. Integer felis nisl, commodo quis tempor nec, tristique quis augue. Nulla facilisi.\n\nDonec lacus dui, sagittis ac varius sed, lobortis sed neque. Nullam mollis justo sed magna eleifend iaculis. Nulla in nunc sed turpis vestibulum porttitor. Aliquam a diam libero, sit amet pretium odio. Pellentesque habitant morbi tristique senectus et netus et malesuada fames ac turpis egestas. Cum sociis natoque penatibus et magnis dis parturient montes, nascetur ridiculus mus. Quisque sed arcu urna. Proin nibh massa, pulvinar ac elementum eu, luctus eget justo. Morbi lobortis purus quis metus consectetur tincidunt. Suspendisse ac sapien vitae nunc convallis semper. Maecenas tincidunt varius lacus non luctus. Donec congue, arcu viverra tristique luctus, tellus augue lacinia felis, sed varius velit tellus sed tellus. Class aptent taciti sociosqu ad litora torquent per conubia nostra, per inceptos himenaeos. Cras pulvinar velit ipsum. Nulla rhoncus ullamcorper nisi, in malesuada massa vehicula sit amet. Maecenas blandit nisi a urna fermentum vestibulum. Sed vel vulputate orci. Vestibulum rhoncus, odio a mattis feugiat, velit est sagittis est, non vehicula diam felis a lacus.\n\nCras sit amet neque mi. Quisque sollicitudin malesuada nibh, nec vulputate tellus porta et. Suspendisse condimentum nisi eu sapien malesuada vel ultrices leo blandit. Nunc vel sapien non neque iaculis fringilla vel ut ante. Quisque luctus eleifend felis. Duis sit amet dui sit amet diam molestie ultrices. Proin dui est, bibendum eu egestas in, ultrices in quam. Phasellus quam turpis, commodo eu sagittis quis, lobortis eu tellus. Nulla ut malesuada augue. Vivamus dapibus sem ac tortor consequat pulvinar. Nunc turpis mi, imperdiet nec aliquet id, mollis gravida nulla. Duis et eleifend felis. Cras vestibulum sapien accumsan ante auctor condimentum. Cum sociis natoque penatibus et magnis dis parturient montes, nascetur ridiculus mus. Proin in urna eu justo gravida rutrum. Vestibulum vel lorem neque, et aliquam lorem. Integer elementum, nibh vel porta volutpat, quam turpis lacinia nisl, suscipit blandit purus felis et augue.\n\nVestibulum eget molestie risus. Nunc volutpat turpis sit amet eros vehicula eget molestie elit hendrerit. Duis sed nibh eu nulla mollis volutpat gravida nec leo. Curabitur euismod, leo in consequat pellentesque, enim dui mattis dolor, a lacinia quam justo sed felis. Aliquam risus ipsum, pulvinar in lacinia eget, porta sit amet nunc. Aliquam erat volutpat. Integer eget ipsum ac felis vehicula venenatis id rhoncus ipsum. Fusce rutrum malesuada quam, vitae mattis lectus iaculis quis. Aenean ornare dictum quam quis tincidunt. Cras tristique sagittis felis sed ultricies. Ut elementum commodo risus, non iaculis velit auctor et.",
  "title": "Document 6-3-1-2",
  "__meta": {
    "updateId": -1810210570,
    "cdate": 1501428297750,
    "cuser": "cn=Al Mass,o=DARWINO",
    "mdate": 1501428343030,
    "replicaId": "85257FB8005090FB",
    "changes": "M1uE",
    "muser": "cn=Al Mass,o=DARWINO",
    "seqId": 1
  }
}