{
  "form": "CompanyDocument",
  "_parentid": "BCD6B394EB8E4E158525816D0054ABE9",
  "document": "Aliquam ut risus metus, ac euismod lacus. Nullam ultricies sagittis dolor, et lobortis dolor condimentum et. Maecenas et orci lacus, at molestie erat. Proin nisi dui, vulputate sit amet adipiscing ac, porta at ipsum. Pellentesque vitae condimentum velit. Aenean nibh ante, aliquet ut aliquam non, placerat rhoncus justo. Nam euismod sagittis felis at mattis. Aenean eros libero, gravida id tristique euismod, scelerisque a est. In hac habitasse platea dictumst. Nulla euismod dictum ipsum. Ut quis urna nec sapien lobortis pharetra id quis enim. Class aptent taciti sociosqu ad litora torquent per conubia nostra, per inceptos himenaeos. Curabitur et magna venenatis leo congue sollicitudin sed sit amet arcu.\n\nDonec ut turpis in libero laoreet vestibulum vitae id tortor. Curabitur justo purus, egestas id mollis id, lacinia quis lorem. Vivamus nisl sapien, laoreet sed ornare quis, imperdiet volutpat enim. Nullam aliquet aliquam odio sit amet convallis. Nullam auctor leo vitae sapien sagittis sed eleifend velit fermentum. In felis eros, feugiat ac tincidunt id, consectetur quis enim. Quisque laoreet lacinia hendrerit. Phasellus fermentum volutpat erat, vitae porta turpis molestie laoreet. Suspendisse eu elit dolor, nec tempor sem. Donec tincidunt, orci sed ultricies sodales, enim velit elementum felis, eu auctor est lectus eget odio. Sed semper eros sit amet tellus pretium tincidunt.\n\nSed euismod est in nisi commodo consectetur. Integer dui eros, suscipit quis tristique non, rhoncus sit amet arcu. Class aptent taciti sociosqu ad litora torquent per conubia nostra, per inceptos himenaeos. Fusce accumsan sollicitudin augue ut porttitor. Aenean fermentum dapibus nunc, ut scelerisque lorem egestas ut. Pellentesque bibendum ornare tortor, sit amet auctor magna facilisis quis. Aliquam sit amet lorem justo. Pellentesque risus magna, blandit vel euismod id, interdum non nibh. Pellentesque non libero nibh, sagittis eleifend diam. Integer sed dui est, non eleifend purus. Etiam id sapien eu leo tristique rutrum quis in purus. Nunc ante ipsum, ultrices quis congue non, convallis eget sem. Vivamus est lectus, aliquet eget eleifend quis, laoreet fringilla magna. Vestibulum ante ipsum primis in faucibus orci luctus et ultrices posuere cubilia Curae; Ut tortor elit, tincidunt ut feugiat ac, molestie ac augue. Nam metus tortor, congue id malesuada vitae, convallis id justo. Integer odio nisl, hendrerit et imperdiet ultricies, sodales eu lacus. Vivamus tincidunt fermentum libero non imperdiet.\n\nNam sed aliquam risus. Aliquam sagittis sagittis tortor, quis fermentum dolor mattis eget. Morbi tincidunt lobortis lectus, eu aliquet metus aliquet vitae. Nunc ultricies luctus odio sed posuere. Phasellus et velit vitae mi malesuada tristique. Curabitur elementum lacus id odio molestie malesuada. Ut in metus nunc. Maecenas eu orci tempor dolor dapibus laoreet. Fusce et sapien a quam consequat tempus egestas ac ipsum. Vestibulum molestie sagittis pretium. Nulla facilisi. Aliquam et diam nibh.",
  "title": "Document 4-3-3-1-1",
  "__meta": {
    "updateId": -1810232770,
    "cdate": 1501428290340,
    "cuser": "cn=Al Mass,o=DARWINO",
    "mdate": 1501428320830,
    "replicaId": "85257FB8005090FB",
    "changes": "_0W2",
    "muser": "cn=Al Mass,o=DARWINO",
    "seqId": 1
  }
}