{
  "form": "CompanyDocument",
  "_parentid": "444403B7D4344A438525816D0054A8D2",
  "document": "Etiam ultricies ligula vel velit pretium et convallis augue eleifend. Sed lobortis interdum sem, sed sollicitudin lectus pellentesque a. Duis orci ante, laoreet vel viverra non, varius vel nisi. Quisque adipiscing mattis turpis, eget cursus ante sollicitudin sed. Praesent cursus lobortis posuere. Curabitur sapien mauris, suscipit a scelerisque at, eleifend sit amet nunc. Nam consequat arcu sit amet elit elementum iaculis. Quisque id augue elit, convallis malesuada mauris. Fusce consectetur bibendum arcu sit amet fringilla. Praesent tempor libero ut lectus luctus sit amet sagittis ligula congue. Donec dapibus risus eget nunc pretium sollicitudin. Nulla vitae bibendum diam. Proin libero nibh, posuere id molestie vitae, pellentesque eget magna. Fusce interdum dignissim ipsum id viverra. Ut in diam vitae nisl iaculis adipiscing ut a massa. Maecenas accumsan dolor sit amet ipsum imperdiet pharetra. Donec in rutrum quam. In urna nisl, convallis sit amet tempus vel, pulvinar id magna. Proin neque dolor, mollis vitae pretium sollicitudin, rhoncus at leo. Cras bibendum fermentum tempus.\n\nMauris dapibus eros sed tortor aliquet ut cursus massa dictum. Fusce quis ligula ut est scelerisque imperdiet eu ut eros. Aliquam erat volutpat. Pellentesque habitant morbi tristique senectus et netus et malesuada fames ac turpis egestas. Morbi pulvinar metus sit amet sem eleifend rhoncus. Ut feugiat, libero sit amet sagittis vestibulum, quam dolor ornare nunc, vel volutpat leo sapien at nisl. Mauris nec rhoncus diam. Donec tempor convallis eros, nec varius risus tincidunt quis. Mauris vel ante lectus. Etiam ac urna arcu. Curabitur vel quam lectus, sed scelerisque justo.",
  "title": "Document 3-4-2",
  "__meta": {
    "updateId": -1810256310,
    "cdate": 1501428282480,
    "cuser": "cn=Al Mass,o=DARWINO",
    "mdate": 1501428297290,
    "replicaId": "85257FB8005090FB",
    "changes": "OMS6",
    "muser": "cn=Al Mass,o=DARWINO",
    "seqId": 1
  }
}