{
  "firstname": "Ruben",
  "comments": "<font size=\"2\" face=\"sans-serif\">The fierce cat started a war with the cake</font><br />\r\n<font size=\"2\" face=\"sans-serif\">Today the green fork plans to cease fire against the cake</font><br />\r\n<font size=\"2\" face=\"sans-serif\">The car is now investing on the treehouse</font>",
  "homephone": "(732) 335-1587",
  "city": "Amsterdam",
  "sex": "M",
  "picture": "http://www.gravatar.com/avatar/8cc43bea1784af6769395b64eb38ab0b?d=retro",
  "lastname": "Compton",
  "__meta": {
    "updateId": -1810129090,
    "cdate": 1501428326570,
    "cuser": "cn=Al Mass,o=DARWINO",
    "mdate": 1501428424510,
    "replicaId": "85257FB8005090FB",
    "changes": "VX7x",
    "muser": "cn=Al Mass,o=DARWINO",
    "seqId": 2
  },
  "zipcode": "12010",
  "form": "Contact",
  "street": "109 Beechwood Drive",
  "firstcontact": "2014-03-16T05:31:14.000-05:00",
  "workphone": "(623) 667-1315",
  "mobilephone": "(218) 295-1795",
  "company": "Y-corporation",
  "state": "NY",
  "card": "<img src=\"$document-attachment/Card%7C%7Cinline-0.84.gif\" width=\"80\" height=\"80\" /><br />\r\n<font size=\"2\" face=\"sans-serif\"><b>Name</b></font><font size=\"2\" face=\"sans-serif\">: Ruben Compton</font><br />\r\n<font size=\"2\" face=\"sans-serif\"><b>EMail</b></font><font size=\"2\" face=\"sans-serif\">: rcompton2@darwino.com</font><br />\r\n<font size=\"2\" face=\"sans-serif\"><b>Company</b></font><font size=\"2\" face=\"sans-serif\">: Y-corporation</font>",
  "email": "rcompton2@darwino.com"
}