{
  "form": "CompanyDocument",
  "_parentid": "B997C4B3AE33F2A08525816D0054A9C0",
  "document": "Aliquam convallis tortor at purus pellentesque ultrices. Mauris aliquam, justo id cursus consequat, velit risus porta diam, quis mattis dui mauris non turpis. Duis vel sem mi. In hac habitasse platea dictumst. Sed et ligula scelerisque erat tempus sollicitudin. Praesent sodales sodales gravida. Lorem ipsum dolor sit amet, consectetur adipiscing elit. Phasellus nec justo sed augue porta rutrum eu in ipsum. Morbi mi est, dapibus in posuere vitae, gravida vitae dui. Proin in eros eu nisi consequat semper ut quis massa. Nunc magna eros, tincidunt ut iaculis quis, gravida et arcu. Vivamus dapibus varius tortor ac condimentum. Class aptent taciti sociosqu ad litora torquent per conubia nostra, per inceptos himenaeos. Fusce ac odio nibh, in porttitor metus. Curabitur vitae tortor justo. Morbi in sapien et est interdum euismod. Curabitur laoreet egestas enim, in commodo arcu fringilla non. Donec eget diam augue. Cum sociis natoque penatibus et magnis dis parturient montes, nascetur ridiculus mus.",
  "title": "Document 1-1-2-4-1",
  "__meta": {
    "updateId": -1810249340,
    "cdate": 1501428284810,
    "cuser": "cn=Al Mass,o=DARWINO",
    "mdate": 1501428304260,
    "replicaId": "85257FB8005090FB",
    "changes": "YzeU",
    "muser": "cn=Al Mass,o=DARWINO",
    "seqId": 1
  }
}