{
  "form": "CompanyDocument",
  "_parentid": "C6CB7460FB0A53268525816D0054B444",
  "document": "Nulla leo orci, sodales a fermentum quis, fringilla sed mi. Donec tincidunt, erat id tincidunt dictum, metus sapien aliquam justo, et egestas purus urna id dolor. Quisque id tortor vel erat mattis ultrices quis nec lorem. Nunc egestas sagittis velit, pharetra semper ipsum eleifend ac. Etiam fermentum facilisis nulla, sit amet dapibus nulla rhoncus eget. Maecenas sit amet elit ac lorem consequat pretium. Sed ut facilisis diam. Vestibulum eu urna dolor. Nullam elit orci, porta nec rutrum et, fermentum ut dolor. Sed eget nisl in nibh gravida sollicitudin. Sed gravida elementum consectetur. Sed ullamcorper ornare arcu, nec tincidunt ante posuere id. Suspendisse et nisl nec est sollicitudin laoreet. Aenean et dolor ac mauris pellentesque sagittis et vitae neque. Praesent vulputate aliquet gravida. Curabitur eu augue lacus, semper aliquam orci. Praesent vitae nisi arcu. Praesent dignissim, erat at ornare bibendum, nisl risus lobortis sapien, non tincidunt risus massa eu purus.\n\nVestibulum arcu mauris, imperdiet eget semper vitae, lobortis eget quam. Quisque pharetra, erat et consequat pulvinar, enim urna viverra arcu, vitae porta massa odio eget nibh. In in purus adipiscing sapien porttitor imperdiet eu non risus. Suspendisse eu orci in nibh mollis fringilla. Aenean et porttitor ante. Integer diam dui, consequat ac hendrerit in, tristique a magna. Quisque vitae ante id lacus bibendum aliquam. Suspendisse tincidunt suscipit elementum. Phasellus nec lorem ac leo auctor molestie id id felis. Integer varius, metus id consectetur dapibus, arcu turpis porttitor urna, at sodales quam dui at nisl. Morbi id lorem sed tortor sollicitudin adipiscing commodo eu dolor. Sed gravida cursus lectus sed viverra. Proin sit amet lorem a ipsum imperdiet hendrerit. Nullam diam libero, tincidunt ac vestibulum in, molestie nec velit. Vestibulum ante ipsum primis in faucibus orci luctus et ultrices posuere cubilia Curae; Morbi ut ligula et urna porttitor dictum euismod commodo risus. Nullam volutpat, dui in aliquet vulputate, nisl ipsum elementum est, eget ornare tellus massa vitae ante. Suspendisse ut lorem tortor, ac tempor enim. Nunc adipiscing fringilla placerat.",
  "title": "Document 5-2",
  "__meta": {
    "updateId": -1810167380,
    "cdate": 1501428312170,
    "cuser": "cn=Al Mass,o=DARWINO",
    "mdate": 1501428386220,
    "replicaId": "85257FB8005090FB",
    "changes": "nkFB",
    "muser": "cn=Al Mass,o=DARWINO",
    "seqId": 1
  }
}