{
  "form": "CompanyDocument",
  "_parentid": "AD1F6AE17540A8098525816D0054AEBF",
  "document": "Nam varius feugiat aliquam. Integer placerat ipsum eu metus imperdiet fringilla. Sed nibh lorem, dictum vel vestibulum viverra, consequat non nibh. Donec in sem quam, quis sollicitudin libero. Fusce tortor nisl, malesuada non vestibulum ac, suscipit vel lorem. Donec et nisl id tortor mattis pulvinar in at augue. Proin congue felis eu erat aliquet et fermentum nibh adipiscing. Aliquam sit amet cursus turpis. Donec aliquam risus a massa accumsan non egestas ligula pretium. Suspendisse sed tortor vel est gravida viverra. Fusce accumsan erat sit amet nunc condimentum varius. Aliquam eu augue pulvinar nibh interdum iaculis. Curabitur aliquet convallis ligula, et luctus erat semper vitae. Maecenas faucibus mi in diam volutpat auctor. Nam dignissim nisi vitae enim condimentum quis consectetur lacus faucibus. Quisque porttitor consectetur ligula, et tincidunt est pulvinar ac. Suspendisse vitae lorem sed diam pellentesque blandit. Donec vestibulum mattis varius. Class aptent taciti sociosqu ad litora torquent per conubia nostra, per inceptos himenaeos.",
  "title": "Document 6-2-1",
  "__meta": {
    "updateId": -1810211020,
    "cdate": 1501428297600,
    "cuser": "cn=Al Mass,o=DARWINO",
    "mdate": 1501428342580,
    "replicaId": "85257FB8005090FB",
    "changes": "5g4c",
    "muser": "cn=Al Mass,o=DARWINO",
    "seqId": 1
  }
}