{
  "form": "CompanyDocument",
  "_parentid": "E40DD9FFC97084208525816D0054B45E",
  "document": "Ut dictum massa id ante viverra lacinia. Vestibulum id risus lectus, in congue urna. Quisque feugiat mi in mauris blandit eu euismod neque mollis. Integer sollicitudin aliquam nunc non malesuada. Aliquam erat volutpat. Cras aliquet, urna sed mattis congue, lorem nunc tincidunt elit, sed pharetra diam ipsum non risus. Etiam pretium tempor luctus. Fusce porttitor, nulla vitae convallis pellentesque, leo odio pharetra felis, vitae molestie dolor elit a arcu. Aenean augue risus, ultricies non porttitor non, accumsan nec metus. Donec sit amet velit nisl. Integer suscipit eros non nisl auctor ut accumsan augue pretium. Nullam rhoncus orci dictum leo pretium faucibus. Praesent condimentum accumsan leo, eget pulvinar nisl blandit eget. Pellentesque imperdiet posuere nulla ut porta. Nunc commodo condimentum nulla vulputate tempus. Donec vel magna diam, vel aliquet quam. Proin sollicitudin sodales massa non tincidunt.",
  "title": "Document 5-1-3-2-1",
  "__meta": {
    "updateId": -1810167920,
    "cdate": 1501428311990,
    "cuser": "cn=Al Mass,o=DARWINO",
    "mdate": 1501428385680,
    "replicaId": "85257FB8005090FB",
    "changes": "m@_i",
    "muser": "cn=Al Mass,o=DARWINO",
    "seqId": 1
  }
}