{
  "form": "CompanyDocument",
  "_parentid": "CF4DBE0ED3D0D2308525816D0054B56C",
  "document": "Cras ut neque in justo rutrum eleifend. In hac habitasse platea dictumst. Nulla malesuada enim eget turpis condimentum lacinia. Suspendisse semper, lorem adipiscing posuere gravida, libero ipsum pharetra orci, id euismod urna metus eget risus. Nam nec mattis purus. Aenean sit amet augue id nibh facilisis posuere. Etiam hendrerit blandit metus, nec accumsan ligula interdum ut. Nullam sagittis venenatis urna, sed gravida ante mollis nec. Donec quis dapibus dolor. Duis id consectetur mi. Phasellus dapibus vehicula semper. Sed condimentum tempor tincidunt. Mauris quis odio non mi porttitor molestie ac ut nisi. Curabitur sed magna sit amet sem faucibus posuere a at sem. Phasellus interdum pharetra est, at sodales ipsum fermentum non. Nullam lacus dolor, malesuada eu tempor in, tincidunt euismod magna. Maecenas velit nunc, lobortis nec eleifend eget, dictum laoreet odio.\n\nProin elit lacus, egestas ac sagittis et, facilisis et purus. Maecenas dignissim tellus ut odio bibendum sit amet mollis mi viverra. Praesent eget nisi vel magna lacinia tincidunt ut non elit. Vestibulum sit amet molestie elit. In ultricies, nisi eu lacinia vehicula, mi purus posuere urna, at eleifend ipsum urna non risus. Sed sit amet sem velit. Donec est nisi, molestie rutrum luctus non, volutpat sed lectus. Donec velit nisi, lobortis quis hendrerit ut, porttitor eget sem. Curabitur aliquam euismod quam, eu ullamcorper neque pretium at. Morbi non nulla sed risus malesuada egestas ut a enim. Etiam non consectetur dolor. Nam sed libero quis nibh aliquam suscipit. Aliquam eget sapien risus. Maecenas facilisis eleifend turpis ut tincidunt. In non mauris odio. Etiam sodales vehicula orci, ut placerat justo porta ac. Duis aliquam, tellus vel tincidunt feugiat, dolor libero consequat risus, sit amet ultrices tellus ligula eget nulla.",
  "title": "Document 3-2-1",
  "__meta": {
    "updateId": -1810159840,
    "cdate": 1501428314690,
    "cuser": "cn=Al Mass,o=DARWINO",
    "mdate": 1501428393760,
    "replicaId": "85257FB8005090FB",
    "changes": "IRuy",
    "muser": "cn=Al Mass,o=DARWINO",
    "seqId": 1
  }
}