{
  "form": "CompanyDocument",
  "_parentid": "8CB2D4725EEAFBD58525816D0054B03C",
  "document": "Pellentesque habitant morbi tristique senectus et netus et malesuada fames ac turpis egestas. Aenean mauris ante, luctus sit amet aliquam eu, vehicula at felis. Maecenas vitae lacus sit amet nisl imperdiet venenatis. Nunc pharetra urna et purus interdum consequat fringilla enim porttitor. Ut ornare, ligula eu semper mollis, elit tellus euismod nulla, in condimentum risus erat vitae felis. Nam vitae risus dictum libero tristique sodales at ac lorem. Morbi gravida ultrices elit, quis eleifend erat fringilla eget. Sed vel hendrerit dolor. In sagittis cursus est, eget luctus metus facilisis at. Suspendisse mattis, lorem at volutpat molestie, arcu tellus molestie ante, at tincidunt mi erat quis metus. Nulla leo est, convallis volutpat viverra fermentum, imperdiet vitae sapien. Proin pellentesque turpis a felis egestas id eleifend odio tempus.\n\nSed nec leo nec sem hendrerit dapibus vitae non dui. Nunc nec mattis nisi. Ut lobortis lobortis purus, eu interdum nibh pulvinar nec. Suspendisse volutpat nibh vitae orci tincidunt eget porttitor velit volutpat. Vivamus at massa libero, eget commodo purus. Nunc sed turpis purus. Pellentesque lobortis, massa aliquam semper imperdiet, mauris velit elementum nunc, ut dapibus tellus leo sed felis. Sed quis orci in diam rutrum venenatis ac et massa. Nulla facilisi. Mauris cursus pellentesque condimentum. Cras id odio quis ligula ornare rhoncus sed at leo. Fusce pellentesque egestas ligula, sed rutrum nulla mollis vitae. Suspendisse vel elit ut lorem venenatis facilisis ut vitae quam. Nunc at massa ligula, at ultrices quam. Vestibulum accumsan nulla in sem aliquet id suscipit augue dapibus.\n\nSed et arcu ut metus vulputate ultrices pulvinar ut diam. Aliquam pharetra congue elit, vitae ultricies tellus pharetra ac. Donec ut leo sed sem suscipit accumsan. Donec porta nibh risus. Donec aliquam, lorem vitae aliquet lobortis, ligula quam sodales dui, vel auctor lacus nisi et purus. Vestibulum sollicitudin, nisi a adipiscing consectetur, neque nunc tristique nisi, nec faucibus justo erat sed mauris. Curabitur elementum orci sit amet sem egestas dapibus. Suspendisse potenti. Sed feugiat viverra erat, et ullamcorper metus ullamcorper eu. Nunc ultrices commodo nisl.",
  "title": "Document 1-3-1-1-3",
  "__meta": {
    "updateId": -1810199550,
    "cdate": 1501428301430,
    "cuser": "cn=Al Mass,o=DARWINO",
    "mdate": 1501428354050,
    "replicaId": "85257FB8005090FB",
    "changes": "Advd",
    "muser": "cn=Al Mass,o=DARWINO",
    "seqId": 1
  }
}