{
  "form": "CompanyDocument",
  "_parentid": "5CE8C355570228D08525816D0054B0C6",
  "document": "Mauris sit amet tellus ac odio tempus dignissim sit amet ac sapien. Duis at pretium nisl. Nullam imperdiet suscipit gravida. Quisque mattis lectus at nibh mollis sit amet vestibulum sem imperdiet. Donec sed dui sed metus commodo fringilla in a erat. In rhoncus consectetur hendrerit. Pellentesque non purus sapien, sit amet adipiscing lacus. Cras id purus enim, sed bibendum turpis. Ut nec lectus eu tortor mollis fringilla. Cras vel lorem ligula.\n\nMauris vel porta velit. In pulvinar metus libero, sit amet fringilla felis. Donec tellus velit, viverra sit amet tincidunt vitae, rhoncus sit amet ligula. Cum sociis natoque penatibus et magnis dis parturient montes, nascetur ridiculus mus. Duis vitae nulla nunc, vitae feugiat magna. Sed diam risus, pellentesque ac laoreet vitae, egestas ut nisi. Mauris ultricies est vitae velit egestas sed vestibulum quam pharetra. Vivamus hendrerit justo id tellus mattis lobortis. Nam dolor felis, tincidunt eu vehicula a, tristique ut neque. Donec egestas tempor risus ac feugiat. Quisque elit nisl, sodales id euismod eu, rutrum et metus. Sed commodo eleifend sodales. Suspendisse sagittis commodo malesuada. Curabitur fringilla nulla vel nulla aliquet auctor. Maecenas blandit sem enim, vitae viverra sem. Aenean nisl dui, tristique ut malesuada non, vehicula elementum ipsum.",
  "title": "Document 3-4",
  "__meta": {
    "updateId": -1810194280,
    "cdate": 1501428303190,
    "cuser": "cn=Al Mass,o=DARWINO",
    "mdate": 1501428359320,
    "replicaId": "85257FB8005090FB",
    "changes": "eVUG",
    "muser": "cn=Al Mass,o=DARWINO",
    "seqId": 1
  }
}