{
  "form": "CompanyDocument",
  "_parentid": "75C7493DC37317E98525816D0054B4B4",
  "document": "Class aptent taciti sociosqu ad litora torquent per conubia nostra, per inceptos himenaeos. Nulla facilisi. Integer ac tellus urna. Praesent pellentesque venenatis volutpat. Aliquam a nisl lorem. In odio nunc, tincidunt vel semper sed, volutpat id mi. Cum sociis natoque penatibus et magnis dis parturient montes, nascetur ridiculus mus. Praesent suscipit lectus et mi pharetra volutpat. Maecenas vitae tellus congue risus semper vestibulum. Proin dictum ornare pharetra. Phasellus a erat ante. Sed ullamcorper justo ac lorem accumsan iaculis. Fusce orci mi, aliquet nec semper eu, pellentesque nec massa. Quisque et ante vel enim fermentum volutpat.",
  "title": "Document 2",
  "__meta": {
    "updateId": -1810164570,
    "cdate": 1501428313110,
    "cuser": "cn=Al Mass,o=DARWINO",
    "mdate": 1501428389030,
    "replicaId": "85257FB8005090FB",
    "changes": "4EHM",
    "muser": "cn=Al Mass,o=DARWINO",
    "seqId": 1
  }
}