{
  "form": "CompanyDocument",
  "_parentid": "A76AEE030FB07F458525816D0054B43A",
  "document": "Fusce ac erat nec sem auctor lacinia. Cum sociis natoque penatibus et magnis dis parturient montes, nascetur ridiculus mus. Donec accumsan commodo commodo. Duis sit amet enim dolor. Aenean vitae augue ut dolor bibendum semper ut nec justo. Nullam adipiscing adipiscing metus. Nunc eget nisl in nibh mollis hendrerit sed eu leo. Ut gravida massa vitae purus molestie scelerisque. Aliquam adipiscing viverra massa. Quisque et eros ipsum, nec condimentum nunc.",
  "title": "Document 4-4-4-1-2",
  "__meta": {
    "updateId": -1810168970,
    "cdate": 1501428311640,
    "cuser": "cn=Al Mass,o=DARWINO",
    "mdate": 1501428384630,
    "replicaId": "85257FB8005090FB",
    "changes": "z49Q",
    "muser": "cn=Al Mass,o=DARWINO",
    "seqId": 1
  }
}