{
  "form": "CompanyDocument",
  "_parentid": "6F4C7673BA8810538525816D0054A746",
  "document": "Sed id quam at urna dignissim accumsan. Nunc sed lorem non est dapibus egestas volutpat sed odio. Curabitur eros orci, viverra ut suscipit sed, adipiscing in diam. Nam adipiscing, ligula fermentum gravida hendrerit, lacus nunc gravida turpis, aliquam euismod ante metus eget dolor. Fusce porttitor, est et lacinia venenatis, felis metus porta erat, non hendrerit orci tellus eu massa. Proin vel orci quis ante blandit tempor. Donec lacus tellus, gravida at accumsan sed, dignissim et augue. Nunc cursus suscipit risus, eu consectetur erat sodales id. Morbi justo leo, aliquam commodo congue vel, convallis at orci. Vivamus condimentum fermentum augue, et rhoncus ligula semper sed. Nulla facilisi. Suspendisse a ipsum eget ipsum volutpat malesuada. Nulla porttitor laoreet condimentum.\n\nMorbi vehicula enim sit amet felis semper imperdiet. Cum sociis natoque penatibus et magnis dis parturient montes, nascetur ridiculus mus. Cras vel eros magna. Fusce a risus vel turpis tempor venenatis. Praesent a nibh libero, fermentum elementum turpis. Donec metus justo, imperdiet in dapibus vitae, sollicitudin nec arcu. Aliquam erat volutpat. Phasellus tristique auctor ligula, sed vehicula lorem molestie eu. Ut risus magna, viverra a placerat sed, vulputate eu libero. Aenean augue ante, pretium eu ornare at, pulvinar sed turpis. Vestibulum et orci at mauris tempus dapibus. Pellentesque cursus, lacus vitae ullamcorper congue, est lectus fermentum erat, sit amet mollis velit purus et quam. Ut congue nunc quis velit egestas non fringilla ante egestas. Fusce dictum urna id nunc sodales tincidunt. Nullam congue fringilla est eu congue. In tempor blandit nulla, sed blandit dui rutrum a. Curabitur ut quam sapien, vel fringilla tellus. Aliquam posuere tempor dui, a faucibus justo fringilla id.\n\nPellentesque dapibus sem at felis cursus sed imperdiet tellus porta. Suspendisse mollis nunc et felis volutpat adipiscing. Nulla aliquet metus sed sapien bibendum vitae lobortis massa rhoncus. Sed lobortis consequat augue, at gravida risus consequat in. Pellentesque habitant morbi tristique senectus et netus et malesuada fames ac turpis egestas. Etiam aliquam urna id nisl adipiscing viverra. Nunc consequat quam nec felis venenatis rutrum. Mauris tincidunt euismod porttitor. Phasellus ultricies, nunc in congue euismod, turpis magna imperdiet sem, eu scelerisque dui dui sed orci. Vivamus tristique nibh quis turpis luctus vehicula. Fusce id congue tortor. Pellentesque in urna nec felis molestie auctor cursus eget purus. Nam at libero leo. Sed ac felis id metus semper dignissim sit amet vel arcu.",
  "title": "Document 4-2-2-1",
  "__meta": {
    "updateId": -1810268310,
    "cdate": 1501428278470,
    "cuser": "cn=Al Mass,o=DARWINO",
    "mdate": 1501428285290,
    "replicaId": "85257FB8005090FB",
    "changes": "aif3",
    "muser": "cn=Al Mass,o=DARWINO",
    "seqId": 1
  }
}