{
  "form": "CompanyDocument",
  "_parentid": "07BA86A6FF9EF9318525816D0054A85B",
  "document": "Vestibulum augue felis, tincidunt in ornare auctor, condimentum in arcu. Phasellus risus erat, convallis sit amet hendrerit pharetra, porta nec felis. Mauris ultricies aliquam neque a commodo. Donec pharetra egestas quam, eget molestie metus placerat id. Ut tempus arcu vitae lorem ornare dignissim. Donec eleifend purus sagittis orci gravida eleifend. Maecenas sed dui non eros auctor adipiscing. Pellentesque vestibulum dolor in ligula interdum congue. Aenean tempus auctor varius. Duis est augue, facilisis ut viverra non, porttitor nec erat. Vestibulum ante ipsum primis in faucibus orci luctus et ultrices posuere cubilia Curae; Maecenas aliquet, tellus et pellentesque convallis, sem urna malesuada nunc, ac mollis nunc quam nec elit. Nulla facilisi. Curabitur diam elit, viverra vel interdum facilisis, lacinia quis justo. Aliquam diam ante, rhoncus eu commodo at, porta quis sapien. Maecenas lacus risus, mattis at vestibulum at, aliquet eget tellus. Aenean a vestibulum nisi. Phasellus nunc eros, imperdiet et aliquam sed, tempor in nisi. Vestibulum faucibus venenatis blandit. Integer vestibulum tincidunt turpis, eget ultrices nunc mollis sit amet.\n\nInteger adipiscing eleifend sem at facilisis. Duis nunc augue, pellentesque ac commodo luctus, lacinia non tortor. Cras blandit porta adipiscing. Pellentesque habitant morbi tristique senectus et netus et malesuada fames ac turpis egestas. Maecenas semper mi vitae lorem semper consectetur nec sit amet eros. Proin lacinia aliquet purus, eget accumsan mi lobortis vitae. Proin imperdiet lacus in arcu rutrum et elementum nibh elementum. Maecenas ligula risus, vulputate sed pellentesque euismod, fermentum nec neque. Etiam accumsan ligula ante. Lorem ipsum dolor sit amet, consectetur adipiscing elit.\n\nSed ac ante nisl, quis semper arcu. Donec quis magna sit amet dui semper rhoncus in a purus. Praesent blandit viverra tortor, dignissim consectetur elit pellentesque non. Aenean aliquam porta quam eget eleifend. Vestibulum ante ipsum primis in faucibus orci luctus et ultrices posuere cubilia Curae; Praesent eleifend faucibus ligula quis commodo. Sed faucibus ultrices neque ac pretium. Suspendisse id enim at orci facilisis adipiscing. Suspendisse consectetur, enim et sollicitudin pharetra, felis magna mattis lectus, ut mattis quam sapien sit amet purus. Aenean varius vulputate nisl, vitae condimentum augue malesuada nec.\n\nCurabitur sed justo libero. Duis ligula ligula, varius et volutpat ac, auctor ut ipsum. Etiam ac laoreet enim. Vestibulum sagittis sem in erat tincidunt consectetur. Phasellus odio lorem, luctus id volutpat vitae, vulputate vel eros. Donec vitae nibh erat, nec porta neque. Mauris quam neque, accumsan et porttitor eget, varius condimentum ipsum. Maecenas eget dolor nec ipsum scelerisque sagittis in et lectus. Suspendisse potenti. Aenean lacus ante, eleifend non vulputate a, facilisis sed nisi. Aliquam erat volutpat. Curabitur sit amet tristique massa. In placerat mauris eget nulla molestie ac convallis diam egestas. Sed varius rutrum faucibus. Curabitur adipiscing dui et dui porta dictum. Donec arcu magna, facilisis et accumsan eu, commodo id risus. Phasellus risus augue, accumsan a ornare at, porta nec purus. In hac habitasse platea dictumst. Vivamus elit lacus, luctus nec convallis vel, vestibulum nec urna. Nam mollis arcu at ipsum aliquet molestie.",
  "title": "Document 2-1-1-2-1",
  "__meta": {
    "updateId": -1810260030,
    "cdate": 1501428281240,
    "cuser": "cn=Al Mass,o=DARWINO",
    "mdate": 1501428293570,
    "replicaId": "85257FB8005090FB",
    "changes": "ps15",
    "muser": "cn=Al Mass,o=DARWINO",
    "seqId": 1
  }
}