{
  "form": "CompanyDocument",
  "_parentid": "F4F62B49E2ACF96A8525816D0054A7CD",
  "document": "Duis vehicula ante nec nisl placerat malesuada. Donec blandit bibendum felis, vitae condimentum tellus fermentum vel. Integer sed sem eu felis rutrum congue ac non nisi. Duis molestie arcu id magna vestibulum laoreet. Curabitur nec mauris eu metus semper euismod in eu nunc. Mauris luctus nunc elit, a pharetra dolor. Vivamus arcu eros, tempor a commodo sed, pulvinar et nibh. Suspendisse facilisis iaculis aliquet. Maecenas scelerisque orci at tortor bibendum sed vehicula metus feugiat. Nulla sem purus, commodo at consectetur vitae, cursus at nibh. Sed quis risus vitae sapien semper consequat. Cras semper elit vel odio cursus viverra. Suspendisse in leo risus, a consequat elit.\n\nNullam semper libero vel risus aliquet vel tincidunt justo convallis. Class aptent taciti sociosqu ad litora torquent per conubia nostra, per inceptos himenaeos. Fusce vel mauris nunc. Vestibulum pharetra ligula sit amet est hendrerit fringilla. Cras volutpat metus quis massa sodales pellentesque. Pellentesque habitant morbi tristique senectus et netus et malesuada fames ac turpis egestas. Nam congue eleifend tortor, vitae facilisis massa porttitor ac. Etiam ut dui mauris, sagittis congue leo. Sed aliquam aliquet mauris ac gravida. Phasellus elementum mattis magna vitae tristique.",
  "title": "Document 3-1-4-1",
  "__meta": {
    "updateId": -1810264270,
    "cdate": 1501428279820,
    "cuser": "cn=Al Mass,o=DARWINO",
    "mdate": 1501428289330,
    "replicaId": "85257FB8005090FB",
    "changes": "dMZY",
    "muser": "cn=Al Mass,o=DARWINO",
    "seqId": 1
  }
}