{
  "form": "CompanyDocument",
  "_parentid": "54BAAF56641DA2718525816D0054AE01",
  "document": "Morbi sapien leo, semper a volutpat in, faucibus sed tortor. Fusce ornare neque eu leo semper egestas. Aliquam sollicitudin interdum iaculis. Nam pulvinar malesuada lorem, vel volutpat dui fermentum varius. Pellentesque at enim nec odio ultrices tristique. Proin at iaculis est. Pellentesque tempor, diam eu feugiat pellentesque, ante libero bibendum ligula, non mollis lacus massa quis mi. Ut laoreet adipiscing nunc. Mauris elementum nulla at nisi pharetra a molestie turpis scelerisque. In a nisi non augue pretium varius ultrices quis arcu. Suspendisse felis mauris, lacinia at pellentesque et, molestie sit amet neque. Maecenas quis erat tellus. Vivamus id mi dolor, eu luctus sapien. Integer fringilla, nibh nec bibendum adipiscing, mauris nibh egestas urna, nec pulvinar ligula justo ut dui. Mauris vel ipsum mauris. Nam quis arcu vel risus ultricies dignissim et vel mauris. Pellentesque a neque quis augue posuere sodales vitae sed odio.",
  "title": "Document 6-2-1-2-1",
  "__meta": {
    "updateId": -1810216710,
    "cdate": 1501428295700,
    "cuser": "cn=Al Mass,o=DARWINO",
    "mdate": 1501428336890,
    "replicaId": "85257FB8005090FB",
    "changes": "@itc",
    "muser": "cn=Al Mass,o=DARWINO",
    "seqId": 1
  }
}