{
  "form": "CompanyDocument",
  "_parentid": "24C3A7CD3B0A7DF18525816D0054B80D",
  "document": "Suspendisse egestas est sodales lectus facilisis eget egestas felis sollicitudin. Maecenas lorem dolor, dictum et placerat mattis, ultricies in urna. Morbi vulputate metus non nunc congue iaculis. Proin dictum facilisis tellus, vel sagittis nisl interdum et. Morbi sit amet mauris leo, sit amet imperdiet dui. Donec lacinia interdum arcu et faucibus. Quisque congue mollis velit, vel sollicitudin purus lacinia ac. Vestibulum vehicula lorem nec urna gravida ac eleifend mi placerat. Nullam ac ligula eu ligula lobortis tempor non at elit. Aliquam scelerisque, ipsum quis sollicitudin facilisis, odio quam fermentum ipsum, sit amet cursus dui enim vitae neque. Vivamus turpis diam, interdum id ornare ut, mollis quis velit. Vivamus eros eros, accumsan at consequat eu, auctor tristique diam. Mauris vitae turpis eget ipsum pulvinar sagittis. Nunc suscipit commodo purus, eget consectetur odio dapibus non. Fusce nec viverra nunc. In fermentum magna in augue gravida nec tempus arcu convallis.\n\nNulla facilisi. Aliquam dui metus, tincidunt at dignissim sit amet, tincidunt euismod felis. Duis fringilla justo sed risus commodo fermentum. Ut eu nibh ut dui commodo dictum eu nec urna. Integer id justo eros. Phasellus tristique magna vel sem euismod sagittis. Duis pretium, odio id venenatis tempus, dolor purus vehicula quam, non feugiat erat turpis eu nunc. Curabitur tristique posuere enim, at imperdiet urna tincidunt eu. Maecenas sit amet neque vel nibh dignissim interdum eget a diam. Proin cursus vehicula ligula, in pulvinar erat egestas ac. Curabitur vehicula massa in velit vehicula sit amet facilisis mi pharetra. Suspendisse vitae dui et sapien volutpat pharetra et non velit. Cum sociis natoque penatibus et magnis dis parturient montes, nascetur ridiculus mus. Nulla at turpis sem. Nam egestas, enim eu facilisis elementum, dui lorem ultricies nibh, et porta dolor nisi eu turpis. Vivamus pellentesque leo eget risus hendrerit fermentum. In tincidunt hendrerit dui vitae lobortis.",
  "title": "Document 4-1-2-4-1",
  "__meta": {
    "updateId": -1810139690,
    "cdate": 1501428321420,
    "cuser": "cn=Al Mass,o=DARWINO",
    "mdate": 1501428413910,
    "replicaId": "85257FB8005090FB",
    "changes": "qDq0",
    "muser": "cn=Al Mass,o=DARWINO",
    "seqId": 1
  }
}