{
  "form": "CompanyDocument",
  "_parentid": "BE7586E9E645CDEE8525816D0054AC25",
  "document": "Morbi dapibus ultricies dignissim. Lorem ipsum dolor sit amet, consectetur adipiscing elit. Suspendisse sollicitudin lobortis odio a euismod. Sed vitae ultricies metus. Vestibulum ut dignissim purus. Maecenas metus leo, auctor tincidunt vulputate ut, euismod id leo. Nam dolor diam, tempus posuere fringilla quis, malesuada sit amet velit. Vivamus tristique, metus eget luctus tempus, quam urna convallis dolor, id euismod felis massa eget turpis. Pellentesque habitant morbi tristique senectus et netus et malesuada fames ac turpis egestas. Vestibulum lacus justo, gravida ac congue eu, vulputate sit amet dolor. Class aptent taciti sociosqu ad litora torquent per conubia nostra, per inceptos himenaeos.\n\nNam sed aliquam risus. Aliquam sagittis sagittis tortor, quis fermentum dolor mattis eget. Morbi tincidunt lobortis lectus, eu aliquet metus aliquet vitae. Nunc ultricies luctus odio sed posuere. Phasellus et velit vitae mi malesuada tristique. Curabitur elementum lacus id odio molestie malesuada. Ut in metus nunc. Maecenas eu orci tempor dolor dapibus laoreet. Fusce et sapien a quam consequat tempus egestas ac ipsum. Vestibulum molestie sagittis pretium. Nulla facilisi. Aliquam et diam nibh.",
  "title": "Document 1-3-3-2-1",
  "__meta": {
    "updateId": -1810230980,
    "cdate": 1501428290940,
    "cuser": "cn=Al Mass,o=DARWINO",
    "mdate": 1501428322620,
    "replicaId": "85257FB8005090FB",
    "changes": "8B0Y",
    "muser": "cn=Al Mass,o=DARWINO",
    "seqId": 1
  }
}