{
  "firstname": "Heidi",
  "comments": "<font size=\"2\" face=\"sans-serif\">The sweet fork rented a cowardly pear</font>",
  "homephone": "(212) 606-1046",
  "city": "East Meadow",
  "sex": "F",
  "picture": "http://www.gravatar.com/avatar/624928c02e3b853aabf4336b4a6ebc5d?d=retro",
  "lastname": "Wallace",
  "__meta": {
    "updateId": -1810122930,
    "cdate": 1501428329650,
    "cuser": "cn=Al Mass,o=DARWINO",
    "mdate": 1501428430670,
    "replicaId": "85257FB8005090FB",
    "changes": "_kPB",
    "muser": "cn=Al Mass,o=DARWINO",
    "seqId": 2
  },
  "zipcode": "11554",
  "form": "Contact",
  "street": "350 Mulberry Street",
  "firstcontact": "2014-04-24T04:33:00.000-05:00",
  "workphone": "(215) 702-1757",
  "mobilephone": "(357) 145-1593",
  "company": "Ron-tech-energy",
  "state": "NY",
  "card": "<img src=\"$document-attachment/Card%7C%7Cinline-0.84.gif\" width=\"80\" height=\"80\" /><br />\r\n<font size=\"2\" face=\"sans-serif\"><b>Name</b></font><font size=\"2\" face=\"sans-serif\">: Heidi Wallace</font><br />\r\n<font size=\"2\" face=\"sans-serif\"><b>EMail</b></font><font size=\"2\" face=\"sans-serif\">: hwallace@darwino.com</font><br />\r\n<font size=\"2\" face=\"sans-serif\"><b>Company</b></font><font size=\"2\" face=\"sans-serif\">: Ron-tech-energy</font>",
  "email": "hwallace@darwino.com"
}