{
  "form": "CompanyDocument",
  "_parentid": "CC9681F25E75DC148525816D0054B4DA",
  "document": "Nullam aliquam accumsan mi id interdum. Etiam pharetra porta euismod. Cras posuere eros quis quam porttitor hendrerit. Suspendisse tempor cursus pretium. In vehicula vulputate varius. Curabitur at orci metus. Aliquam ac neque sit amet tortor molestie lobortis vel vel est. Etiam tristique molestie lectus sed pretium. Phasellus quis tempor nisl. Nulla eget tincidunt tellus. Maecenas facilisis bibendum enim, id cursus mauris malesuada ac. Sed auctor placerat leo, at ornare sapien hendrerit sit amet. Cras eget lorem quis sapien laoreet adipiscing eget vitae neque. Integer suscipit, lectus a ornare cursus, massa est tempus est, sed venenatis diam elit at purus. Nunc quis nunc sem, in pulvinar sapien. Pellentesque a mi ut neque elementum lobortis. Donec id congue massa. Morbi sed purus leo.\n\nProin mi sapien, pellentesque vitae aliquet a, sodales vel nunc. Cras lobortis ullamcorper placerat. Donec quis ultrices orci. Proin dui lacus, laoreet sed ullamcorper et, pretium ac ligula. Cras hendrerit velit vitae dolor lobortis ut dignissim nisi vestibulum. Vivamus a mi lacinia massa dignissim lobortis. Aenean lobortis tortor iaculis nunc scelerisque porta. Duis sagittis est nunc, nec consectetur est. Aliquam nisi sem, consectetur et ullamcorper vel, ultricies non nulla. Nullam nec blandit risus. Cras ipsum metus, scelerisque nec laoreet at, commodo a arcu.\n\nVestibulum placerat ornare ultricies. Donec dapibus nisl nec urna aliquet porta. Nulla non nisi nisl. Aliquam luctus sollicitudin nisl vel imperdiet. Nullam sollicitudin commodo tempus. Mauris mattis dolor in tellus porta viverra. Phasellus dolor leo, rutrum a lobortis eget, interdum ut sem. Nam rutrum ullamcorper justo. Quisque scelerisque arcu nec sapien sagittis in tincidunt tellus tincidunt. Vivamus facilisis fringilla consequat. Suspendisse lacinia mauris eget magna placerat ornare. Nunc non dapibus purus. Vestibulum nisl justo, aliquam sed bibendum ac, suscipit at dolor. Proin varius velit vitae leo dapibus sit amet tristique tortor convallis.\n\nNunc egestas rutrum nisi, at consectetur lectus aliquet eget. Duis ultricies ligula mauris, nec eleifend tortor. In tincidunt fringilla tortor, nec gravida urna dictum nec. Maecenas molestie feugiat sem at volutpat. Nulla nec urna a justo mollis laoreet. Morbi id volutpat urna. Pellentesque rutrum convallis quam, nec tincidunt felis cursus eu. Donec iaculis, eros ut gravida dapibus, elit ipsum eleifend elit, et tempus odio nunc at risus. Sed eget est augue, vel pharetra erat. Morbi accumsan ante eget eros scelerisque at tempus mi congue. Quisque vulputate faucibus urna sit amet feugiat. Nulla nibh urna, vulputate vel viverra sit amet, placerat id lacus. Pellentesque luctus pretium est, vitae aliquet urna varius id. Fusce bibendum pharetra tellus non dictum. Donec ornare justo et eros consectetur porttitor. Ut ac tellus ut diam pulvinar mollis. Nunc id odio id nibh pretium vehicula. Sed arcu libero, tincidunt id pulvinar a, accumsan non odio.",
  "title": "Document 2-1-1-3-3",
  "__meta": {
    "updateId": -1810164150,
    "cdate": 1501428313250,
    "cuser": "cn=Al Mass,o=DARWINO",
    "mdate": 1501428389450,
    "replicaId": "85257FB8005090FB",
    "changes": "XOf_",
    "muser": "cn=Al Mass,o=DARWINO",
    "seqId": 1
  }
}