{
  "form": "CompanyDocument",
  "_parentid": "555B698544106C068525816D0054ABC1",
  "document": "Integer sed convallis enim. Vestibulum augue odio, convallis at blandit at, gravida ac felis. Aliquam purus est, consectetur sed facilisis scelerisque, aliquet sed lectus. Nullam ut scelerisque arcu. Praesent eget est nec metus rhoncus viverra non pretium eros. Proin sed lorem et diam varius iaculis. Donec consectetur imperdiet dignissim. Cum sociis natoque penatibus et magnis dis parturient montes, nascetur ridiculus mus. Integer cursus augue id nunc vulputate vestibulum. Etiam vel dui nec ante hendrerit consequat. Sed nec metus nec mauris mattis placerat nec a tortor. Pellentesque habitant morbi tristique senectus et netus et malesuada fames ac turpis egestas.\n\nVestibulum placerat ornare ultricies. Donec dapibus nisl nec urna aliquet porta. Nulla non nisi nisl. Aliquam luctus sollicitudin nisl vel imperdiet. Nullam sollicitudin commodo tempus. Mauris mattis dolor in tellus porta viverra. Phasellus dolor leo, rutrum a lobortis eget, interdum ut sem. Nam rutrum ullamcorper justo. Quisque scelerisque arcu nec sapien sagittis in tincidunt tellus tincidunt. Vivamus facilisis fringilla consequat. Suspendisse lacinia mauris eget magna placerat ornare. Nunc non dapibus purus. Vestibulum nisl justo, aliquam sed bibendum ac, suscipit at dolor. Proin varius velit vitae leo dapibus sit amet tristique tortor convallis.",
  "title": "Document 4-2-3-1-1",
  "__meta": {
    "updateId": -1810233970,
    "cdate": 1501428289940,
    "cuser": "cn=Al Mass,o=DARWINO",
    "mdate": 1501428319630,
    "replicaId": "85257FB8005090FB",
    "changes": "L28u",
    "muser": "cn=Al Mass,o=DARWINO",
    "seqId": 1
  }
}