{
  "form": "CompanyDocument",
  "_parentid": "5EEE70331374E8A98525816D0054ACFA",
  "document": "Nulla in lectus erat, nec sagittis mauris. Proin ut sem tellus. Morbi ut leo augue. Quisque tempus, augue in ornare varius, purus leo viverra arcu, sit amet pharetra leo mauris sit amet enim. Donec viverra rhoncus lacus, eu eleifend neque placerat quis. Etiam convallis sem ac justo feugiat viverra. Cras porta orci quis nunc auctor eu porttitor felis convallis. Class aptent taciti sociosqu ad litora torquent per conubia nostra, per inceptos himenaeos. Sed porttitor bibendum dictum. Sed id pellentesque diam. In gravida vulputate lacinia. Cras fringilla est id massa laoreet a porta est rutrum. Sed fringilla sodales ante a imperdiet. Quisque sagittis lorem non augue gravida posuere nec nec velit. Etiam id quam ac quam auctor iaculis. Donec commodo, tellus et ultrices faucibus, mauris nisl commodo est, at sodales libero ante vitae mauris. Quisque tincidunt lacinia dapibus. Nam quis ligula non odio tempor mollis ut ut ante. Nam erat ante, laoreet nec adipiscing sit amet, suscipit ut arcu.",
  "title": "Document 1-1",
  "__meta": {
    "updateId": -1810224600,
    "cdate": 1501428293070,
    "cuser": "cn=Al Mass,o=DARWINO",
    "mdate": 1501428329000,
    "replicaId": "85257FB8005090FB",
    "changes": "rXf1",
    "muser": "cn=Al Mass,o=DARWINO",
    "seqId": 1
  }
}