{
  "firstname": "Gilda",
  "comments": "<font size=\"2\" face=\"sans-serif\">A short mouse collapsed on a yellow engineer, claimed a building</font><br />\r\n<font size=\"2\" face=\"sans-serif\">Last Tuesday evening the famous llama is expected to buy a foreign terminal, reported a famous truck</font><br />\r\n<font size=\"2\" face=\"sans-serif\">This Thursday afternoon the nationwide pen leased a sweet soup</font><br />\r\n<font size=\"2\" face=\"sans-serif\">The tangerine signed a partnership with a nationwide treehouse</font><br />\r\n<font size=\"2\" face=\"sans-serif\">This morning a famous llama was authorized to sell the planet</font>",
  "homephone": "(958) 341-1396",
  "city": "Satellite Beach",
  "sex": "F",
  "picture": "http://www.gravatar.com/avatar/c068d86c8888d94bc9854878794b7203?d=retro",
  "lastname": "Solis",
  "__meta": {
    "updateId": -1810130050,
    "cdate": 1501428326090,
    "cuser": "cn=Al Mass,o=DARWINO",
    "mdate": 1501428423550,
    "replicaId": "85257FB8005090FB",
    "changes": "G6aO",
    "muser": "cn=Al Mass,o=DARWINO",
    "seqId": 2
  },
  "zipcode": "32937",
  "form": "Contact",
  "street": "445 Sheffield Drive",
  "firstcontact": "2014-06-25T08:06:16.000-05:00",
  "workphone": "(207) 892-1006",
  "mobilephone": "(819) 329-1396",
  "company": "Zathunicon",
  "state": "FL",
  "card": "<img src=\"$document-attachment/Card%7C%7Cinline-0.84.gif\" width=\"80\" height=\"80\" /><br />\r\n<font size=\"2\" face=\"sans-serif\"><b>Name</b></font><font size=\"2\" face=\"sans-serif\">: Gilda Solis</font><br />\r\n<font size=\"2\" face=\"sans-serif\"><b>EMail</b></font><font size=\"2\" face=\"sans-serif\">: gsolis@darwino.com</font><br />\r\n<font size=\"2\" face=\"sans-serif\"><b>Company</b></font><font size=\"2\" face=\"sans-serif\">: Zathunicon</font>",
  "email": "gsolis@darwino.com"
}