{
  "form": "CompanyDocument",
  "_parentid": "95AEC2F68D2B88178525816D0054A8E8",
  "document": "Vivamus ut nisl urna, at fringilla libero. Aenean vehicula tortor quam, vel pellentesque metus. Aliquam fringilla nulla a metus tincidunt eget consequat ante placerat. Fusce non erat at odio rutrum hendrerit vel eu metus. Cras sit amet auctor mauris. Nam id risus lorem. Morbi vel nisl enim. Nulla consectetur nulla at mi tincidunt interdum. Sed non turpis diam. Curabitur non consequat augue. Duis dictum ligula vel nulla tempus lacinia. Pellentesque feugiat tristique cursus. Nulla scelerisque iaculis scelerisque. Vivamus sodales sodales leo, eget tempus felis fermentum sit amet. Vivamus viverra gravida tellus, a semper augue vestibulum ac. Suspendisse vel erat ipsum, et pulvinar metus.\n\nSuspendisse eget nisi et dolor fringilla imperdiet. Praesent convallis sem id felis dictum at fermentum mi aliquam. Etiam at massa eu leo ornare fermentum. Nullam eget ante diam, vel porttitor felis. Sed accumsan ultrices massa, sit amet feugiat tortor dapibus ut. Donec suscipit, odio non pulvinar laoreet, ante leo blandit justo, vel rhoncus leo erat in ligula. Aenean vulputate iaculis pharetra. Sed in arcu augue. Aenean consequat risus vel urna porta commodo dapibus dui rutrum. Sed sem quam, molestie vitae iaculis sit amet, pretium lobortis ligula. Pellentesque habitant morbi tristique senectus et netus et malesuada fames ac turpis egestas.\n\nIn hac habitasse platea dictumst. Suspendisse potenti. Quisque rutrum risus eget nisl porta vel rutrum lorem egestas. Etiam elit nunc, cursus a gravida fringilla, aliquam ut massa. Sed nulla lorem, ornare sed tempus sit amet, tempus non dolor. Cras eget ipsum risus. Integer massa lectus, placerat eu porta vitae, vulputate consequat odio. Praesent aliquet justo eget magna aliquet placerat semper diam gravida. Donec rutrum aliquam leo in ultricies. Fusce euismod eros pretium sem sodales tempus. Sed venenatis venenatis dui ut venenatis. Nullam tempor congue nisl cursus vestibulum. In in lorem sed purus elementum congue a non turpis. Quisque at eros ligula, a elementum nisl. Morbi non tempus odio. Maecenas sapien enim, rhoncus ultrices cursus ac, pellentesque a libero.\n\nVivamus egestas molestie nunc, ut hendrerit orci vehicula sit amet. Curabitur ante ipsum, vestibulum nec ornare eget, cursus ac felis. Quisque auctor tincidunt leo non volutpat. Nam tempor posuere erat, sit amet rutrum nulla dictum vitae. In dapibus nisi pharetra turpis semper luctus. Pellentesque habitant morbi tristique senectus et netus et malesuada fames ac turpis egestas. Donec hendrerit semper justo, in venenatis justo varius at. Duis rhoncus orci vel velit dignissim ultrices. Nam vitae dolor vitae nunc ultricies volutpat nec et ipsum. Donec in augue ipsum. Donec dictum, nisl id iaculis sollicitudin, tortor nulla dictum augue, et accumsan nulla enim sed orci. Fusce faucibus justo quis massa vehicula fermentum. Quisque accumsan venenatis lectus, et cursus erat adipiscing vel. Cum sociis natoque penatibus et magnis dis parturient montes, nascetur ridiculus mus. In sollicitudin tincidunt elit, quis malesuada lectus venenatis at. Quisque tempor sollicitudin pharetra. Ut nisi lacus, laoreet eu accumsan ut, imperdiet in purus. Praesent laoreet iaculis urna, eu viverra purus lacinia in.",
  "title": "Document 2",
  "__meta": {
    "updateId": -1810253560,
    "cdate": 1501428283400,
    "cuser": "cn=Al Mass,o=DARWINO",
    "mdate": 1501428300040,
    "replicaId": "85257FB8005090FB",
    "changes": "Y7BE",
    "muser": "cn=Al Mass,o=DARWINO",
    "seqId": 1
  }
}