{
  "form": "CompanyDocument",
  "_parentid": "59D99979D1166BB98525816D0054B472",
  "document": "Sed vitae pretium dui. Vestibulum at nulla pellentesque quam ultrices laoreet sit amet id nunc. Duis varius mattis nunc, a lobortis justo luctus at. Suspendisse ut massa turpis. Integer commodo eros vitae ipsum fermentum tempus vel sagittis risus. Donec diam nunc, pellentesque id iaculis a, mattis sit amet lectus. Nulla facilisi. In hac habitasse platea dictumst. Curabitur quis varius dolor. Aliquam luctus dapibus cursus. Etiam tincidunt, turpis eget porta convallis, nibh lectus pharetra magna, tincidunt sodales risus metus ac ipsum. Nullam eget magna diam, ac imperdiet dolor.",
  "title": "Document 5-2-1-1",
  "__meta": {
    "updateId": -1810167320,
    "cdate": 1501428312190,
    "cuser": "cn=Al Mass,o=DARWINO",
    "mdate": 1501428386280,
    "replicaId": "85257FB8005090FB",
    "changes": "gkFw",
    "muser": "cn=Al Mass,o=DARWINO",
    "seqId": 1
  }
}