{
  "form": "CompanyDocument",
  "_parentid": "0697060AC63575738525816D0054A969",
  "document": "Praesent aliquam mi leo, eu faucibus ligula. Donec ornare porttitor enim ut sollicitudin. Nullam laoreet, purus nec cursus accumsan, leo velit interdum arcu, vitae viverra mauris nisl vel ipsum. Nam pharetra gravida tempor. Cras ut tincidunt lacus. Duis porta malesuada tellus, quis semper odio feugiat vel. Nam sollicitudin fermentum libero sed bibendum. Vestibulum sed ornare mauris. Curabitur at massa velit. Sed eros purus, feugiat id imperdiet in, tincidunt vel dui. Morbi ornare nibh eu nunc bibendum rutrum. Suspendisse at nulla enim, et malesuada ipsum. Nulla id arcu pellentesque ante accumsan porttitor pretium et nulla.\n\nPhasellus eu nunc nec ante ultrices pellentesque nec vitae ante. Etiam vitae orci faucibus ante dapibus cursus ac quis erat. Integer id ultrices velit. In non leo vitae lacus hendrerit egestas id et libero. Mauris erat nulla, fermentum et vestibulum ac, sollicitudin ut ante. In tincidunt dolor sit amet sem pulvinar et bibendum ipsum sagittis. Morbi mollis libero sit amet libero vulputate et ornare enim tempor. Praesent euismod, mi et laoreet mollis, dui ante pulvinar justo, at fringilla massa lorem at est. Pellentesque habitant morbi tristique senectus et netus et malesuada fames ac turpis egestas. Vestibulum non magna arcu, ac molestie erat. Nulla facilisi. Maecenas mollis aliquam justo sit amet varius. Curabitur et libero quis risus aliquam egestas sit amet id metus. Pellentesque nunc ligula, sodales sit amet semper id, fringilla non enim.",
  "title": "Document 4-1-3-3-3",
  "__meta": {
    "updateId": -1810251880,
    "cdate": 1501428283960,
    "cuser": "cn=Al Mass,o=DARWINO",
    "mdate": 1501428301720,
    "replicaId": "85257FB8005090FB",
    "changes": "Q9WI",
    "muser": "cn=Al Mass,o=DARWINO",
    "seqId": 1
  }
}