{
  "form": "CompanyDocument",
  "_parentid": "8D649BBBC4CF78368525816D0054AC9E",
  "document": "Curabitur sit amet turpis at odio aliquam sollicitudin. Maecenas ac urna diam, sit amet sollicitudin orci. Maecenas quis porttitor nisi. Etiam sit amet ante diam, vel ullamcorper est. Nulla facilisi. Maecenas eu tellus magna, at blandit massa. Mauris interdum rutrum tellus id rutrum. Pellentesque vitae tortor at odio fringilla fermentum vel sit amet lorem. Cum sociis natoque penatibus et magnis dis parturient montes, nascetur ridiculus mus. Aliquam nec eleifend ligula. In tortor sapien, tincidunt et accumsan a, blandit a sem. Nullam pharetra consequat justo, sed faucibus libero dictum id. Praesent et nibh eget eros scelerisque sagittis quis ac sem. Vestibulum posuere vehicula augue. Ut id tempor risus. Praesent vestibulum, lacus sit amet facilisis tristique, odio nisi auctor ipsum, in facilisis sapien nisl ac dui.\n\nMorbi a nulla lorem. Morbi vel ligula et arcu facilisis posuere. Curabitur luctus interdum mauris, in auctor quam sagittis quis. Suspendisse potenti. Duis interdum purus eu risus pellentesque sodales. Aenean pretium consequat nulla sit amet convallis. Curabitur pharetra nibh a neque eleifend porttitor non sed metus. Morbi eleifend nisi ac arcu laoreet sagittis. Suspendisse potenti. Donec at tortor tortor, vitae condimentum felis. Aenean tincidunt est in sapien aliquet eu pharetra lacus vehicula.",
  "title": "Document 4-4-1-1-2",
  "__meta": {
    "updateId": -1810227320,
    "cdate": 1501428292160,
    "cuser": "cn=Al Mass,o=DARWINO",
    "mdate": 1501428326280,
    "replicaId": "85257FB8005090FB",
    "changes": "Zh2j",
    "muser": "cn=Al Mass,o=DARWINO",
    "seqId": 1
  }
}