{
  "form": "CompanyDocument",
  "_parentid": "7872F7E1B0AA874F8525816D0054B309",
  "document": "In eget quam dui. Praesent fermentum semper iaculis. Vivamus at justo orci. Pellentesque dignissim nibh eu nisl dictum interdum. Nulla sollicitudin nisl non metus ullamcorper malesuada. Ut venenatis pellentesque ipsum non consectetur. Sed et nisi orci, id aliquet elit. Vestibulum eu justo velit, vel dignissim nibh. Cras hendrerit, leo eu condimentum viverra, urna odio sagittis libero, sit amet tempor erat dolor non augue. Aenean quam diam, viverra ut vehicula in, ultrices in augue. Quisque vehicula dapibus tortor, sit amet rhoncus neque feugiat ut. Nulla facilisi. Praesent rhoncus magna in libero fermentum convallis. Sed cursus dui id felis egestas a elementum magna hendrerit. Suspendisse ac ante metus. Nam ipsum elit, commodo bibendum lobortis dapibus, vehicula ut eros. Sed risus felis, cursus sed dignissim a, gravida eget lorem. Morbi ante lacus, sollicitudin a gravida id, ornare et velit.",
  "title": "Document 4-1-1-1",
  "__meta": {
    "updateId": -1810178140,
    "cdate": 1501428308580,
    "cuser": "cn=Al Mass,o=DARWINO",
    "mdate": 1501428375460,
    "replicaId": "85257FB8005090FB",
    "changes": "Ql5S",
    "muser": "cn=Al Mass,o=DARWINO",
    "seqId": 1
  }
}