{
  "form": "CompanyDocument",
  "_parentid": "F69A6BC91AFD1B038525816D0054B5A7",
  "document": "Curabitur laoreet rhoncus sem eu egestas. Pellentesque turpis felis, sagittis a auctor vel, adipiscing vel libero. Lorem ipsum dolor sit amet, consectetur adipiscing elit. In quis pretium felis. Proin nec risus ut magna laoreet gravida. Aenean a pellentesque turpis. Class aptent taciti sociosqu ad litora torquent per conubia nostra, per inceptos himenaeos. Cras a suscipit lorem. Duis molestie justo sed ante euismod sit amet aliquet eros adipiscing. Curabitur dignissim ultricies leo et ultricies. Etiam cursus tristique diam, vel egestas purus tempus id. Pellentesque vel consequat arcu. Mauris velit arcu, bibendum sed sodales ut, euismod ac libero. Nulla congue nunc a purus ultricies imperdiet. In orci arcu, molestie a blandit convallis, hendrerit id lorem. Donec sapien tortor, tempor non elementum quis, fringilla quis est. Etiam dapibus dolor vel justo faucibus vel egestas nunc placerat. Nulla tortor sapien, volutpat id auctor at, venenatis ac metus. Phasellus malesuada dui eros. Morbi porttitor erat ac lorem volutpat ut facilisis tortor feugiat.\n\nPraesent aliquam mi leo, eu faucibus ligula. Donec ornare porttitor enim ut sollicitudin. Nullam laoreet, purus nec cursus accumsan, leo velit interdum arcu, vitae viverra mauris nisl vel ipsum. Nam pharetra gravida tempor. Cras ut tincidunt lacus. Duis porta malesuada tellus, quis semper odio feugiat vel. Nam sollicitudin fermentum libero sed bibendum. Vestibulum sed ornare mauris. Curabitur at massa velit. Sed eros purus, feugiat id imperdiet in, tincidunt vel dui. Morbi ornare nibh eu nunc bibendum rutrum. Suspendisse at nulla enim, et malesuada ipsum. Nulla id arcu pellentesque ante accumsan porttitor pretium et nulla.\n\nDonec sed quam sem, a ullamcorper tortor. Sed porta convallis metus id mollis. Integer luctus rutrum tellus et imperdiet. Suspendisse nec dolor non augue luctus fermentum a ac magna. Pellentesque habitant morbi tristique senectus et netus et malesuada fames ac turpis egestas. Aenean rhoncus orci ac dolor suscipit nec auctor odio scelerisque. Etiam nunc augue, dignissim vitae placerat ac, pulvinar id arcu. Fusce in sapien a ipsum semper pellentesque. Aliquam erat volutpat. Maecenas eget ligula sit amet enim eleifend viverra id et libero. In enim massa, interdum vitae hendrerit vitae, dignissim ut lectus.",
  "title": "Document 4",
  "__meta": {
    "updateId": -1810153520,
    "cdate": 1501428316800,
    "cuser": "cn=Al Mass,o=DARWINO",
    "mdate": 1501428400080,
    "replicaId": "85257FB8005090FB",
    "changes": "f8Qv",
    "muser": "cn=Al Mass,o=DARWINO",
    "seqId": 1
  }
}