{
  "firstname": "Adrian",
  "comments": "<font size=\"2\" face=\"sans-serif\">Last Tuesday morning a metallic fork is now managing a stable terminal, said the golden watermelon</font><br />\r\n<font size=\"2\" face=\"sans-serif\">A stable llama was authorized to sell a silver car, reported the fierce physicist</font><br />\r\n<font size=\"2\" face=\"sans-serif\">A cowardly bowl plans to cease fire against a cup, claimed a table</font><br />\r\n<font size=\"2\" face=\"sans-serif\">The national car is expected to sell the terminal</font><br />\r\n<font size=\"2\" face=\"sans-serif\">The national bowl has met with a competitive cat</font>",
  "homephone": "(474) 966-1231",
  "city": "Lansdale",
  "sex": "M",
  "picture": "http://www.gravatar.com/avatar/bf35fef109688394eba914144537c987?d=retro",
  "lastname": "Bryan",
  "__meta": {
    "updateId": -1810125130,
    "cdate": 1501428328550,
    "cuser": "cn=Al Mass,o=DARWINO",
    "mdate": 1501428428470,
    "replicaId": "85257FB8005090FB",
    "changes": "iQn_",
    "muser": "cn=Al Mass,o=DARWINO",
    "seqId": 2
  },
  "zipcode": "19446",
  "form": "Contact",
  "street": "44 10th Street",
  "firstcontact": "2016-04-03T12:36:46.000-05:00",
  "workphone": "(970) 466-1171",
  "mobilephone": "(426) 439-1398",
  "company": "Sumace",
  "state": "PA",
  "card": "<img src=\"$document-attachment/Card%7C%7Cinline-0.84.gif\" width=\"80\" height=\"80\" /><br />\r\n<font size=\"2\" face=\"sans-serif\"><b>Name</b></font><font size=\"2\" face=\"sans-serif\">: Adrian Bryan</font><br />\r\n<font size=\"2\" face=\"sans-serif\"><b>EMail</b></font><font size=\"2\" face=\"sans-serif\">: abryan@darwino.com</font><br />\r\n<font size=\"2\" face=\"sans-serif\"><b>Company</b></font><font size=\"2\" face=\"sans-serif\">: Sumace</font>",
  "email": "abryan@darwino.com"
}