{
  "form": "CompanyDocument",
  "_parentid": "8300EA952F85D0558525816D0054AA02",
  "document": "Proin nec erat at diam condimentum luctus sit amet et massa. Vestibulum laoreet sodales justo a cursus. Praesent porta mauris ultricies lectus lacinia varius. Nulla facilisis mauris quis tortor tincidunt bibendum eget eu dui. In sed neque dignissim neque eleifend lobortis. Integer non dolor tortor, ac aliquam mi. Vivamus vitae nibh leo. Aenean scelerisque orci in velit sodales sed tempor ligula mollis. Aenean sollicitudin semper nunc id tempus. Curabitur in sodales velit. Mauris fermentum metus eget sapien dapibus sed posuere mauris egestas. Ut erat sapien, tincidunt ac aliquet condimentum, pulvinar malesuada neque. Aliquam at mauris justo. Aenean eu dolor lacus, venenatis lacinia nisi. Etiam laoreet mi nec arcu ullamcorper luctus. Aenean vulputate urna a tortor sollicitudin malesuada. Vestibulum sit amet elit sed justo pulvinar laoreet. Aliquam erat volutpat.\n\nNullam ac odio vitae sem placerat tincidunt nec non lacus. Class aptent taciti sociosqu ad litora torquent per conubia nostra, per inceptos himenaeos. Duis molestie vehicula dui, et consequat nunc tempor vitae. Donec quam lectus, tempor ut iaculis non, consequat at lectus. Proin mattis scelerisque mi, a sagittis leo laoreet id. Maecenas dictum, orci eu interdum posuere, neque sapien feugiat sapien, quis pulvinar est purus in eros. Mauris at nisi molestie sapien luctus pellentesque. Donec vulputate ligula eu enim dictum id tincidunt orci commodo. Nullam et purus quis justo vehicula iaculis a vel nisl. Cras luctus dictum convallis. Etiam ultrices vulputate hendrerit. Cras ac nisl a diam tempor consectetur. Morbi ultricies semper orci, a tempor felis adipiscing tempus.\n\nDonec sed quam sem, a ullamcorper tortor. Sed porta convallis metus id mollis. Integer luctus rutrum tellus et imperdiet. Suspendisse nec dolor non augue luctus fermentum a ac magna. Pellentesque habitant morbi tristique senectus et netus et malesuada fames ac turpis egestas. Aenean rhoncus orci ac dolor suscipit nec auctor odio scelerisque. Etiam nunc augue, dignissim vitae placerat ac, pulvinar id arcu. Fusce in sapien a ipsum semper pellentesque. Aliquam erat volutpat. Maecenas eget ligula sit amet enim eleifend viverra id et libero. In enim massa, interdum vitae hendrerit vitae, dignissim ut lectus.",
  "title": "Document 5-1-3-3",
  "__meta": {
    "updateId": -1810247150,
    "cdate": 1501428285540,
    "cuser": "cn=Al Mass,o=DARWINO",
    "mdate": 1501428306450,
    "replicaId": "85257FB8005090FB",
    "changes": "5pdX",
    "muser": "cn=Al Mass,o=DARWINO",
    "seqId": 1
  }
}