{
  "form": "CompanyDocument",
  "_parentid": "5BB85297FB0A062F8525816D0054AF9E",
  "document": "Integer porta quam rutrum velit venenatis convallis ac scelerisque quam. Mauris non dui mi, nec scelerisque arcu. Cras malesuada tristique nisl, non mollis ligula vehicula vel. Etiam ac ligula vitae nisl dapibus hendrerit cursus quis nulla. Duis tincidunt vehicula eros, eu suscipit felis ornare sed. Etiam leo eros, congue non viverra nec, adipiscing eget justo. Nulla nec nisi magna. Etiam facilisis sapien sit amet est tempus at malesuada sapien lobortis. Nam mauris ligula, rhoncus eu malesuada a, ultrices non elit. Vestibulum urna felis, porta et ultricies quis, tincidunt sed mi. Proin pellentesque aliquet semper. Morbi volutpat posuere sollicitudin. Morbi consectetur sagittis felis, sed porta nulla aliquam nec. Fusce semper erat nec metus fringilla luctus. Morbi mattis, arcu ut suscipit pretium, orci sapien ultrices purus, eu ultrices ligula diam vitae ligula. Maecenas vestibulum diam at massa ultrices at bibendum turpis rhoncus. Morbi volutpat neque auctor urna tincidunt luctus. Suspendisse potenti. Curabitur at eros nec est suscipit rhoncus sit amet ullamcorper dui.\n\nCras at mi a nisi auctor accumsan id nec quam. Morbi ac tempus turpis. Sed congue eleifend purus, a lacinia nunc accumsan non. Integer sodales aliquet libero, eu congue mauris vulputate non. Pellentesque sodales, lacus at tincidunt vestibulum, lacus diam tincidunt eros, ac tincidunt lorem massa non turpis. Pellentesque vel sem quis neque lacinia interdum. Nam tempor pellentesque felis eget cursus. Proin aliquet porttitor mi, sed vestibulum urna congue sed. Quisque mattis, lorem convallis gravida tempor, dolor purus ornare enim, id congue nulla urna nec nisi. Integer adipiscing viverra risus, non viverra sem scelerisque eu. Donec quam sem, elementum ac tristique vel, iaculis nec odio. Morbi a massa massa. Vivamus et augue vel enim tristique mattis a quis lacus. Vestibulum ante ipsum primis in faucibus orci luctus et ultrices posuere cubilia Curae;",
  "title": "Document 4-1-4-4-2",
  "__meta": {
    "updateId": -1810204310,
    "cdate": 1501428299840,
    "cuser": "cn=Al Mass,o=DARWINO",
    "mdate": 1501428349290,
    "replicaId": "85257FB8005090FB",
    "changes": "f1Sv",
    "muser": "cn=Al Mass,o=DARWINO",
    "seqId": 1
  }
}