{
  "firstname": "Sharlene",
  "comments": "<font size=\"2\" face=\"sans-serif\">A famous cat allegedly spoke to a monitor, reported the tall knife</font><br />\r\n<font size=\"2\" face=\"sans-serif\">This morning a gray engineer will work together with the griffon, reported the national llama</font>",
  "homephone": "(775) 766-1877",
  "city": "Atlanta",
  "sex": "F",
  "picture": "http://www.gravatar.com/avatar/f234fb4510c0694518403fe3b8119a5d?d=retro",
  "lastname": "Adams",
  "__meta": {
    "updateId": -1810130010,
    "cdate": 1501428326110,
    "cuser": "cn=Al Mass,o=DARWINO",
    "mdate": 1501428423590,
    "replicaId": "85257FB8005090FB",
    "changes": "ara4",
    "muser": "cn=Al Mass,o=DARWINO",
    "seqId": 2
  },
  "zipcode": "30303",
  "form": "Contact",
  "street": "88 Dogwood Lane",
  "firstcontact": "2012-10-03T09:46:32.000-05:00",
  "workphone": "(883) 940-1514",
  "mobilephone": "(521) 934-1117",
  "company": "Dalttechnology",
  "state": "GA",
  "card": "<img src=\"$document-attachment/Card%7C%7Cinline-0.84.gif\" width=\"80\" height=\"80\" /><br />\r\n<font size=\"2\" face=\"sans-serif\"><b>Name</b></font><font size=\"2\" face=\"sans-serif\">: Sharlene Adams</font><br />\r\n<font size=\"2\" face=\"sans-serif\"><b>EMail</b></font><font size=\"2\" face=\"sans-serif\">: sadams@darwino.com</font><br />\r\n<font size=\"2\" face=\"sans-serif\"><b>Company</b></font><font size=\"2\" face=\"sans-serif\">: Dalttechnology</font>",
  "email": "sadams@darwino.com"
}