{
  "firstname": "Richard",
  "comments": "<font size=\"2\" face=\"sans-serif\">A silver manual was reported to have met with the gray desk</font><br />\r\n<font size=\"2\" face=\"sans-serif\">A terminal collapsed on a key, claimed a green lawyer</font>",
  "homephone": "(412) 787-1584",
  "city": "Dorchester",
  "sex": "M",
  "picture": "http://www.gravatar.com/avatar/ee42146bd43fdf4c2976990d1e5bbc96?d=retro",
  "lastname": "Hudson",
  "__meta": {
    "updateId": -1810130650,
    "cdate": 1501428325790,
    "cuser": "cn=Al Mass,o=DARWINO",
    "mdate": 1501428422950,
    "replicaId": "85257FB8005090FB",
    "changes": "84kH",
    "muser": "cn=Al Mass,o=DARWINO",
    "seqId": 2
  },
  "zipcode": "02125",
  "form": "Contact",
  "street": "107 Route 44",
  "firstcontact": "2015-05-25T06:06:15.000-05:00",
  "workphone": "(188) 111-1367",
  "mobilephone": "(144) 754-1632",
  "company": "Codehow",
  "state": "MA",
  "card": "<img src=\"$document-attachment/Card%7C%7Cinline-0.84.gif\" width=\"80\" height=\"80\" /><br />\r\n<font size=\"2\" face=\"sans-serif\"><b>Name</b></font><font size=\"2\" face=\"sans-serif\">: Richard Hudson</font><br />\r\n<font size=\"2\" face=\"sans-serif\"><b>EMail</b></font><font size=\"2\" face=\"sans-serif\">: rhudson@darwino.com</font><br />\r\n<font size=\"2\" face=\"sans-serif\"><b>Company</b></font><font size=\"2\" face=\"sans-serif\">: Codehow</font>",
  "email": "rhudson@darwino.com"
}