{
  "form": "CompanyDocument",
  "_parentid": "88BC66C5AD2BFB9D8525816D0054B26E",
  "document": "Praesent aliquam mi leo, eu faucibus ligula. Donec ornare porttitor enim ut sollicitudin. Nullam laoreet, purus nec cursus accumsan, leo velit interdum arcu, vitae viverra mauris nisl vel ipsum. Nam pharetra gravida tempor. Cras ut tincidunt lacus. Duis porta malesuada tellus, quis semper odio feugiat vel. Nam sollicitudin fermentum libero sed bibendum. Vestibulum sed ornare mauris. Curabitur at massa velit. Sed eros purus, feugiat id imperdiet in, tincidunt vel dui. Morbi ornare nibh eu nunc bibendum rutrum. Suspendisse at nulla enim, et malesuada ipsum. Nulla id arcu pellentesque ante accumsan porttitor pretium et nulla.\n\nNunc id eros sit amet nibh interdum commodo. In hac habitasse platea dictumst. Aliquam eget dapibus nisl. Quisque nec nisl eu ante rutrum malesuada. In in justo ac ipsum congue condimentum. Duis dignissim mi lectus, vel pharetra purus. Donec quis nunc sapien. Integer in orci sapien, non porta nisi. Vestibulum consectetur aliquet dolor et suscipit. Curabitur blandit felis sit amet lorem malesuada non luctus diam iaculis. In eu dolor velit, non iaculis tortor. Donec gravida turpis id enim tempor eleifend.\n\nCum sociis natoque penatibus et magnis dis parturient montes, nascetur ridiculus mus. Phasellus vulputate tempor sem at pharetra. Praesent feugiat, massa ac ultrices tincidunt, turpis augue venenatis sapien, sit amet congue massa mi eu mi. Curabitur pellentesque, dolor non euismod placerat, dui justo rutrum mauris, sit amet fermentum massa tellus sodales dui. Proin id augue arcu, gravida pretium dui. Duis congue semper luctus. Nullam quis diam eros. Proin sit amet ligula eu leo auctor ornare sed in dui. Mauris vehicula cursus justo quis vestibulum. Vivamus quis ante a nunc ultrices imperdiet vel ut est. Phasellus tempus, eros nec placerat fermentum, diam justo hendrerit magna, eget dignissim elit purus sit amet ipsum. Pellentesque ornare tortor eget mauris pharetra ultrices. Sed quis ipsum risus, eget posuere est. Proin vel mauris nibh, sed molestie ipsum. Quisque eu neque a arcu lobortis fermentum. Ut eu volutpat leo. Sed non ipsum nibh, nec volutpat nibh. Pellentesque pharetra rhoncus suscipit.\n\nNulla purus ipsum, euismod semper malesuada et, bibendum vitae sem. Nam at purus sem. Nullam vel ultrices diam. Mauris ut enim id nulla lacinia aliquam. Mauris aliquam ipsum dapibus leo sollicitudin viverra. Vivamus velit arcu, tempor vel eleifend nec, malesuada sed turpis. Integer hendrerit tortor et nulla ullamcorper semper. Fusce lectus leo, posuere molestie sodales ut, ullamcorper et arcu. Quisque bibendum gravida mauris sit amet fermentum. Maecenas id lacus sapien. Morbi accumsan sodales rhoncus. Nulla id ipsum sed massa vehicula congue vel et dolor. Donec sapien risus, aliquet ac viverra vel, convallis in quam.",
  "title": "Document 4-3-2-4",
  "__meta": {
    "updateId": -1810182570,
    "cdate": 1501428307100,
    "cuser": "cn=Al Mass,o=DARWINO",
    "mdate": 1501428371030,
    "replicaId": "85257FB8005090FB",
    "changes": "0Via",
    "muser": "cn=Al Mass,o=DARWINO",
    "seqId": 1
  }
}