{
  "firstname": "Larry",
  "comments": "<font size=\"2\" face=\"sans-serif\">The planet is expected to sell a bottle</font><br />\r\n<font size=\"2\" face=\"sans-serif\">Last evening a nationwide griffon is now managing the dog</font><br />\r\n<font size=\"2\" face=\"sans-serif\">A lawyer warned a national planet, said a nationwide spoon</font>",
  "homephone": "(345) 633-1167",
  "city": "North Bergen",
  "sex": "M",
  "picture": "http://www.gravatar.com/avatar/7349db74f22c344298a8f721b8f077da?d=retro",
  "lastname": "Black",
  "__meta": {
    "updateId": -1810122410,
    "cdate": 1501428329910,
    "cuser": "cn=Al Mass,o=DARWINO",
    "mdate": 1501428431190,
    "replicaId": "85257FB8005090FB",
    "changes": "_0Pg",
    "muser": "cn=Al Mass,o=DARWINO",
    "seqId": 2
  },
  "zipcode": "07047",
  "form": "Contact",
  "street": "490 Country Club Road",
  "firstcontact": "2016-04-12T15:37:55.000-05:00",
  "workphone": "(735) 321-1883",
  "mobilephone": "(406) 198-1074",
  "company": "Bioplex",
  "state": "NJ",
  "card": "<img src=\"$document-attachment/Card%7C%7Cinline-0.84.gif\" width=\"80\" height=\"80\" /><br />\r\n<font size=\"2\" face=\"sans-serif\"><b>Name</b></font><font size=\"2\" face=\"sans-serif\">: Larry Black</font><br />\r\n<font size=\"2\" face=\"sans-serif\"><b>EMail</b></font><font size=\"2\" face=\"sans-serif\">: lblack@darwino.com</font><br />\r\n<font size=\"2\" face=\"sans-serif\"><b>Company</b></font><font size=\"2\" face=\"sans-serif\">: Bioplex</font>",
  "email": "lblack@darwino.com"
}