{
  "form": "CompanyDocument",
  "_parentid": "2DD1A58AC317C8FF8525816D0054B68B",
  "document": "Proin nec erat at diam condimentum luctus sit amet et massa. Vestibulum laoreet sodales justo a cursus. Praesent porta mauris ultricies lectus lacinia varius. Nulla facilisis mauris quis tortor tincidunt bibendum eget eu dui. In sed neque dignissim neque eleifend lobortis. Integer non dolor tortor, ac aliquam mi. Vivamus vitae nibh leo. Aenean scelerisque orci in velit sodales sed tempor ligula mollis. Aenean sollicitudin semper nunc id tempus. Curabitur in sodales velit. Mauris fermentum metus eget sapien dapibus sed posuere mauris egestas. Ut erat sapien, tincidunt ac aliquet condimentum, pulvinar malesuada neque. Aliquam at mauris justo. Aenean eu dolor lacus, venenatis lacinia nisi. Etiam laoreet mi nec arcu ullamcorper luctus. Aenean vulputate urna a tortor sollicitudin malesuada. Vestibulum sit amet elit sed justo pulvinar laoreet. Aliquam erat volutpat.\n\nMauris vel diam vel velit consequat imperdiet. In tincidunt faucibus bibendum. Curabitur tellus enim, mollis ut dapibus laoreet, posuere in metus. Nam vel est mauris, vel cursus sem. Nullam imperdiet pulvinar nulla in commodo. Pellentesque ac ligula in ipsum tempor sollicitudin. Donec eget justo neque. Nulla facilisi. Fusce commodo lacinia tellus dictum pulvinar. In dui justo, placerat eget eleifend vehicula, viverra vitae augue. Fusce sollicitudin mi vel est facilisis pulvinar. Praesent urna lorem, varius a posuere eget, sagittis at mauris. Donec et erat turpis, non bibendum magna. Vestibulum ac eros lacus. Nam tristique leo ac orci placerat porttitor. Vestibulum a erat nec est tempus consequat et id sem. Ut vitae massa nisi. Phasellus feugiat blandit lacus, eget imperdiet lorem vestibulum a.\n\nCurabitur sit amet turpis at odio aliquam sollicitudin. Maecenas ac urna diam, sit amet sollicitudin orci. Maecenas quis porttitor nisi. Etiam sit amet ante diam, vel ullamcorper est. Nulla facilisi. Maecenas eu tellus magna, at blandit massa. Mauris interdum rutrum tellus id rutrum. Pellentesque vitae tortor at odio fringilla fermentum vel sit amet lorem. Cum sociis natoque penatibus et magnis dis parturient montes, nascetur ridiculus mus. Aliquam nec eleifend ligula. In tortor sapien, tincidunt et accumsan a, blandit a sem. Nullam pharetra consequat justo, sed faucibus libero dictum id. Praesent et nibh eget eros scelerisque sagittis quis ac sem. Vestibulum posuere vehicula augue. Ut id tempor risus. Praesent vestibulum, lacus sit amet facilisis tristique, odio nisi auctor ipsum, in facilisis sapien nisl ac dui.",
  "title": "Document 1-2-3-3",
  "__meta": {
    "updateId": -1810151040,
    "cdate": 1501428317630,
    "cuser": "cn=Al Mass,o=DARWINO",
    "mdate": 1501428402560,
    "replicaId": "85257FB8005090FB",
    "changes": "MaeR",
    "muser": "cn=Al Mass,o=DARWINO",
    "seqId": 1
  }
}