{
  "firstname": "Laura",
  "comments": "<font size=\"2\" face=\"sans-serif\">This morning a tall manual rented a friendly truck</font><br />\r\n<font size=\"2\" face=\"sans-serif\">The hat advanced towards the national pen, said a stable soup</font><br />\r\n<font size=\"2\" face=\"sans-serif\">A solid key is investigating the soup, claimed a convenient steak</font><br />\r\n<font size=\"2\" face=\"sans-serif\">Last Thursday morning the cat plans to cease fire against the cowardly physicist</font>",
  "homephone": "(596) 827-1838",
  "city": "Chelsea",
  "sex": "F",
  "picture": "http://www.gravatar.com/avatar/10cdb1a2a995908d578f95c606816631?d=retro",
  "lastname": "Donovan",
  "__meta": {
    "updateId": -1810136730,
    "cdate": 1501428322750,
    "cuser": "cn=Al Mass,o=DARWINO",
    "mdate": 1501428416870,
    "replicaId": "85257FB8005090FB",
    "changes": "13wD",
    "muser": "cn=Al Mass,o=DARWINO",
    "seqId": 2
  },
  "zipcode": "02150",
  "form": "Contact",
  "street": "468 Creek Road",
  "firstcontact": "2014-10-13T02:51:27.000-05:00",
  "workphone": "(703) 542-1780",
  "mobilephone": "(845) 168-1555",
  "company": "Warephase",
  "state": "MA",
  "card": "<img src=\"$document-attachment/Card%7C%7Cinline-0.84.gif\" width=\"80\" height=\"80\" /><br />\r\n<font size=\"2\" face=\"sans-serif\"><b>Name</b></font><font size=\"2\" face=\"sans-serif\">: Laura Donovan</font><br />\r\n<font size=\"2\" face=\"sans-serif\"><b>EMail</b></font><font size=\"2\" face=\"sans-serif\">: ldonovan@darwino.com</font><br />\r\n<font size=\"2\" face=\"sans-serif\"><b>Company</b></font><font size=\"2\" face=\"sans-serif\">: Warephase</font>",
  "email": "ldonovan@darwino.com"
}