{
  "form": "CompanyDocument",
  "_parentid": "37EB87B03DFA96648525816D0054B3EA",
  "document": "Aliquam erat volutpat. Nam hendrerit bibendum libero, eu pellentesque nulla tempor vitae. Duis bibendum felis a dui gravida porttitor in vel ante. Nam quis metus nec ante feugiat sodales at id orci. Cras semper nisi blandit tellus cursus rhoncus. Maecenas sed lacus ut metus euismod interdum. Phasellus vulputate facilisis nisi quis pulvinar. Morbi a erat eget quam accumsan egestas. Class aptent taciti sociosqu ad litora torquent per conubia nostra, per inceptos himenaeos. Vivamus non luctus felis. Quisque sit amet sapien vitae augue gravida ullamcorper. Pellentesque hendrerit nulla sit amet felis bibendum ac blandit est dignissim. Phasellus vel rutrum metus. Donec egestas eleifend varius. Nunc consequat interdum blandit. Cum sociis natoque penatibus et magnis dis parturient montes, nascetur ridiculus mus. Phasellus fermentum posuere mattis. Nulla in leo vel velit mollis porta a vitae nisl. Donec malesuada, justo ac sodales aliquet, quam neque lacinia elit, vitae dapibus sem mauris a turpis. Cras non leo elit.\n\nMorbi placerat pretium dolor, in porttitor erat laoreet eget. In hac habitasse platea dictumst. Sed lobortis faucibus ultrices. Suspendisse potenti. Quisque metus tortor, hendrerit a tincidunt vitae, tristique vel enim. Pellentesque ac ipsum dolor, ac tincidunt sem. Vestibulum laoreet orci vel tortor fermentum egestas. Cras placerat purus ac ante sollicitudin tristique pellentesque arcu luctus. Quisque eu scelerisque enim. Fusce vitae posuere nulla. Quisque eleifend nibh non leo posuere vel iaculis ante vestibulum. Nam commodo risus non purus porttitor a bibendum sem convallis. Vivamus in odio eget arcu rhoncus ultricies accumsan id urna. Etiam laoreet mauris et tellus lacinia fringilla. Nulla facilisi. Ut nec justo sem. Duis cursus ante sit amet massa fermentum egestas. Donec felis tortor, fringilla quis fringilla ut, consequat vitae urna.",
  "title": "Document 3-2-1-2-2",
  "__meta": {
    "updateId": -1810171370,
    "cdate": 1501428310840,
    "cuser": "cn=Al Mass,o=DARWINO",
    "mdate": 1501428382230,
    "replicaId": "85257FB8005090FB",
    "changes": "4izs",
    "muser": "cn=Al Mass,o=DARWINO",
    "seqId": 1
  }
}