{
  "form": "CompanyDocument",
  "_parentid": "07BCBD2F47D06FF88525816D0054A7D7",
  "document": "Aliquam nunc augue, blandit vel volutpat sit amet, auctor sit amet nibh. Sed nec neque ac odio mattis ultrices sit amet sit amet ante. Nam id rutrum turpis. Pellentesque habitant morbi tristique senectus et netus et malesuada fames ac turpis egestas. Integer non nunc sit amet est sollicitudin sagittis lobortis id nulla. Praesent lacus ligula, hendrerit sit amet fringilla id, placerat vitae sapien. Duis vulputate eleifend lacus at accumsan. Aliquam et felis sodales tortor bibendum faucibus. Phasellus varius neque sit amet est fringilla commodo. Suspendisse eget pharetra sem. Nam eu leo quis tortor tincidunt mollis.\n\nQuisque malesuada faucibus pharetra. Phasellus placerat, nulla id gravida tincidunt, libero mi aliquet nisl, eu fermentum arcu neque ac elit. Ut eget mauris sed mauris hendrerit varius. Nam nec tellus turpis. Vivamus porta sodales risus, et ornare lorem dapibus vel. Praesent leo tellus, tempor eget congue quis, adipiscing id nulla. Nulla dolor lacus, lobortis sit amet condimentum et, laoreet in dui. Morbi leo ipsum, faucibus a auctor vitae, accumsan in nulla. Aenean gravida, purus eget euismod aliquam, velit magna varius dui, at suscipit magna est id neque. Donec venenatis porttitor eros non facilisis. Integer at dolor eros. Nullam fermentum arcu in purus luctus consectetur. Nulla vel dolor et libero fringilla aliquam. Morbi ut faucibus ligula. Nam at vulputate nulla. Donec nisl dui, commodo a tempor ut, malesuada vitae leo. Mauris eleifend tristique varius.\n\nInteger mattis sem tortor, ut ultricies metus. Mauris luctus purus et mi rutrum faucibus. Quisque aliquam risus eu nisi mattis volutpat. In pulvinar feugiat nunc a venenatis. Praesent et justo quis leo molestie sodales. Cras eu arcu mi, eget facilisis dui. Vestibulum sollicitudin tristique porttitor. Fusce faucibus porta magna in placerat. Aenean augue risus, aliquet eu rhoncus eget, mattis et metus. Sed sed laoreet nibh. Cras mollis dolor et purus imperdiet eget auctor ante pretium. Pellentesque habitant morbi tristique senectus et netus et malesuada fames ac turpis egestas. Aliquam felis augue, commodo eget sagittis eget, pellentesque ut est. Nulla eget metus vitae lectus porta venenatis. Nunc sed nunc lorem, vitae posuere turpis. Cum sociis natoque penatibus et magnis dis parturient montes, nascetur ridiculus mus. Nulla in lacus a odio laoreet posuere. Sed scelerisque sollicitudin augue, rhoncus imperdiet magna euismod in. Pellentesque commodo, dui eget pharetra volutpat, neque risus vehicula nibh, ut tristique elit neque vitae est. Phasellus non enim felis.",
  "title": "Document 1",
  "__meta": {
    "updateId": -1810263980,
    "cdate": 1501428279920,
    "cuser": "cn=Al Mass,o=DARWINO",
    "mdate": 1501428289620,
    "replicaId": "85257FB8005090FB",
    "changes": "Cfvx",
    "muser": "cn=Al Mass,o=DARWINO",
    "seqId": 1
  }
}