{
  "form": "CompanyDocument",
  "_parentid": "CA2A6F049DA383EF8525816D0054B3E2",
  "document": "Sed nec leo nec sem hendrerit dapibus vitae non dui. Nunc nec mattis nisi. Ut lobortis lobortis purus, eu interdum nibh pulvinar nec. Suspendisse volutpat nibh vitae orci tincidunt eget porttitor velit volutpat. Vivamus at massa libero, eget commodo purus. Nunc sed turpis purus. Pellentesque lobortis, massa aliquam semper imperdiet, mauris velit elementum nunc, ut dapibus tellus leo sed felis. Sed quis orci in diam rutrum venenatis ac et massa. Nulla facilisi. Mauris cursus pellentesque condimentum. Cras id odio quis ligula ornare rhoncus sed at leo. Fusce pellentesque egestas ligula, sed rutrum nulla mollis vitae. Suspendisse vel elit ut lorem venenatis facilisis ut vitae quam. Nunc at massa ligula, at ultrices quam. Vestibulum accumsan nulla in sem aliquet id suscipit augue dapibus.\n\nDonec mauris neque, vehicula sed gravida quis, sodales a quam. Aliquam erat volutpat. Aliquam erat volutpat. Ut scelerisque aliquam bibendum. Nunc tellus magna, egestas ut ornare non, mollis sit amet metus. Nunc dictum, felis eget malesuada hendrerit, massa eros tincidunt justo, non gravida metus enim sed justo. Cras varius dictum vulputate. Maecenas faucibus interdum mauris, sit amet varius lorem mollis eu. Pellentesque quis purus nulla, eu eleifend leo. In hac habitasse platea dictumst. Phasellus ac quam sapien.",
  "title": "Document 3-1-3-1",
  "__meta": {
    "updateId": -1810171640,
    "cdate": 1501428310750,
    "cuser": "cn=Al Mass,o=DARWINO",
    "mdate": 1501428381960,
    "replicaId": "85257FB8005090FB",
    "changes": "zVuN",
    "muser": "cn=Al Mass,o=DARWINO",
    "seqId": 1
  }
}