{
  "form": "CompanyDocument",
  "_parentid": "2FB5D48ED65C05148525816D0054B4C5",
  "document": "Nam vel nulla nec neque luctus facilisis. Ut adipiscing lacus id mi dignissim et gravida dui tempor. Proin faucibus faucibus diam sed sodales. Vivamus congue, dui in sagittis dignissim, ante risus ultricies erat, vitae gravida eros nulla vel urna. Maecenas pretium tincidunt mauris. Sed aliquet eros sit amet turpis ultricies vestibulum. Phasellus tristique blandit mi, sed dignissim libero scelerisque at. Praesent ultricies convallis orci, ac fermentum mi bibendum at. Vestibulum suscipit vehicula tempor. Morbi velit metus, dapibus et aliquam ac, tempor a risus. Etiam eu turpis ante. Proin et erat augue. Integer justo velit, pellentesque id condimentum ac, pulvinar in ligula. Donec lobortis erat vitae libero facilisis non rutrum elit placerat. Phasellus accumsan arcu sit amet eros dictum scelerisque. Suspendisse potenti. Proin placerat laoreet accumsan. Aliquam eu velit libero. Vivamus nec enim sed odio viverra dictum ut et urna.\n\nPhasellus eu nunc nec ante ultrices pellentesque nec vitae ante. Etiam vitae orci faucibus ante dapibus cursus ac quis erat. Integer id ultrices velit. In non leo vitae lacus hendrerit egestas id et libero. Mauris erat nulla, fermentum et vestibulum ac, sollicitudin ut ante. In tincidunt dolor sit amet sem pulvinar et bibendum ipsum sagittis. Morbi mollis libero sit amet libero vulputate et ornare enim tempor. Praesent euismod, mi et laoreet mollis, dui ante pulvinar justo, at fringilla massa lorem at est. Pellentesque habitant morbi tristique senectus et netus et malesuada fames ac turpis egestas. Vestibulum non magna arcu, ac molestie erat. Nulla facilisi. Maecenas mollis aliquam justo sit amet varius. Curabitur et libero quis risus aliquam egestas sit amet id metus. Pellentesque nunc ligula, sodales sit amet semper id, fringilla non enim.\n\nNunc dictum dui ac tellus laoreet ac rutrum neque malesuada. Phasellus ultricies odio nec quam auctor pulvinar. Aliquam tincidunt mauris at lectus posuere commodo. Phasellus sed neque sapien. Sed vel lorem sit amet dui ullamcorper volutpat. Nunc ultricies pharetra leo, in ultricies purus pretium sit amet. Morbi in nibh non metus lobortis volutpat vitae id eros. Phasellus nec sapien metus. Quisque sollicitudin nunc eu risus consectetur ac bibendum eros pharetra. Cras lacinia justo et lectus tempor suscipit. Donec nec nunc leo, id gravida nulla. Integer bibendum lectus sed purus auctor fermentum. Suspendisse potenti. Proin molestie, quam at fringilla vestibulum, ipsum velit placerat arcu, id malesuada neque tellus in nibh. Nunc sed ultricies odio.",
  "title": "Document 1-1-3-3",
  "__meta": {
    "updateId": -1810164720,
    "cdate": 1501428313060,
    "cuser": "cn=Al Mass,o=DARWINO",
    "mdate": 1501428388880,
    "replicaId": "85257FB8005090FB",
    "changes": "cHmu",
    "muser": "cn=Al Mass,o=DARWINO",
    "seqId": 1
  }
}