{
  "form": "CompanyDocument",
  "_parentid": "7E64FAD8936C68888525816D0054B6F0",
  "document": "Class aptent taciti sociosqu ad litora torquent per conubia nostra, per inceptos himenaeos. In hac habitasse platea dictumst. Quisque iaculis dolor leo, non lobortis purus. Integer aliquet, lorem quis imperdiet malesuada, lacus dolor egestas leo, non faucibus sem nisi ut diam. Phasellus facilisis pellentesque massa, eget rutrum libero faucibus ultricies. Pellentesque habitant morbi tristique senectus et netus et malesuada fames ac turpis egestas. Etiam feugiat, mauris nec imperdiet viverra, velit lectus eleifend sem, id sollicitudin nulla augue vitae risus. Cras nisl metus, condimentum in consectetur et, bibendum lacinia dui. Duis odio libero, laoreet eu molestie at, lacinia eu erat. Aliquam fringilla bibendum nulla. Etiam sem purus, egestas vitae tristique ac, tincidunt quis justo. Cras quis est lacus. In pretium placerat ligula id imperdiet.\n\nCum sociis natoque penatibus et magnis dis parturient montes, nascetur ridiculus mus. Phasellus vulputate tempor sem at pharetra. Praesent feugiat, massa ac ultrices tincidunt, turpis augue venenatis sapien, sit amet congue massa mi eu mi. Curabitur pellentesque, dolor non euismod placerat, dui justo rutrum mauris, sit amet fermentum massa tellus sodales dui. Proin id augue arcu, gravida pretium dui. Duis congue semper luctus. Nullam quis diam eros. Proin sit amet ligula eu leo auctor ornare sed in dui. Mauris vehicula cursus justo quis vestibulum. Vivamus quis ante a nunc ultrices imperdiet vel ut est. Phasellus tempus, eros nec placerat fermentum, diam justo hendrerit magna, eget dignissim elit purus sit amet ipsum. Pellentesque ornare tortor eget mauris pharetra ultrices. Sed quis ipsum risus, eget posuere est. Proin vel mauris nibh, sed molestie ipsum. Quisque eu neque a arcu lobortis fermentum. Ut eu volutpat leo. Sed non ipsum nibh, nec volutpat nibh. Pellentesque pharetra rhoncus suscipit.",
  "title": "Document 3-4-2-2",
  "__meta": {
    "updateId": -1810148160,
    "cdate": 1501428318590,
    "cuser": "cn=Al Mass,o=DARWINO",
    "mdate": 1501428405440,
    "replicaId": "85257FB8005090FB",
    "changes": "Qika",
    "muser": "cn=Al Mass,o=DARWINO",
    "seqId": 1
  }
}