{
  "form": "CompanyDocument",
  "_parentid": "9B70780F86846BE68525816D0054B4AF",
  "document": "Ut et tristique diam. Cum sociis natoque penatibus et magnis dis parturient montes, nascetur ridiculus mus. Curabitur auctor lobortis urna, viverra dictum magna convallis eget. In non erat nibh. Morbi velit leo, auctor nec interdum vel, varius porttitor metus. Morbi interdum blandit est eget ornare. Morbi pharetra blandit dignissim. Suspendisse fermentum consequat elementum. In sollicitudin dolor in massa interdum a dapibus lacus condimentum. Sed in risus justo. Sed non purus a neque malesuada placerat at pulvinar est. Donec tellus ligula, iaculis vitae scelerisque et, dictum et libero. Vestibulum sollicitudin, nulla id placerat porttitor, lorem est elementum leo, quis iaculis dolor dui adipiscing velit. Phasellus sit amet tortor orci, fringilla bibendum quam. Ut porta faucibus egestas. Duis rhoncus iaculis adipiscing. Aenean sed adipiscing neque. Sed congue, neque eget ornare pharetra, dolor mi accumsan neque, sed porta nisi ligula non dolor. Mauris luctus varius pharetra.\n\nVestibulum eleifend bibendum eros, gravida tempor mi ornare id. Aenean dignissim velit id lacus dictum accumsan. Sed et felis massa. Aenean pretium, sem sed bibendum mollis, metus eros convallis leo, et blandit enim odio a velit. Donec sapien nulla, consectetur in posuere ut, blandit at mi. Proin interdum turpis nisi. Nullam risus quam, vulputate ut adipiscing sit amet, ultrices ut turpis. Ut at tincidunt neque. Duis ultricies ultrices condimentum. Phasellus in orci vel justo blandit ornare. Phasellus auctor orci vel ligula lacinia nec tempor nisi cursus. Vestibulum ante ipsum primis in faucibus orci luctus et ultrices posuere cubilia Curae; Fusce in nulla ligula.\n\nNulla nec lectus enim. Aenean eget arcu eget lectus rhoncus imperdiet in vel sapien. Nam tincidunt fringilla sagittis. Aliquam ac nisl vitae massa imperdiet ullamcorper. In in magna ac sem venenatis malesuada in a ante. Mauris sagittis dictum ligula at tincidunt. Donec egestas dictum lorem ac commodo. Aliquam justo neque, molestie fringilla laoreet et, lobortis vel lectus. Phasellus eget nisi eu neque iaculis suscipit. Fusce ut nisi id purus luctus ornare vel ac turpis. Mauris in felis elit, in eleifend est. Fusce eget mattis lectus. Sed in leo arcu, tempor vestibulum urna. Maecenas elementum viverra lectus.\n\nPellentesque bibendum placerat scelerisque. Curabitur dignissim ipsum a nisi scelerisque lobortis. Sed tempor, sapien tincidunt pharetra lacinia, ipsum purus tempor lorem, in porttitor ante lectus eget ligula. Nulla fermentum, lectus at varius interdum, est velit laoreet purus, at porta ligula dolor quis sapien. Ut sit amet massa vel orci faucibus hendrerit in ac metus. Mauris porta ante sed diam luctus eget tempus lorem aliquam. Phasellus condimentum scelerisque metus, tincidunt vulputate tellus porta non. Vivamus sed odio a ipsum ornare ultricies. Praesent neque lorem, faucibus eget placerat eget, sagittis eget tortor. Donec ut tincidunt nisi. Aenean et lacus velit. Aenean ac nulla felis. Lorem ipsum dolor sit amet, consectetur adipiscing elit. Nunc ut risus id ipsum vulputate accumsan non eget diam. Integer et magna a diam viverra posuere. Nam nibh enim, dapibus vitae convallis sit amet, pulvinar commodo nisl. Ut ultricies lacinia nisl, at suscipit neque sollicitudin quis. Etiam feugiat augue sit amet tortor lacinia vulputate. Duis scelerisque nunc at quam accumsan a mattis elit aliquam.",
  "title": "Document 5-4-2-2-4",
  "__meta": {
    "updateId": -1810165400,
    "cdate": 1501428312830,
    "cuser": "cn=Al Mass,o=DARWINO",
    "mdate": 1501428388200,
    "replicaId": "85257FB8005090FB",
    "changes": "erBe",
    "muser": "cn=Al Mass,o=DARWINO",
    "seqId": 1
  }
}