{
  "form": "CompanyDocument",
  "_parentid": "6C13390D878E57288525816D0054A65E",
  "document": "Suspendisse consequat, ante sit amet eleifend ultrices, turpis ante convallis nulla, sed adipiscing dolor nisl ac est. Vestibulum molestie tincidunt convallis. Aenean nec ipsum eros. Vestibulum sed libero enim. Fusce enim orci, imperdiet ac volutpat nec, suscipit a nibh. Donec dapibus velit quis arcu vestibulum fermentum. Pellentesque tempus aliquet mi vel sollicitudin. Pellentesque habitant morbi tristique senectus et netus et malesuada fames ac turpis egestas. Nunc vel arcu eros. Proin nisi mi, egestas vitae vestibulum id, interdum non lacus. Vestibulum ut lorem erat, vel imperdiet risus. Pellentesque habitant morbi tristique senectus et netus et malesuada fames ac turpis egestas. Vestibulum tempor semper porttitor.\n\nDonec mauris neque, vehicula sed gravida quis, sodales a quam. Aliquam erat volutpat. Aliquam erat volutpat. Ut scelerisque aliquam bibendum. Nunc tellus magna, egestas ut ornare non, mollis sit amet metus. Nunc dictum, felis eget malesuada hendrerit, massa eros tincidunt justo, non gravida metus enim sed justo. Cras varius dictum vulputate. Maecenas faucibus interdum mauris, sit amet varius lorem mollis eu. Pellentesque quis purus nulla, eu eleifend leo. In hac habitasse platea dictumst. Phasellus ac quam sapien.\n\nNulla facilisi. Aliquam dui metus, tincidunt at dignissim sit amet, tincidunt euismod felis. Duis fringilla justo sed risus commodo fermentum. Ut eu nibh ut dui commodo dictum eu nec urna. Integer id justo eros. Phasellus tristique magna vel sem euismod sagittis. Duis pretium, odio id venenatis tempus, dolor purus vehicula quam, non feugiat erat turpis eu nunc. Curabitur tristique posuere enim, at imperdiet urna tincidunt eu. Maecenas sit amet neque vel nibh dignissim interdum eget a diam. Proin cursus vehicula ligula, in pulvinar erat egestas ac. Curabitur vehicula massa in velit vehicula sit amet facilisis mi pharetra. Suspendisse vitae dui et sapien volutpat pharetra et non velit. Cum sociis natoque penatibus et magnis dis parturient montes, nascetur ridiculus mus. Nulla at turpis sem. Nam egestas, enim eu facilisis elementum, dui lorem ultricies nibh, et porta dolor nisi eu turpis. Vivamus pellentesque leo eget risus hendrerit fermentum. In tincidunt hendrerit dui vitae lobortis.",
  "title": "Document 4-1",
  "__meta": {
    "updateId": -1810275260,
    "cdate": 1501428276150,
    "cuser": "cn=Al Mass,o=DARWINO",
    "mdate": 1501428278340,
    "replicaId": "85257FB8005090FB",
    "changes": "NgZB",
    "muser": "cn=Al Mass,o=DARWINO",
    "seqId": 1
  }
}