{
  "form": "CompanyDocument",
  "_parentid": "5F469065172509F78525816D0054AE7C",
  "document": "Lorem ipsum dolor sit amet, consectetur adipiscing elit. Aenean iaculis adipiscing nunc, sit amet aliquam massa lobortis placerat. Aenean rhoncus, enim nec cursus sollicitudin, nibh nisi molestie mi, non dignissim magna est eu metus. Duis eget mauris sit amet felis semper semper eu at nisi. Aliquam eget nunc ut purus gravida iaculis sit amet sit amet ante. Proin iaculis nunc quis leo scelerisque eget mattis quam pharetra. Fusce turpis metus, ultricies in iaculis eu, viverra eu urna. Nullam suscipit, lacus vitae volutpat porta, felis turpis tincidunt diam, a elementum erat dui vitae eros. Morbi aliquam vestibulum erat, aliquet semper nulla venenatis at. Curabitur dapibus pharetra turpis quis congue. Cras sit amet mi lacus. Morbi consequat iaculis ipsum, et elementum ipsum posuere vel. Curabitur neque velit, pellentesque eget fringilla a, dictum nec purus. Vestibulum mollis velit at ipsum pulvinar vel ultrices velit commodo. Duis quis lacus sit amet risus porta posuere. Phasellus commodo aliquam auctor.\n\nMauris quis ipsum nisl, nec varius arcu. In augue leo, malesuada quis placerat at, tempor id nisl. Quisque hendrerit scelerisque orci ut aliquet. Vestibulum ante ipsum primis in faucibus orci luctus et ultrices posuere cubilia Curae; Pellentesque non neque arcu. Curabitur condimentum velit quis justo sollicitudin laoreet. Pellentesque vehicula dignissim aliquet. Phasellus iaculis, risus et tincidunt tristique, orci justo dignissim tellus, id ornare nisl lectus nec elit. Donec diam arcu, ultrices eu volutpat ut, adipiscing volutpat urna. Pellentesque elementum dui at nunc ornare tincidunt. Vestibulum ante ipsum primis in faucibus orci luctus et ultrices posuere cubilia Curae; Integer at quam neque, sit amet lobortis mi. Phasellus posuere lorem vel lectus sagittis dignissim. Ut iaculis mattis imperdiet. Nam quis metus pharetra ante euismod feugiat. Praesent tempor congue nunc non aliquet. Nulla at eros augue, vel ultrices nulla. Curabitur magna purus, feugiat nec sodales ac, semper sed magna. Class aptent taciti sociosqu ad litora torquent per conubia nostra, per inceptos himenaeos.",
  "title": "Document 4-2-1-2-4",
  "__meta": {
    "updateId": -1810212940,
    "cdate": 1501428296960,
    "cuser": "cn=Al Mass,o=DARWINO",
    "mdate": 1501428340660,
    "replicaId": "85257FB8005090FB",
    "changes": "6TEr",
    "muser": "cn=Al Mass,o=DARWINO",
    "seqId": 1
  }
}