{
  "form": "CompanyDocument",
  "_parentid": "A97EAAEBBCF2A7648525816D0054B3AC",
  "document": "Donec aliquet nisl quis sem volutpat nec convallis enim feugiat. Morbi congue massa in nibh lobortis porta. Fusce lacus ligula, tempor vel consectetur eget, porttitor quis dui. Vestibulum felis ante, elementum eu accumsan ac, cursus non sem. Integer eu massa est, at sodales orci. Sed semper ornare metus id consectetur. Vivamus pretium posuere metus, a consectetur nibh laoreet eget. Etiam blandit tincidunt dolor, at fermentum velit feugiat in. Sed dui neque, consectetur a tincidunt vel, volutpat at arcu. Pellentesque habitant morbi tristique senectus et netus et malesuada fames ac turpis egestas. Suspendisse hendrerit vulputate massa volutpat rutrum. Morbi luctus auctor ante, vitae congue metus convallis et. Aliquam erat volutpat. Morbi pellentesque felis at erat tristique et convallis justo suscipit. Suspendisse sit amet ipsum magna, sit amet convallis ipsum. Praesent suscipit faucibus egestas.",
  "title": "Document 2-1-1-1-2",
  "__meta": {
    "updateId": -1810173230,
    "cdate": 1501428310220,
    "cuser": "cn=Al Mass,o=DARWINO",
    "mdate": 1501428380370,
    "replicaId": "85257FB8005090FB",
    "changes": "@871",
    "muser": "cn=Al Mass,o=DARWINO",
    "seqId": 1
  }
}