{
  "form": "CompanyDocument",
  "_parentid": "00744E2A45EAE1D78525816D0054AA27",
  "document": "Donec dignissim risus at orci pretium bibendum. Proin pellentesque leo non sapien luctus a dictum diam tempus. Donec in sapien lectus, condimentum faucibus sem. Morbi luctus felis nisi, ut mollis turpis. Nunc rhoncus metus et mi viverra hendrerit. Mauris ut libero cursus tortor tempor malesuada. Nam id molestie urna. Nam semper, ante ac lacinia bibendum, nibh libero lobortis massa, in tincidunt mi dui molestie elit. Phasellus consequat lectus vel elit malesuada convallis. Phasellus elementum, nulla in blandit suscipit, neque mauris laoreet leo, nec lacinia nunc augue eget libero. Donec nisl sem, malesuada ac auctor vitae, congue et massa. Morbi risus eros, consectetur ac congue quis, pharetra vitae enim. Lorem ipsum dolor sit amet, consectetur adipiscing elit. Suspendisse molestie ligula non odio lobortis in pretium augue accumsan.\n\nAenean suscipit ipsum orci, vitae ullamcorper risus. Pellentesque habitant morbi tristique senectus et netus et malesuada fames ac turpis egestas. Maecenas et orci ut purus placerat pretium. Nullam iaculis eros eu augue ultricies nec varius eros fermentum. Quisque justo quam, mollis blandit ultrices sit amet, tempus in tellus. In et egestas tellus. Ut velit dui, egestas ut feugiat eget, fermentum ut dolor. Cras ut elementum dui. Duis augue velit, vulputate ut facilisis id, viverra cursus urna. Cras sapien dolor, elementum id suscipit id, gravida sit amet dui. Mauris ut sapien nec dui iaculis congue. Sed elit nisl, tristique vitae blandit nec, luctus vitae dui. Vestibulum et ultrices purus. Sed vestibulum consequat laoreet. Maecenas rutrum sollicitudin nulla vel porta.\n\nCras faucibus euismod quam, id feugiat dui adipiscing sit amet. Mauris vitae neque vitae augue tristique tempor eget eu turpis. Quisque bibendum sem in dui volutpat at luctus velit vestibulum. Nunc ut faucibus velit. Aliquam eget mi tortor. Mauris in enim sit amet massa tempor mollis a sit amet dolor. Integer ullamcorper elit eu ante faucibus hendrerit. Phasellus vitae nunc quis massa consequat pulvinar. Aenean sagittis auctor lacus non dapibus. Vestibulum at massa magna. Nulla tortor leo, tincidunt tempor lobortis at, viverra eget eros. Morbi a metus in quam auctor sodales eget et massa.",
  "title": "Document 5-3-1-4-2",
  "__meta": {
    "updateId": -1810246220,
    "cdate": 1501428285850,
    "cuser": "cn=Al Mass,o=DARWINO",
    "mdate": 1501428307380,
    "replicaId": "85257FB8005090FB",
    "changes": "2S7P",
    "muser": "cn=Al Mass,o=DARWINO",
    "seqId": 1
  }
}