{
  "firstname": "Callie",
  "comments": "<font size=\"2\" face=\"sans-serif\">This Monday evening a friendly llama is investigating a sweet glass</font><br />\r\n<font size=\"2\" face=\"sans-serif\">A national monitor is expected to sell a sweet phone</font><br />\r\n<font size=\"2\" face=\"sans-serif\">A pear is investigating a competitive lawyer, reported a foreign table</font><br />\r\n<font size=\"2\" face=\"sans-serif\">The fierce duck was converted into a fierce slipper</font><br />\r\n<font size=\"2\" face=\"sans-serif\">A cake signed a truce with the tall meat, said the nationwide glass</font>",
  "homephone": "(147) 515-1699",
  "city": "Hephzibah",
  "sex": "F",
  "picture": "http://www.gravatar.com/avatar/c5903c7adbba8e2f0fc8a8806b7e05e3?d=retro",
  "lastname": "Glover",
  "__meta": {
    "updateId": -1810127370,
    "cdate": 1501428327430,
    "cuser": "cn=Al Mass,o=DARWINO",
    "mdate": 1501428426230,
    "replicaId": "85257FB8005090FB",
    "changes": "vrBw",
    "muser": "cn=Al Mass,o=DARWINO",
    "seqId": 2
  },
  "zipcode": "30815",
  "form": "Contact",
  "street": "254 Essex Court",
  "firstcontact": "2012-09-13T10:40:18.000-05:00",
  "workphone": "(364) 541-1373",
  "mobilephone": "(747) 627-1544",
  "company": "Bioholding",
  "state": "GA",
  "card": "<img src=\"$document-attachment/Card%7C%7Cinline-0.84.gif\" width=\"80\" height=\"80\" /><br />\r\n<font size=\"2\" face=\"sans-serif\"><b>Name</b></font><font size=\"2\" face=\"sans-serif\">: Callie Glover</font><br />\r\n<font size=\"2\" face=\"sans-serif\"><b>EMail</b></font><font size=\"2\" face=\"sans-serif\">: cglover@darwino.com</font><br />\r\n<font size=\"2\" face=\"sans-serif\"><b>Company</b></font><font size=\"2\" face=\"sans-serif\">: Bioholding</font>",
  "email": "cglover@darwino.com"
}