{
  "firstname": "Shelia",
  "comments": "<font size=\"2\" face=\"sans-serif\">Yesterday the municipal potato was seen in the company of a green potato</font><br />\r\n<font size=\"2\" face=\"sans-serif\">A solid spoon is expected to sell a fierce desk, reported the golden tangerine</font><br />\r\n<font size=\"2\" face=\"sans-serif\">A convenient physicist plans to cease fire against a meat</font><br />\r\n<font size=\"2\" face=\"sans-serif\">A metallic table is investigating the golden slipper</font>",
  "homephone": "(234) 195-1261",
  "city": "Worcester",
  "sex": "F",
  "picture": "http://www.gravatar.com/avatar/0074f6eb6349aea05693289e42aa8739?d=retro",
  "lastname": "Simpson",
  "__meta": {
    "updateId": -1810125970,
    "cdate": 1501428328130,
    "cuser": "cn=Al Mass,o=DARWINO",
    "mdate": 1501428427630,
    "replicaId": "85257FB8005090FB",
    "changes": "Lo5I",
    "muser": "cn=Al Mass,o=DARWINO",
    "seqId": 2
  },
  "zipcode": "01604",
  "form": "Contact",
  "street": "222 Beech Street",
  "firstcontact": "2013-02-19T04:42:39.000-05:00",
  "workphone": "(199) 366-1157",
  "mobilephone": "(237) 302-1122",
  "company": "Iselectrics",
  "state": "MA",
  "card": "<img src=\"$document-attachment/Card%7C%7Cinline-0.84.gif\" width=\"80\" height=\"80\" /><br />\r\n<font size=\"2\" face=\"sans-serif\"><b>Name</b></font><font size=\"2\" face=\"sans-serif\">: Shelia Simpson</font><br />\r\n<font size=\"2\" face=\"sans-serif\"><b>EMail</b></font><font size=\"2\" face=\"sans-serif\">: ssimpson@darwino.com</font><br />\r\n<font size=\"2\" face=\"sans-serif\"><b>Company</b></font><font size=\"2\" face=\"sans-serif\">: Iselectrics</font>",
  "email": "ssimpson@darwino.com"
}