{
  "form": "CompanyDocument",
  "_parentid": "28D4386CC6C52ACB8525816D0054B105",
  "document": "In hac habitasse platea dictumst. Donec ornare rutrum augue, sed pretium felis sodales at. Etiam quam arcu, malesuada vitae auctor et, laoreet ac mauris. Cras lorem nulla, dignissim ac varius nec, mollis vel nunc. Cras hendrerit massa eget quam pharetra eget tincidunt ipsum pharetra. Donec sed pulvinar felis. Suspendisse eget nisi velit. Pellentesque ultrices, nisi ac consectetur dictum, ipsum tellus varius eros, ultricies fringilla ligula risus vel nulla. Lorem ipsum dolor sit amet, consectetur adipiscing elit. Etiam tempus gravida imperdiet. Vestibulum aliquet sem eget metus euismod sodales. Curabitur sit amet arcu eu mauris vulputate feugiat. Sed elit lorem, iaculis vel rhoncus sagittis, convallis sit amet turpis. Praesent tincidunt urna ut quam sodales interdum sed ac enim. Cras urna velit, ullamcorper vitae eleifend a, tempus non sapien. Praesent tempor luctus magna at vehicula.\n\nCurabitur laoreet rhoncus sem eu egestas. Pellentesque turpis felis, sagittis a auctor vel, adipiscing vel libero. Lorem ipsum dolor sit amet, consectetur adipiscing elit. In quis pretium felis. Proin nec risus ut magna laoreet gravida. Aenean a pellentesque turpis. Class aptent taciti sociosqu ad litora torquent per conubia nostra, per inceptos himenaeos. Cras a suscipit lorem. Duis molestie justo sed ante euismod sit amet aliquet eros adipiscing. Curabitur dignissim ultricies leo et ultricies. Etiam cursus tristique diam, vel egestas purus tempus id. Pellentesque vel consequat arcu. Mauris velit arcu, bibendum sed sodales ut, euismod ac libero. Nulla congue nunc a purus ultricies imperdiet. In orci arcu, molestie a blandit convallis, hendrerit id lorem. Donec sapien tortor, tempor non elementum quis, fringilla quis est. Etiam dapibus dolor vel justo faucibus vel egestas nunc placerat. Nulla tortor sapien, volutpat id auctor at, venenatis ac metus. Phasellus malesuada dui eros. Morbi porttitor erat ac lorem volutpat ut facilisis tortor feugiat.\n\nEtiam ultrices, dui vel posuere rhoncus, lectus mi dictum risus, ac vulputate sapien ipsum eu nisl. Duis in ipsum in ligula blandit ultrices. Integer blandit auctor vestibulum. Duis sit amet ante est. Aenean in ante enim. Curabitur viverra est in nunc commodo quis commodo sem placerat. Nunc sit amet quam urna. Nullam vestibulum ultricies iaculis. Cras vitae ligula libero, volutpat viverra nunc. Maecenas sodales condimentum turpis, at molestie orci semper at. Ut ante ipsum, tempus sed tempus ac, gravida eget arcu. Praesent blandit mattis mauris nec tincidunt. In hac habitasse platea dictumst. Aenean diam magna, vehicula sed adipiscing id, vestibulum a dolor.",
  "title": "Document 4-1-1-4",
  "__meta": {
    "updateId": -1810193290,
    "cdate": 1501428303520,
    "cuser": "cn=Al Mass,o=DARWINO",
    "mdate": 1501428360310,
    "replicaId": "85257FB8005090FB",
    "changes": "vFi1",
    "muser": "cn=Al Mass,o=DARWINO",
    "seqId": 1
  }
}