{
  "form": "CompanyDocument",
  "_parentid": "6EA9B6A1C602BD2B8525816D0054A5FF",
  "document": "Curabitur dignissim porta pellentesque. Etiam pharetra justo eu enim mollis pharetra. Ut vel pretium neque. Phasellus rhoncus enim id risus aliquam malesuada. Maecenas pretium mollis orci non egestas. Ut sit amet nisl eu nulla convallis accumsan. Pellentesque ultrices iaculis accumsan. Proin laoreet blandit tellus, non pellentesque urna aliquet ut. Suspendisse mauris est, semper ut tincidunt rhoncus, luctus eget orci. Curabitur a posuere lectus. Nunc sodales eleifend volutpat. Fusce vehicula porttitor orci, nec congue mauris pulvinar aliquam. Aliquam fringilla nunc ut magna viverra in porttitor libero sollicitudin.\n\nIn hac habitasse platea dictumst. Donec ornare rutrum augue, sed pretium felis sodales at. Etiam quam arcu, malesuada vitae auctor et, laoreet ac mauris. Cras lorem nulla, dignissim ac varius nec, mollis vel nunc. Cras hendrerit massa eget quam pharetra eget tincidunt ipsum pharetra. Donec sed pulvinar felis. Suspendisse eget nisi velit. Pellentesque ultrices, nisi ac consectetur dictum, ipsum tellus varius eros, ultricies fringilla ligula risus vel nulla. Lorem ipsum dolor sit amet, consectetur adipiscing elit. Etiam tempus gravida imperdiet. Vestibulum aliquet sem eget metus euismod sodales. Curabitur sit amet arcu eu mauris vulputate feugiat. Sed elit lorem, iaculis vel rhoncus sagittis, convallis sit amet turpis. Praesent tincidunt urna ut quam sodales interdum sed ac enim. Cras urna velit, ullamcorper vitae eleifend a, tempus non sapien. Praesent tempor luctus magna at vehicula.",
  "title": "Document 2-1-2-1-2",
  "__meta": {
    "updateId": -1810278080,
    "cdate": 1501428275210,
    "cuser": "cn=Al Mass,o=DARWINO",
    "mdate": 1501428275520,
    "replicaId": "85257FB8005090FB",
    "changes": "LnV0",
    "muser": "cn=Al Mass,o=DARWINO",
    "seqId": 1
  }
}