{
  "form": "CompanyDocument",
  "_parentid": "6C773A1123DBA8DB8525816D0054A922",
  "document": "Aliquam consequat commodo augue. Nullam consectetur ultrices odio, eget malesuada lorem pretium vel. Morbi scelerisque felis non sem pellentesque sodales. Ut rutrum urna vel turpis dignissim aliquam. Nam accumsan, enim nec accumsan elementum, ipsum tellus porta felis, vel egestas tellus mi sodales lectus. Proin quis sem sem. Aenean laoreet enim non arcu pulvinar vel scelerisque lorem dapibus. Lorem ipsum dolor sit amet, consectetur adipiscing elit. Fusce eu luctus velit. Nulla in fringilla risus. Praesent sed dapibus ligula. Cras vulputate sagittis enim, vitae elementum sem consequat eget.\n\nPhasellus fermentum, erat id luctus commodo, nibh diam iaculis augue, eu pharetra ante velit facilisis arcu. Fusce posuere condimentum ligula, ac suscipit ante aliquet eget. Nam quis orci at erat cursus vulputate sed sit amet erat. Suspendisse ornare, est ac mattis sodales, nulla velit sollicitudin lacus, id porta erat nulla at enim. Maecenas fringilla justo in sapien ullamcorper imperdiet. Suspendisse nulla orci, elementum eu feugiat in, adipiscing eu nisi. Suspendisse venenatis molestie tortor at vehicula. Nunc sit amet est eget odio tincidunt sagittis. Aliquam eu arcu urna, vitae iaculis justo. Praesent ac mauris quis mi pretium consectetur. Aenean vitae mauris nulla, at vehicula leo. Aliquam semper, mi id euismod ornare, dui nulla luctus odio, vel hendrerit diam sapien in tellus.\n\nCurabitur a neque ipsum. Nullam purus ante, pellentesque sit amet venenatis bibendum, dignissim vitae felis. Nunc sed sapien luctus ligula aliquam lacinia. Vivamus massa mauris, feugiat quis convallis vitae, volutpat sed lacus. Suspendisse eget nunc est. Etiam porta velit at risus faucibus posuere. Phasellus faucibus tempor ipsum ut molestie. Vivamus rhoncus, odio id laoreet fringilla, enim sem egestas augue, aliquam ultricies risus enim eu purus. Morbi adipiscing luctus libero eu eleifend. Sed felis diam, luctus non molestie eget, dignissim facilisis velit. Morbi mollis, magna at semper laoreet, dui felis consectetur libero, ac interdum velit diam id nulla. Phasellus mollis, metus in pretium aliquet, diam erat egestas eros, id commodo mauris elit id felis. Quisque porta lorem vitae orci congue interdum. Curabitur ornare augue ut orci auctor sed hendrerit tortor pretium.\n\nIn venenatis egestas mauris eget semper. Fusce condimentum ligula sed elit accumsan non tristique dui adipiscing. Nulla accumsan varius orci et laoreet. Fusce et tortor vel ante ultricies venenatis. Aenean sollicitudin, sapien a tincidunt scelerisque, tortor mauris tempor nisi, eu laoreet magna dui ut enim. Morbi vitae elit arcu. Aenean quis cursus nisi. Vivamus tempus, odio in tempus ullamcorper, urna orci tempor eros, nec porttitor magna tellus quis nunc. Vivamus adipiscing pellentesque felis, ut tincidunt nisi convallis ac. Nulla facilisi. Aliquam pulvinar nunc eu orci accumsan viverra. Quisque quis turpis dolor. In hac habitasse platea dictumst. Nullam augue odio, tincidunt a pellentesque at, consequat quis sem. Sed ultricies quam eget odio facilisis sollicitudin. Aenean quis mauris ante.",
  "title": "Document 1-3-3-2-1",
  "__meta": {
    "updateId": -1810254070,
    "cdate": 1501428283230,
    "cuser": "cn=Al Mass,o=DARWINO",
    "mdate": 1501428299530,
    "replicaId": "85257FB8005090FB",
    "changes": "CzJV",
    "muser": "cn=Al Mass,o=DARWINO",
    "seqId": 1
  }
}