{
  "form": "CompanyDocument",
  "_parentid": "6C7B936950F279418525816D0054AEB0",
  "document": "Etiam mattis, eros nec vulputate porttitor, erat erat pharetra elit, quis pharetra ligula dolor eu velit. Aliquam rutrum nunc eu nunc aliquam eu hendrerit metus consequat. Etiam quis erat ac sapien tincidunt gravida. Nulla varius, nulla sed dapibus pretium, massa libero consectetur diam, vel interdum neque felis vel diam. Nam lorem nunc, posuere eget venenatis et, convallis sed massa. Vestibulum ante ipsum primis in faucibus orci luctus et ultrices posuere cubilia Curae; Sed sed nisi nunc, in commodo eros. Integer dictum bibendum quam vitae malesuada. Vestibulum sollicitudin dapibus quam id ornare. Ut vulputate fermentum laoreet.\n\nNunc egestas rutrum nisi, at consectetur lectus aliquet eget. Duis ultricies ligula mauris, nec eleifend tortor. In tincidunt fringilla tortor, nec gravida urna dictum nec. Maecenas molestie feugiat sem at volutpat. Nulla nec urna a justo mollis laoreet. Morbi id volutpat urna. Pellentesque rutrum convallis quam, nec tincidunt felis cursus eu. Donec iaculis, eros ut gravida dapibus, elit ipsum eleifend elit, et tempus odio nunc at risus. Sed eget est augue, vel pharetra erat. Morbi accumsan ante eget eros scelerisque at tempus mi congue. Quisque vulputate faucibus urna sit amet feugiat. Nulla nibh urna, vulputate vel viverra sit amet, placerat id lacus. Pellentesque luctus pretium est, vitae aliquet urna varius id. Fusce bibendum pharetra tellus non dictum. Donec ornare justo et eros consectetur porttitor. Ut ac tellus ut diam pulvinar mollis. Nunc id odio id nibh pretium vehicula. Sed arcu libero, tincidunt id pulvinar a, accumsan non odio.\n\nDonec sed quam sem, a ullamcorper tortor. Sed porta convallis metus id mollis. Integer luctus rutrum tellus et imperdiet. Suspendisse nec dolor non augue luctus fermentum a ac magna. Pellentesque habitant morbi tristique senectus et netus et malesuada fames ac turpis egestas. Aenean rhoncus orci ac dolor suscipit nec auctor odio scelerisque. Etiam nunc augue, dignissim vitae placerat ac, pulvinar id arcu. Fusce in sapien a ipsum semper pellentesque. Aliquam erat volutpat. Maecenas eget ligula sit amet enim eleifend viverra id et libero. In enim massa, interdum vitae hendrerit vitae, dignissim ut lectus.\n\nVivamus at elit in ante vestibulum tempor. Praesent ullamcorper tortor at sapien sagittis semper. Etiam euismod fringilla rhoncus. Sed tempor lorem a sapien fringilla pretium. In accumsan sagittis ligula volutpat porta. Quisque ullamcorper ullamcorper dolor at posuere. Aenean et interdum elit. Class aptent taciti sociosqu ad litora torquent per conubia nostra, per inceptos himenaeos. Donec venenatis fringilla est, vel molestie purus lobortis id. Vivamus rutrum lobortis dui id blandit. Cras imperdiet ultricies luctus. Fusce laoreet odio nec odio porta auctor. Donec id dui facilisis lectus vehicula ornare quis at nulla. Nam id odio quis libero vestibulum tincidunt eu et lorem.",
  "title": "Document 6-1-2-3",
  "__meta": {
    "updateId": -1810211200,
    "cdate": 1501428297540,
    "cuser": "cn=Al Mass,o=DARWINO",
    "mdate": 1501428342400,
    "replicaId": "85257FB8005090FB",
    "changes": "VFVd",
    "muser": "cn=Al Mass,o=DARWINO",
    "seqId": 1
  }
}