{
  "form": "CompanyDocument",
  "_parentid": "4FB6CF735E5BC7998525816D0054B64B",
  "document": "Proin a nunc diam, a faucibus dui. Curabitur tincidunt erat in mauris dignissim imperdiet. Morbi lacinia gravida augue sit amet elementum. Ut mattis, purus ut viverra consequat, justo nulla tristique lacus, a ultrices enim purus sed orci. Praesent est ante, pulvinar tempor dictum et, rhoncus ultricies libero. Fusce mauris nisi, suscipit non scelerisque quis, lobortis congue dui. Donec luctus placerat tellus, id laoreet arcu accumsan quis. Nullam ullamcorper porttitor pulvinar. Quisque lorem nibh, dictum ut tincidunt nec, sollicitudin in leo. Aenean libero erat, venenatis quis scelerisque nec, gravida ut purus. Vivamus sed libero sit amet leo pellentesque viverra eu eu tortor. In massa elit, pharetra vel lobortis id, consequat a lectus. Vivamus tincidunt viverra neque id dictum. Morbi vitae est tortor. Pellentesque habitant morbi tristique senectus et netus et malesuada fames ac turpis egestas. Sed non magna purus, et gravida nulla.\n\nInteger vitae massa nec augue eleifend consequat. Donec tristique turpis ut est imperdiet id accumsan nunc pulvinar. Fusce pretium viverra sem a condimentum. Praesent convallis eleifend semper. Quisque eleifend, enim dapibus laoreet ultricies, quam sapien congue felis, quis accumsan augue velit sed nibh. Vestibulum quis magna nibh. Integer et orci velit, at tincidunt orci. Vivamus vel sem purus, quis vestibulum velit. Nulla ac viverra massa. Curabitur pellentesque erat a elit eleifend eu fermentum mi cursus. Donec tincidunt ornare lacus, eget varius turpis ultricies ut. Praesent nec neque rhoncus mi lobortis ultricies quis in nulla. Duis id iaculis sapien. Curabitur velit justo, lacinia et eleifend in, accumsan a est. Integer urna ipsum, facilisis vel faucibus nec, tristique vehicula ligula. Praesent at urna bibendum felis ullamcorper mollis quis eu lacus.",
  "title": "Document 4-2-1-1-1",
  "__meta": {
    "updateId": -1810153160,
    "cdate": 1501428316920,
    "cuser": "cn=Al Mass,o=DARWINO",
    "mdate": 1501428400440,
    "replicaId": "85257FB8005090FB",
    "changes": "Y0@W",
    "muser": "cn=Al Mass,o=DARWINO",
    "seqId": 1
  }
}