{
  "form": "CompanyDocument",
  "_parentid": "6D6443B75ADE92DB8525816D0054B217",
  "document": "Nulla facilisi. Cras id tristique arcu. Integer mollis tortor ac urna placerat fringilla. Morbi volutpat, lorem nec placerat fermentum, massa quam faucibus arcu, eget lacinia nulla nulla vitae orci. Mauris fringilla elit pretium mi blandit eu sodales tellus suscipit. Ut dolor purus, mattis eu semper quis, faucibus at neque. Sed quis eros et leo malesuada semper. Vestibulum libero nisl, posuere non mollis ac, facilisis at ipsum. Morbi sed sodales dui. Class aptent taciti sociosqu ad litora torquent per conubia nostra, per inceptos himenaeos. Nunc mollis commodo libero nec vulputate. Duis tristique est non risus porta dictum. Mauris a libero vel tellus auctor luctus. Phasellus aliquet, orci eget vestibulum ullamcorper, mi orci dictum risus, id consequat quam nulla in mi.\n\nProin vel lorem et eros auctor congue. Etiam et nisi bibendum nibh rhoncus blandit ullamcorper ac turpis. In hac habitasse platea dictumst. In ultrices rutrum accumsan. Suspendisse rutrum laoreet est, quis gravida eros dignissim vitae. Pellentesque tempus metus eget felis venenatis viverra. Curabitur egestas, tellus in lobortis scelerisque, nibh nisl congue tortor, eget pretium eros turpis at neque. Phasellus facilisis velit id libero mollis congue et eget orci. Aliquam odio nisl, tincidunt sed suscipit quis, pretium condimentum dui. Morbi non mattis elit. Nunc rhoncus dolor et urna scelerisque aliquam. Aenean sit amet malesuada ante. Donec scelerisque, est porttitor ullamcorper pellentesque, ligula augue imperdiet nisl, ut convallis nunc libero placerat felis. Etiam non sem ac enim consectetur congue sit amet sed leo. Donec laoreet odio id ante ultrices eu pretium odio aliquet. Donec in nisl interdum turpis mattis rhoncus in tincidunt arcu. Vivamus sit amet metus justo, vitae ornare nunc. Vivamus nulla nulla, sagittis quis porttitor cursus, convallis nec dui.\n\nClass aptent taciti sociosqu ad litora torquent per conubia nostra, per inceptos himenaeos. Nulla facilisi. Integer ac tellus urna. Praesent pellentesque venenatis volutpat. Aliquam a nisl lorem. In odio nunc, tincidunt vel semper sed, volutpat id mi. Cum sociis natoque penatibus et magnis dis parturient montes, nascetur ridiculus mus. Praesent suscipit lectus et mi pharetra volutpat. Maecenas vitae tellus congue risus semper vestibulum. Proin dictum ornare pharetra. Phasellus a erat ante. Sed ullamcorper justo ac lorem accumsan iaculis. Fusce orci mi, aliquet nec semper eu, pellentesque nec massa. Quisque et ante vel enim fermentum volutpat.\n\nPraesent aliquam mi leo, eu faucibus ligula. Donec ornare porttitor enim ut sollicitudin. Nullam laoreet, purus nec cursus accumsan, leo velit interdum arcu, vitae viverra mauris nisl vel ipsum. Nam pharetra gravida tempor. Cras ut tincidunt lacus. Duis porta malesuada tellus, quis semper odio feugiat vel. Nam sollicitudin fermentum libero sed bibendum. Vestibulum sed ornare mauris. Curabitur at massa velit. Sed eros purus, feugiat id imperdiet in, tincidunt vel dui. Morbi ornare nibh eu nunc bibendum rutrum. Suspendisse at nulla enim, et malesuada ipsum. Nulla id arcu pellentesque ante accumsan porttitor pretium et nulla.",
  "title": "Document 2-1-2-1",
  "__meta": {
    "updateId": -1810185390,
    "cdate": 1501428306160,
    "cuser": "cn=Al Mass,o=DARWINO",
    "mdate": 1501428368210,
    "replicaId": "85257FB8005090FB",
    "changes": "jTUL",
    "muser": "cn=Al Mass,o=DARWINO",
    "seqId": 1
  }
}