{
  "form": "CompanyDocument",
  "_parentid": "4B5D44EA21AF04B48525816D0054A643",
  "document": "Sed quis odio est. Aliquam sit amet lorem velit. Nullam eu nibh eget justo tempus rutrum. Donec bibendum lacinia tortor sit amet semper. Etiam eros enim, ullamcorper sit amet venenatis quis, adipiscing eget nulla. Pellentesque pharetra, sapien vitae convallis sollicitudin, lectus orci placerat libero, in iaculis metus purus et ipsum. Aenean non justo non orci scelerisque venenatis. Proin cursus lobortis libero nec aliquet. Donec id metus et lacus ultrices cursus et non justo. Nam orci libero, consequat ac elementum nec, pretium quis nulla. Suspendisse scelerisque sapien ac sem consectetur vehicula. Nunc faucibus nunc eu augue venenatis ac laoreet nisl euismod. Praesent imperdiet metus in ipsum commodo interdum. Sed malesuada quam ut dolor ultricies hendrerit. In pulvinar mi congue est hendrerit euismod. Praesent tempus accumsan magna, ut fermentum ligula fermentum a. Integer ornare sollicitudin sodales.\n\nLorem ipsum dolor sit amet, consectetur adipiscing elit. Nulla facilisi. Integer ullamcorper erat vel odio pharetra nec euismod augue congue. Ut eget mi risus, nec commodo lacus. Cras eu convallis ligula. Pellentesque habitant morbi tristique senectus et netus et malesuada fames ac turpis egestas. Pellentesque bibendum feugiat quam a tincidunt. Sed ac dolor nisi. Nullam sodales vestibulum neque, in ultricies magna pretium ac. Suspendisse porta elit a leo suscipit vel facilisis orci interdum. Donec viverra dignissim sodales. Curabitur sit amet justo massa. Curabitur non nisi tortor. Aliquam erat volutpat. Nullam rutrum dolor sed ipsum tempus lacinia rhoncus turpis sagittis. Mauris eu scelerisque augue. Duis fermentum nisl eget nulla porta vehicula. Mauris lacinia erat eu ipsum eleifend nec ornare lacus imperdiet. Quisque a ultrices libero.\n\nNulla eget felis ac sapien ornare tincidunt in at metus. Maecenas fringilla aliquet est, a volutpat tellus interdum ac. Etiam vel commodo dui. Phasellus ultricies tellus quis libero condimentum quis pulvinar nunc facilisis. Praesent purus magna, ultrices nec eleifend porta, dignissim non ligula. Nullam posuere metus vitae nunc sollicitudin imperdiet. Pellentesque consectetur ligula vitae metus bibendum quis rutrum mauris eleifend. Mauris quam dolor, imperdiet id porta quis, porttitor id nulla. Nulla tempor, mi sit amet ullamcorper vestibulum, orci tellus tincidunt nunc, ac tincidunt risus augue rhoncus justo. Lorem ipsum dolor sit amet, consectetur adipiscing elit.",
  "title": "Document 2-4-1",
  "__meta": {
    "updateId": -1810276070,
    "cdate": 1501428275880,
    "cuser": "cn=Al Mass,o=DARWINO",
    "mdate": 1501428277530,
    "replicaId": "85257FB8005090FB",
    "changes": "twXp",
    "muser": "cn=Al Mass,o=DARWINO",
    "seqId": 1
  }
}