{
  "form": "CompanyDocument",
  "_parentid": "A8B205BCC3F9188B8525816D0054ADF4",
  "document": "Phasellus vel ipsum vel leo adipiscing consectetur. Nam a eros in metus venenatis eleifend. Pellentesque lectus eros, dignissim ut faucibus et, imperdiet et erat. Sed et augue et nisl rutrum luctus ac eget ligula. Vestibulum vel magna nunc, non vehicula tellus. Cras in tortor lorem, ac adipiscing sapien. Vestibulum ac urna erat. Cras molestie ultricies enim, a mattis ipsum varius id. Class aptent taciti sociosqu ad litora torquent per conubia nostra, per inceptos himenaeos. Suspendisse quis tortor nisi.\n\nCurabitur a neque ipsum. Nullam purus ante, pellentesque sit amet venenatis bibendum, dignissim vitae felis. Nunc sed sapien luctus ligula aliquam lacinia. Vivamus massa mauris, feugiat quis convallis vitae, volutpat sed lacus. Suspendisse eget nunc est. Etiam porta velit at risus faucibus posuere. Phasellus faucibus tempor ipsum ut molestie. Vivamus rhoncus, odio id laoreet fringilla, enim sem egestas augue, aliquam ultricies risus enim eu purus. Morbi adipiscing luctus libero eu eleifend. Sed felis diam, luctus non molestie eget, dignissim facilisis velit. Morbi mollis, magna at semper laoreet, dui felis consectetur libero, ac interdum velit diam id nulla. Phasellus mollis, metus in pretium aliquet, diam erat egestas eros, id commodo mauris elit id felis. Quisque porta lorem vitae orci congue interdum. Curabitur ornare augue ut orci auctor sed hendrerit tortor pretium.",
  "title": "Document 6-1-3-3",
  "__meta": {
    "updateId": -1810217010,
    "cdate": 1501428295600,
    "cuser": "cn=Al Mass,o=DARWINO",
    "mdate": 1501428336590,
    "replicaId": "85257FB8005090FB",
    "changes": "QGQx",
    "muser": "cn=Al Mass,o=DARWINO",
    "seqId": 1
  }
}