{
  "form": "CompanyDocument",
  "_parentid": "C3E0FBF0E34422EC8525816D0054B5FE",
  "document": "Nam nec urna vel risus faucibus luctus. Nam euismod vulputate nisi, id sodales ipsum varius eu. In id mi id turpis mollis vulputate. Cras porta dui et velit adipiscing non feugiat est sodales. Sed ac quam lectus. Nullam quis magna nec turpis egestas auctor et sed augue. Fusce bibendum, dolor vitae porttitor cursus, diam sem ultricies tortor, at tincidunt arcu erat sit amet tortor. Morbi a augue tortor, vitae pulvinar diam. Aliquam erat volutpat. Cras dolor dui, laoreet a malesuada nec, porttitor quis leo. Phasellus a dui nec felis bibendum hendrerit eu ac risus. Ut tortor odio, ullamcorper in pretium ac, malesuada a turpis. Cras bibendum libero eu nisi pharetra aliquet eget sed diam. Etiam semper, felis quis luctus vehicula, urna dolor pretium enim, eu sollicitudin ante diam eget ligula. Donec interdum vehicula tellus ac porta. Proin lacinia aliquet risus, commodo consequat nunc sodales eget. Praesent enim nibh, lacinia sit amet euismod ut, imperdiet eget est. Aliquam id nisi metus.\n\nAenean erat enim, aliquet vitae accumsan non, laoreet eu felis. Praesent dictum tellus id ipsum auctor eu cursus ante rhoncus. Nunc tellus arcu, porta vulputate ullamcorper in, posuere dictum massa. Cras placerat, tortor id pharetra ultrices, erat sem ornare dui, quis bibendum lacus ipsum non arcu. Aliquam gravida velit eu turpis molestie bibendum. Nunc vehicula lacinia nibh ut dapibus. Lorem ipsum dolor sit amet, consectetur adipiscing elit. Pellentesque nisl lorem, lacinia porta molestie vel, auctor at risus. Phasellus venenatis condimentum erat, eu ultricies ligula egestas sit amet. Etiam et blandit lorem. Sed aliquet posuere porta. Curabitur ultrices libero a quam commodo mattis. Aliquam erat volutpat. In scelerisque porta aliquet. In laoreet mauris at lectus malesuada sodales a sit amet quam.\n\nMorbi a nulla lorem. Morbi vel ligula et arcu facilisis posuere. Curabitur luctus interdum mauris, in auctor quam sagittis quis. Suspendisse potenti. Duis interdum purus eu risus pellentesque sodales. Aenean pretium consequat nulla sit amet convallis. Curabitur pharetra nibh a neque eleifend porttitor non sed metus. Morbi eleifend nisi ac arcu laoreet sagittis. Suspendisse potenti. Donec at tortor tortor, vitae condimentum felis. Aenean tincidunt est in sapien aliquet eu pharetra lacus vehicula.\n\nCras semper volutpat odio, quis rutrum dolor mollis non. Nunc rhoncus metus eu libero dapibus porta. Class aptent taciti sociosqu ad litora torquent per conubia nostra, per inceptos himenaeos. Praesent venenatis diam pellentesque dui feugiat a venenatis dui sodales. Duis commodo erat sed mauris porta gravida. Vivamus sit amet erat a purus viverra dictum ac vel sem. Sed pulvinar ipsum a mauris luctus at malesuada urna iaculis. Aliquam pharetra eleifend enim, nec accumsan ligula feugiat sit amet. Nam sapien orci, iaculis ac tincidunt at, congue eu orci. Integer sed nulla vel odio ullamcorper fringilla. Integer eu sapien eu ligula ultrices euismod.",
  "title": "Document 2-2",
  "__meta": {
    "updateId": -1810155440,
    "cdate": 1501428316160,
    "cuser": "cn=Al Mass,o=DARWINO",
    "mdate": 1501428398160,
    "replicaId": "85257FB8005090FB",
    "changes": "_cO@",
    "muser": "cn=Al Mass,o=DARWINO",
    "seqId": 1
  }
}