{
  "form": "CompanyDocument",
  "_parentid": "16EE9164CF024BF08525816D0054B254",
  "document": "Vivamus in mauris elementum nisl tincidunt blandit. Vivamus ut vulputate dui. Vestibulum nec lectus felis. Maecenas nec nibh eget odio dignissim viverra. Suspendisse vestibulum luctus rutrum. Integer euismod velit eu tellus hendrerit varius. Aenean tempus nulla ac neque adipiscing fermentum. Vivamus rutrum nibh in nibh pharetra consequat. Suspendisse potenti. Nulla consectetur nunc dignissim ante varius eleifend. Praesent euismod tortor quis ante blandit nec sodales turpis pharetra. Aenean nec tortor enim, et laoreet mauris. Etiam sed nisl ut dui vestibulum aliquam eget nec justo. Integer leo tortor, condimentum eu feugiat vitae, dapibus sed sem. Suspendisse id libero vitae erat pulvinar rhoncus. Proin sit amet ultricies lectus. Sed magna velit, pulvinar id malesuada nec, mollis quis nunc. Etiam nisl risus, semper egestas vestibulum faucibus, suscipit nec urna. Vestibulum luctus viverra metus sed blandit.\n\nPellentesque quis ipsum ligula, eu suscipit sapien. Phasellus ipsum leo, fringilla non cursus vel, accumsan ac metus. Suspendisse at sapien lacus, eu commodo leo. Phasellus non purus neque. Quisque ultrices enim interdum quam iaculis euismod. Duis sed est est, eget tincidunt massa. Aenean dapibus, nisi nec porta gravida, ante enim feugiat metus, sed mollis purus leo sit amet diam. Nunc ac enim et magna consequat convallis. Nam facilisis elementum turpis, at consectetur sem condimentum sit amet. Praesent vitae iaculis diam. Sed fermentum lectus mattis sem semper suscipit. Sed augue dui, imperdiet id malesuada eget, suscipit id nisi. In felis nibh, scelerisque sit amet condimentum non, gravida nec felis.",
  "title": "Document 4-1-3-1",
  "__meta": {
    "updateId": -1810183560,
    "cdate": 1501428306770,
    "cuser": "cn=Al Mass,o=DARWINO",
    "mdate": 1501428370040,
    "replicaId": "85257FB8005090FB",
    "changes": "yOTU",
    "muser": "cn=Al Mass,o=DARWINO",
    "seqId": 1
  }
}