{
  "form": "CompanyDocument",
  "_parentid": "410220953C83203C8525816D0054AA98",
  "document": "Praesent vitae metus ac nulla varius scelerisque vitae et justo. Suspendisse egestas, tellus a interdum malesuada, turpis eros sodales justo, vel auctor ligula sapien eget magna. Aliquam consectetur tristique pretium. Fusce tortor ante, varius tincidunt sodales ut, fermentum a erat. Pellentesque molestie consectetur mauris. Curabitur fermentum sapien sit amet nunc blandit pretium. Vivamus bibendum nisi in tellus vehicula eget pretium arcu sollicitudin. Nam iaculis nulla sed arcu congue interdum. Suspendisse libero eros, condimentum eget iaculis ut, pharetra sed dui. Vestibulum nunc lacus, faucibus id pulvinar a, cursus non purus. Nam sed varius purus.",
  "title": "Document 3-3-2-1",
  "__meta": {
    "updateId": -1810242870,
    "cdate": 1501428286970,
    "cuser": "cn=Al Mass,o=DARWINO",
    "mdate": 1501428310730,
    "replicaId": "85257FB8005090FB",
    "changes": "n6_u",
    "muser": "cn=Al Mass,o=DARWINO",
    "seqId": 1
  }
}