{
  "form": "CompanyDocument",
  "_parentid": "89B384E22413245F8525816D0054B535",
  "document": "Aliquam erat volutpat. Morbi faucibus pulvinar ullamcorper. Mauris a arcu elit. Vivamus et tincidunt nunc. Vestibulum sagittis, eros sit amet facilisis rhoncus, lacus risus tincidunt lectus, nec molestie dui augue non lacus. Maecenas commodo tincidunt ornare. Pellentesque quis justo diam, vel ultricies tortor. Fusce lobortis eleifend diam, nec porta eros elementum in. Suspendisse mollis suscipit mattis. Fusce aliquam, nisi et egestas fermentum, elit ligula hendrerit libero, eu tincidunt est elit a lorem. Fusce volutpat urna vitae mauris fermentum aliquam. Donec eu ipsum sem. Cras neque ante, porta quis euismod quis, viverra id augue.\n\nLorem ipsum dolor sit amet, consectetur adipiscing elit. Aenean iaculis adipiscing nunc, sit amet aliquam massa lobortis placerat. Aenean rhoncus, enim nec cursus sollicitudin, nibh nisi molestie mi, non dignissim magna est eu metus. Duis eget mauris sit amet felis semper semper eu at nisi. Aliquam eget nunc ut purus gravida iaculis sit amet sit amet ante. Proin iaculis nunc quis leo scelerisque eget mattis quam pharetra. Fusce turpis metus, ultricies in iaculis eu, viverra eu urna. Nullam suscipit, lacus vitae volutpat porta, felis turpis tincidunt diam, a elementum erat dui vitae eros. Morbi aliquam vestibulum erat, aliquet semper nulla venenatis at. Curabitur dapibus pharetra turpis quis congue. Cras sit amet mi lacus. Morbi consequat iaculis ipsum, et elementum ipsum posuere vel. Curabitur neque velit, pellentesque eget fringilla a, dictum nec purus. Vestibulum mollis velit at ipsum pulvinar vel ultrices velit commodo. Duis quis lacus sit amet risus porta posuere. Phasellus commodo aliquam auctor.",
  "title": "Document 2-2",
  "__meta": {
    "updateId": -1810161430,
    "cdate": 1501428314160,
    "cuser": "cn=Al Mass,o=DARWINO",
    "mdate": 1501428392170,
    "replicaId": "85257FB8005090FB",
    "changes": "xin9",
    "muser": "cn=Al Mass,o=DARWINO",
    "seqId": 1
  }
}