{
  "form": "CompanyDocument",
  "_parentid": "595B7E167C69427F8525816D0054B3E5",
  "document": "Ut dignissim gravida justo, at adipiscing elit feugiat commodo. Quisque risus risus, rutrum non pharetra eu, venenatis sed erat. Donec porta massa at sem congue semper. Fusce ante tellus, interdum at sollicitudin in, mattis et lorem. Vivamus sed massa a velit pretium rhoncus. Integer non est congue diam commodo pulvinar. Ut volutpat pellentesque diam, at adipiscing mi lacinia ut. Quisque consectetur aliquam ultrices. Quisque vel eros sit amet urna mollis tincidunt sit amet vel lacus. Quisque aliquet porttitor fringilla.\n\nNam varius feugiat aliquam. Integer placerat ipsum eu metus imperdiet fringilla. Sed nibh lorem, dictum vel vestibulum viverra, consequat non nibh. Donec in sem quam, quis sollicitudin libero. Fusce tortor nisl, malesuada non vestibulum ac, suscipit vel lorem. Donec et nisl id tortor mattis pulvinar in at augue. Proin congue felis eu erat aliquet et fermentum nibh adipiscing. Aliquam sit amet cursus turpis. Donec aliquam risus a massa accumsan non egestas ligula pretium. Suspendisse sed tortor vel est gravida viverra. Fusce accumsan erat sit amet nunc condimentum varius. Aliquam eu augue pulvinar nibh interdum iaculis. Curabitur aliquet convallis ligula, et luctus erat semper vitae. Maecenas faucibus mi in diam volutpat auctor. Nam dignissim nisi vitae enim condimentum quis consectetur lacus faucibus. Quisque porttitor consectetur ligula, et tincidunt est pulvinar ac. Suspendisse vitae lorem sed diam pellentesque blandit. Donec vestibulum mattis varius. Class aptent taciti sociosqu ad litora torquent per conubia nostra, per inceptos himenaeos.",
  "title": "Document 3-2-4",
  "__meta": {
    "updateId": -1810170740,
    "cdate": 1501428311050,
    "cuser": "cn=Al Mass,o=DARWINO",
    "mdate": 1501428382860,
    "replicaId": "85257FB8005090FB",
    "changes": "AmUy",
    "muser": "cn=Al Mass,o=DARWINO",
    "seqId": 1
  }
}