{
  "form": "CompanyDocument",
  "_parentid": "55AA7AA2B9D049D38525816D0054A69D",
  "document": "Nunc nec tincidunt sapien. Suspendisse varius semper erat lobortis rutrum. In imperdiet porta lacinia. Donec tincidunt ullamcorper turpis, ac convallis mauris dignissim non. Sed posuere ligula justo. Pellentesque tristique est et nibh sollicitudin nec vehicula orci vulputate. Etiam nec lorem augue, sit amet convallis justo. Fusce quis metus id mi lacinia porttitor. Sed quis eros lacus. Nulla scelerisque blandit consequat. Curabitur dictum massa et dolor tristique tincidunt. Nulla facilisi. Cras tristique leo leo, id auctor magna. Duis iaculis imperdiet nulla, in sagittis justo malesuada sit amet. Morbi fringilla lacinia magna in gravida. Pellentesque vulputate pretium aliquet.\n\nQuisque pharetra aliquam accumsan. Nullam nec dolor vitae erat suscipit gravida quis ac metus. Praesent in purus sed orci hendrerit posuere. Curabitur libero turpis, feugiat ut molestie in, volutpat ut dui. Etiam feugiat libero vel arcu molestie sit amet imperdiet risus gravida. Vestibulum feugiat tincidunt congue. Suspendisse semper consectetur diam, ac viverra leo sodales vitae. Lorem ipsum dolor sit amet, consectetur adipiscing elit. Nam dictum felis sed sem dictum sit amet luctus elit ultricies. Proin odio ipsum, consectetur fermentum posuere ut, venenatis at turpis. Proin quis nibh nec libero sollicitudin sollicitudin id consectetur leo. Nam ornare lacus sapien. Aliquam ac justo eget nunc mattis eleifend. Proin vitae rhoncus neque. Mauris sed egestas lacus. Pellentesque eget ante quam. Morbi mauris nisl, viverra vitae dictum vitae, sodales ut augue. Suspendisse adipiscing vestibulum est, at aliquam urna bibendum ut. Cras suscipit convallis rhoncus. Sed ac velit nisl, eget adipiscing leo.",
  "title": "Document 5-1-4-2-3",
  "__meta": {
    "updateId": -1810273310,
    "cdate": 1501428276800,
    "cuser": "cn=Al Mass,o=DARWINO",
    "mdate": 1501428280290,
    "replicaId": "85257FB8005090FB",
    "changes": "3FOm",
    "muser": "cn=Al Mass,o=DARWINO",
    "seqId": 1
  }
}