{
  "form": "CompanyDocument",
  "_parentid": "4580620D904806068525816D0054B5CA",
  "document": "Curabitur dignissim porta pellentesque. Etiam pharetra justo eu enim mollis pharetra. Ut vel pretium neque. Phasellus rhoncus enim id risus aliquam malesuada. Maecenas pretium mollis orci non egestas. Ut sit amet nisl eu nulla convallis accumsan. Pellentesque ultrices iaculis accumsan. Proin laoreet blandit tellus, non pellentesque urna aliquet ut. Suspendisse mauris est, semper ut tincidunt rhoncus, luctus eget orci. Curabitur a posuere lectus. Nunc sodales eleifend volutpat. Fusce vehicula porttitor orci, nec congue mauris pulvinar aliquam. Aliquam fringilla nunc ut magna viverra in porttitor libero sollicitudin.\n\nQuisque pharetra aliquam accumsan. Nullam nec dolor vitae erat suscipit gravida quis ac metus. Praesent in purus sed orci hendrerit posuere. Curabitur libero turpis, feugiat ut molestie in, volutpat ut dui. Etiam feugiat libero vel arcu molestie sit amet imperdiet risus gravida. Vestibulum feugiat tincidunt congue. Suspendisse semper consectetur diam, ac viverra leo sodales vitae. Lorem ipsum dolor sit amet, consectetur adipiscing elit. Nam dictum felis sed sem dictum sit amet luctus elit ultricies. Proin odio ipsum, consectetur fermentum posuere ut, venenatis at turpis. Proin quis nibh nec libero sollicitudin sollicitudin id consectetur leo. Nam ornare lacus sapien. Aliquam ac justo eget nunc mattis eleifend. Proin vitae rhoncus neque. Mauris sed egestas lacus. Pellentesque eget ante quam. Morbi mauris nisl, viverra vitae dictum vitae, sodales ut augue. Suspendisse adipiscing vestibulum est, at aliquam urna bibendum ut. Cras suscipit convallis rhoncus. Sed ac velit nisl, eget adipiscing leo.",
  "title": "Document 1-3-1-2",
  "__meta": {
    "updateId": -1810156970,
    "cdate": 1501428315650,
    "cuser": "cn=Al Mass,o=DARWINO",
    "mdate": 1501428396630,
    "replicaId": "85257FB8005090FB",
    "changes": "G5Ul",
    "muser": "cn=Al Mass,o=DARWINO",
    "seqId": 1
  }
}