{
  "firstname": "Lawanda",
  "comments": "<font size=\"2\" face=\"sans-serif\">The famous physicist was converted into the gray desk, said a nationwide tangerine</font><br />\r\n<font size=\"2\" face=\"sans-serif\">A sweet shoe allegedly spoke to the silver elephant, said the famous dog</font><br />\r\n<font size=\"2\" face=\"sans-serif\">A silver soup was reported to have met with the cowardly manual</font>",
  "homephone": "(515) 255-1422",
  "city": "Addison",
  "sex": "F",
  "picture": "http://www.gravatar.com/avatar/d9b296efb4ab390b16d1080821300103?d=retro",
  "lastname": "Mcdowell",
  "__meta": {
    "updateId": -1810136210,
    "cdate": 1501428323010,
    "cuser": "cn=Al Mass,o=DARWINO",
    "mdate": 1501428417390,
    "replicaId": "85257FB8005090FB",
    "changes": "UAYb",
    "muser": "cn=Al Mass,o=DARWINO",
    "seqId": 2
  },
  "zipcode": "60101",
  "form": "Contact",
  "street": "271 Canterbury Court",
  "firstcontact": "2012-11-08T12:05:23.000-05:00",
  "workphone": "(264) 426-1571",
  "mobilephone": "(586) 584-1746",
  "company": "Kinnamplus",
  "state": "IL",
  "card": "<img src=\"$document-attachment/Card%7C%7Cinline-0.84.gif\" width=\"80\" height=\"80\" /><br />\r\n<font size=\"2\" face=\"sans-serif\"><b>Name</b></font><font size=\"2\" face=\"sans-serif\">: Lawanda Mcdowell</font><br />\r\n<font size=\"2\" face=\"sans-serif\"><b>EMail</b></font><font size=\"2\" face=\"sans-serif\">: lmcdowell@darwino.com</font><br />\r\n<font size=\"2\" face=\"sans-serif\"><b>Company</b></font><font size=\"2\" face=\"sans-serif\">: Kinnamplus</font>",
  "email": "lmcdowell@darwino.com"
}