{
  "form": "CompanyDocument",
  "_parentid": "F7C8B49CB07065008525816D0054AAE3",
  "document": "Morbi id risus magna. Nunc auctor consectetur nunc, semper tristique lacus luctus nec. Donec in mattis elit. Nunc posuere justo in felis dignissim at porttitor tellus luctus. In eleifend lobortis sapien, a faucibus leo faucibus eget. Vestibulum vitae purus neque, eget commodo nisi. Ut a urna massa, euismod vulputate lectus. Cras elementum nisi eu tellus dignissim eget convallis libero bibendum. Class aptent taciti sociosqu ad litora torquent per conubia nostra, per inceptos himenaeos. Phasellus condimentum odio et quam adipiscing id pellentesque ipsum condimentum. Nunc quam mi, varius quis porta in, porttitor laoreet mi. Donec semper est nec tortor rutrum euismod consequat tellus rutrum. Fusce interdum purus vitae quam tempus fermentum. Aenean arcu dui, congue a feugiat vel, cursus in felis. Vestibulum rhoncus bibendum tortor et auctor. Vivamus sit amet lorem nisl, ut congue tellus. Praesent lobortis suscipit enim, fringilla convallis neque venenatis eget. Aliquam faucibus nulla eu sapien consequat porta sit amet quis erat. Nulla posuere lacinia elit at egestas. Etiam aliquam pharetra nulla, ac vehicula elit adipiscing sed.\n\nNunc nec tincidunt sapien. Suspendisse varius semper erat lobortis rutrum. In imperdiet porta lacinia. Donec tincidunt ullamcorper turpis, ac convallis mauris dignissim non. Sed posuere ligula justo. Pellentesque tristique est et nibh sollicitudin nec vehicula orci vulputate. Etiam nec lorem augue, sit amet convallis justo. Fusce quis metus id mi lacinia porttitor. Sed quis eros lacus. Nulla scelerisque blandit consequat. Curabitur dictum massa et dolor tristique tincidunt. Nulla facilisi. Cras tristique leo leo, id auctor magna. Duis iaculis imperdiet nulla, in sagittis justo malesuada sit amet. Morbi fringilla lacinia magna in gravida. Pellentesque vulputate pretium aliquet.\n\nProin at mi eget mauris euismod dictum eu vitae justo. Sed dolor erat, ultricies elementum gravida tempus, porttitor eu sem. Lorem ipsum dolor sit amet, consectetur adipiscing elit. Curabitur ullamcorper tincidunt mi, tempus tempor enim eleifend rutrum. Maecenas at justo orci, ut placerat massa. Nullam pulvinar nisl ac orci facilisis non dictum erat placerat. Integer nibh purus, volutpat eget interdum eget, iaculis et sapien. Quisque faucibus porta tellus, non lacinia dolor rhoncus a. Mauris ut molestie nulla. Mauris sagittis felis in augue mattis commodo. Lorem ipsum dolor sit amet, consectetur adipiscing elit. Nam quis metus quis nunc cursus auctor id eu augue. Phasellus convallis iaculis ipsum, at ullamcorper quam feugiat at. Curabitur sed nibh et tellus faucibus congue ac lacinia risus.",
  "title": "Document 1-1-3",
  "__meta": {
    "updateId": -1810240450,
    "cdate": 1501428287780,
    "cuser": "cn=Al Mass,o=DARWINO",
    "mdate": 1501428313150,
    "replicaId": "85257FB8005090FB",
    "changes": "sTBH",
    "muser": "cn=Al Mass,o=DARWINO",
    "seqId": 1
  }
}