{
  "form": "CompanyDocument",
  "_parentid": "AE2B7EBCA3D144ED8525816D0054B5EE",
  "document": "Praesent vitae metus ac nulla varius scelerisque vitae et justo. Suspendisse egestas, tellus a interdum malesuada, turpis eros sodales justo, vel auctor ligula sapien eget magna. Aliquam consectetur tristique pretium. Fusce tortor ante, varius tincidunt sodales ut, fermentum a erat. Pellentesque molestie consectetur mauris. Curabitur fermentum sapien sit amet nunc blandit pretium. Vivamus bibendum nisi in tellus vehicula eget pretium arcu sollicitudin. Nam iaculis nulla sed arcu congue interdum. Suspendisse libero eros, condimentum eget iaculis ut, pharetra sed dui. Vestibulum nunc lacus, faucibus id pulvinar a, cursus non purus. Nam sed varius purus.\n\nFusce sed sapien quam. Aenean in risus elit. Praesent condimentum pharetra ultricies. Vestibulum ante ipsum primis in faucibus orci luctus et ultrices posuere cubilia Curae; Aenean vitae lectus neque, ut sodales leo. Morbi eros nibh, varius eget tristique ac, consectetur sit amet purus. Nullam fringilla egestas purus, sit amet ultrices odio porttitor id. Praesent ac sem ipsum. Fusce sem quam, egestas consequat convallis in, condimentum sed lacus. Aliquam sodales mollis enim, ac consectetur nibh dictum sed. Fusce quis ligula enim. Aliquam tristique faucibus orci eu laoreet. Vestibulum dapibus massa eu nunc tempor a feugiat nisi luctus. Fusce et ullamcorper nunc. Maecenas vestibulum pretium sodales. Morbi gravida quam vitae ante aliquet pretium. Cras viverra nulla fringilla sapien tincidunt sed malesuada neque aliquet. Praesent semper fermentum venenatis.\n\nVivamus eget tellus erat. Ut laoreet libero et orci dictum lobortis. Suspendisse placerat aliquam ultrices. Fusce congue felis nec neque hendrerit consequat. Cum sociis natoque penatibus et magnis dis parturient montes, nascetur ridiculus mus. Fusce faucibus, lectus accumsan dapibus consectetur, mauris dolor tempor ipsum, non consectetur sem nisl vel leo. Aenean vel justo sed ante lacinia iaculis. Duis vulputate feugiat sapien, eu luctus diam posuere ut. Maecenas sit amet mauris sit amet ipsum vulputate sagittis. In hac habitasse platea dictumst. Etiam risus velit, feugiat quis ornare nec, dapibus posuere nisl. Suspendisse elementum, velit et gravida dignissim, mi velit placerat sem, ut vehicula dui ante sed ligula. Donec sodales dui eget est bibendum venenatis. Ut a nibh volutpat tellus congue rhoncus. In congue, mi et sagittis tempus, velit ante vestibulum enim, dignissim mollis nunc risus sit amet lorem. Vestibulum fringilla, nunc et egestas placerat, lectus enim volutpat ligula, tempus aliquam nulla velit viverra nisl. Fusce erat nunc, consequat vel euismod sit amet, condimentum elementum massa.\n\nCurabitur enim nibh, pretium sit amet viverra vitae, consectetur ac velit. Nulla facilisi. Integer vulputate, ligula in volutpat ultricies, neque ante sodales risus, adipiscing congue sem elit sit amet lorem. Aliquam ultricies lorem ac mi eleifend gravida pharetra odio aliquet. Proin elementum nisi et enim mattis at pellentesque enim egestas. Suspendisse faucibus, lacus eu ultrices bibendum, lacus metus eleifend turpis, et interdum tellus mauris egestas sapien. Duis nibh risus, scelerisque nec mollis non, consectetur mattis lectus. Duis elementum lacus quis metus semper porta. Maecenas accumsan, felis luctus molestie dignissim, lectus massa commodo quam, ut pulvinar lacus massa a felis. Phasellus tincidunt arcu et ipsum varius sed ullamcorper ante adipiscing.",
  "title": "Document 1-4-1-4",
  "__meta": {
    "updateId": -1810155770,
    "cdate": 1501428316050,
    "cuser": "cn=Al Mass,o=DARWINO",
    "mdate": 1501428397830,
    "replicaId": "85257FB8005090FB",
    "changes": "K9u5",
    "muser": "cn=Al Mass,o=DARWINO",
    "seqId": 1
  }
}