{
  "form": "CompanyDocument",
  "_parentid": "9ACF778997F5758F8525816D0054B4F7",
  "document": "Ut dictum massa id ante viverra lacinia. Vestibulum id risus lectus, in congue urna. Quisque feugiat mi in mauris blandit eu euismod neque mollis. Integer sollicitudin aliquam nunc non malesuada. Aliquam erat volutpat. Cras aliquet, urna sed mattis congue, lorem nunc tincidunt elit, sed pharetra diam ipsum non risus. Etiam pretium tempor luctus. Fusce porttitor, nulla vitae convallis pellentesque, leo odio pharetra felis, vitae molestie dolor elit a arcu. Aenean augue risus, ultricies non porttitor non, accumsan nec metus. Donec sit amet velit nisl. Integer suscipit eros non nisl auctor ut accumsan augue pretium. Nullam rhoncus orci dictum leo pretium faucibus. Praesent condimentum accumsan leo, eget pulvinar nisl blandit eget. Pellentesque imperdiet posuere nulla ut porta. Nunc commodo condimentum nulla vulputate tempus. Donec vel magna diam, vel aliquet quam. Proin sollicitudin sodales massa non tincidunt.\n\nVestibulum ullamcorper faucibus tellus, vel pulvinar nisi hendrerit vitae. Praesent sit amet tellus feugiat augue molestie fringilla. Aliquam hendrerit libero lacinia massa gravida feugiat. Maecenas quis molestie felis. Nunc iaculis nibh a leo sagittis fringilla. Donec ultrices malesuada ligula, quis fermentum diam auctor lacinia. Morbi est odio, rutrum vitae ornare sit amet, porttitor eu velit. Nunc congue tristique accumsan. Nullam pellentesque leo sed sapien cursus sollicitudin. Pellentesque ante diam, facilisis a sodales sed, sodales et mauris. Aenean et tellus augue. Aliquam molestie, arcu ut egestas scelerisque, mauris ipsum convallis elit, luctus lacinia velit sem quis lorem. Ut vel vehicula enim. Ut congue sagittis odio, vitae sodales nulla pellentesque consequat. Phasellus rhoncus porta ligula ac gravida. Sed dapibus congue sodales.",
  "title": "Document 3-3-2-1",
  "__meta": {
    "updateId": -1810163340,
    "cdate": 1501428313520,
    "cuser": "cn=Al Mass,o=DARWINO",
    "mdate": 1501428390260,
    "replicaId": "85257FB8005090FB",
    "changes": "6@8d",
    "muser": "cn=Al Mass,o=DARWINO",
    "seqId": 1
  }
}