{
  "form": "CompanyDocument",
  "_parentid": "80A96E7FC957CD988525816D0054B106",
  "document": "Sed nec ante sit amet diam consequat tempor at non ipsum. Sed felis nisi, pellentesque nec tempus sed, accumsan ut lorem. Sed faucibus nisl vitae nunc suscipit sit amet semper nunc commodo. Pellentesque blandit metus ut dui iaculis porttitor. Phasellus non libero eu lorem sodales bibendum. Aliquam sit amet lectus sit amet libero feugiat interdum condimentum in lorem. Vivamus tincidunt tellus sed magna ornare sagittis. Aenean auctor sapien in massa viverra suscipit. Proin consequat nunc ac felis mattis ornare. In hac habitasse platea dictumst.\n\nVivamus ut nisl urna, at fringilla libero. Aenean vehicula tortor quam, vel pellentesque metus. Aliquam fringilla nulla a metus tincidunt eget consequat ante placerat. Fusce non erat at odio rutrum hendrerit vel eu metus. Cras sit amet auctor mauris. Nam id risus lorem. Morbi vel nisl enim. Nulla consectetur nulla at mi tincidunt interdum. Sed non turpis diam. Curabitur non consequat augue. Duis dictum ligula vel nulla tempus lacinia. Pellentesque feugiat tristique cursus. Nulla scelerisque iaculis scelerisque. Vivamus sodales sodales leo, eget tempus felis fermentum sit amet. Vivamus viverra gravida tellus, a semper augue vestibulum ac. Suspendisse vel erat ipsum, et pulvinar metus.\n\nEtiam cursus egestas tortor, sed pharetra ligula fringilla id. Praesent varius adipiscing placerat. Donec leo orci, porta in ornare sit amet, fermentum id nulla. Nam magna sapien, bibendum a ultrices sed, vestibulum in augue. Pellentesque ut lorem vitae ante malesuada consequat et eu nisl. Aliquam aliquam hendrerit erat ac interdum. Maecenas dui nisi, eleifend eu pellentesque eget, ullamcorper at ipsum. Donec vel volutpat nisl. Nulla aliquet est vel eros iaculis ut rhoncus ante accumsan. Etiam tellus orci, placerat ac auctor sit amet, mattis eu elit.",
  "title": "Document 4-1-1-1-1",
  "__meta": {
    "updateId": -1810193560,
    "cdate": 1501428303430,
    "cuser": "cn=Al Mass,o=DARWINO",
    "mdate": 1501428360040,
    "replicaId": "85257FB8005090FB",
    "changes": "j7RA",
    "muser": "cn=Al Mass,o=DARWINO",
    "seqId": 1
  }
}