{
  "form": "CompanyDocument",
  "_parentid": "18E5592650D538148525816D0054B1CE",
  "document": "Fusce varius mi vel massa egestas rhoncus. Integer rhoncus blandit vehicula. Etiam lobortis eros at massa placerat ullamcorper. Vivamus condimentum ultricies metus nec dignissim. Vivamus dignissim, diam et feugiat vestibulum, dui tellus elementum arcu, et pulvinar diam metus quis quam. Pellentesque faucibus dapibus laoreet. Donec congue velit et purus vestibulum ut pulvinar erat pharetra. Ut faucibus orci eu lectus vulputate gravida. Fusce ante lectus, porttitor non imperdiet eget, eleifend ut nibh. Etiam vestibulum rutrum metus quis laoreet.\n\nMauris vel risus metus. Suspendisse non felis et urna mattis accumsan non eu ante. Phasellus fermentum sollicitudin turpis, vel laoreet ligula venenatis sed. Suspendisse quam purus, malesuada varius iaculis tempor, aliquam vel ipsum. Aenean sit amet elementum leo. Sed a elit dui, et auctor turpis. Quisque dignissim libero quis quam aliquet facilisis. Mauris ut magna id libero hendrerit tempor non vel tellus. Nunc iaculis, ligula vel cursus faucibus, leo nulla molestie augue, commodo blandit nunc orci quis sapien. Aenean non nulla ut lectus cursus mattis. Nunc nisl justo, viverra sed condimentum non, pulvinar a felis. Fusce sodales volutpat mauris at aliquet. Vivamus aliquet molestie cursus. Nullam eu molestie dolor. Nullam fringilla aliquet fermentum. Duis ut felis sit amet magna venenatis sollicitudin. Mauris sed mi sed tellus facilisis bibendum in ut mi. Nam at ipsum nec turpis convallis scelerisque.",
  "title": "Document 4-2-2-1",
  "__meta": {
    "updateId": -1810187570,
    "cdate": 1501428305430,
    "cuser": "cn=Al Mass,o=DARWINO",
    "mdate": 1501428366030,
    "replicaId": "85257FB8005090FB",
    "changes": "Q3Xu",
    "muser": "cn=Al Mass,o=DARWINO",
    "seqId": 1
  }
}