{
  "form": "CompanyDocument",
  "_parentid": "E0824B431168F1C58525816D0054AE83",
  "document": "Phasellus tincidunt scelerisque dapibus. Cum sociis natoque penatibus et magnis dis parturient montes, nascetur ridiculus mus. In consequat quam non quam malesuada sit amet bibendum nunc porta. Vestibulum adipiscing vehicula purus, non convallis purus cursus at. Ut nisi purus, mattis quis lacinia a, rhoncus et ante. Ut nec arcu ligula, a tempus eros. Curabitur vel dictum metus. Ut rhoncus semper commodo. Pellentesque vitae leo eget magna rutrum feugiat bibendum ac turpis. Curabitur adipiscing augue odio. Sed iaculis pellentesque metus, eu porttitor neque sagittis id. Phasellus justo quam, lobortis eu varius in, vulputate sed tortor.\n\nDuis tristique accumsan turpis, id congue nisi viverra ac. Cras et lectus at lacus lobortis consequat. Proin rutrum nisl nisl, nec porta enim. Integer odio sapien, laoreet viverra pulvinar hendrerit, luctus a urna. Cum sociis natoque penatibus et magnis dis parturient montes, nascetur ridiculus mus. Pellentesque quis velit sem, non rutrum ligula. Duis tempus faucibus pretium. Suspendisse quam urna, molestie non dignissim id, pulvinar sed quam. Aliquam dui quam, lacinia sollicitudin feugiat fringilla, congue vel nulla. Morbi mollis, lacus ac vehicula feugiat, tellus est pulvinar eros, nec porta orci nunc et massa. Quisque metus sapien, gravida quis euismod non, sollicitudin et erat. Integer odio nibh, tincidunt elementum cursus sit amet, varius ut lacus. Donec fermentum dolor at leo lobortis a bibendum orci pellentesque. Maecenas ut nisl ligula. Praesent ut augue ut erat accumsan accumsan in ac nunc. Pellentesque habitant morbi tristique senectus et netus et malesuada fames ac turpis egestas. Suspendisse porttitor sollicitudin justo, sed volutpat augue faucibus pretium.\n\nIn quis odio massa, eget lacinia metus. Praesent non tortor orci, sit amet blandit elit. Duis bibendum venenatis lacinia. Vestibulum quis leo id est viverra congue sed in mauris. Integer varius, justo sit amet blandit ultricies, mi nisi pretium massa, sit amet mattis dolor eros ut augue. Phasellus luctus mi nec odio hendrerit et mollis diam interdum. Nullam nisi risus, iaculis a gravida id, convallis ac magna. Suspendisse cursus odio sit amet neque blandit id imperdiet mi consequat. Duis vel libero metus, nec mattis odio. Duis porttitor volutpat iaculis. Quisque tristique rutrum gravida. Aliquam interdum aliquam tempor. Fusce dignissim libero in diam porta luctus.",
  "title": "Document 5-2-2",
  "__meta": {
    "updateId": -1810212790,
    "cdate": 1501428297010,
    "cuser": "cn=Al Mass,o=DARWINO",
    "mdate": 1501428340810,
    "replicaId": "85257FB8005090FB",
    "changes": "Ra@h",
    "muser": "cn=Al Mass,o=DARWINO",
    "seqId": 1
  }
}