{
  "form": "CompanyDocument",
  "_parentid": "264FDE74E9F5D4C78525816D0054B44D",
  "document": "Nam vel urna vel justo scelerisque ullamcorper. Pellentesque sollicitudin libero quis felis consectetur eu bibendum lacus placerat. Proin vestibulum magna at orci aliquam blandit. Nam vel massa nec massa pulvinar placerat ornare vitae nunc. Phasellus sit amet quam id arcu imperdiet consectetur. Aenean lacinia consectetur arcu ac gravida. Donec convallis cursus adipiscing. Ut in lectus lorem. Nullam risus nisi, ultrices nec pellentesque et, suscipit mollis dolor. Morbi viverra nulla ut ligula convallis consectetur aliquam metus ultricies. Donec tincidunt semper pellentesque. Sed volutpat dui at justo pulvinar eget rutrum magna porta. Etiam accumsan rutrum libero, vel vestibulum sem euismod sed. Phasellus quam massa, tempor et convallis blandit, scelerisque vel nunc. Curabitur dui tortor, eleifend non rutrum sit amet, cursus sed velit.\n\nVivamus in mauris elementum nisl tincidunt blandit. Vivamus ut vulputate dui. Vestibulum nec lectus felis. Maecenas nec nibh eget odio dignissim viverra. Suspendisse vestibulum luctus rutrum. Integer euismod velit eu tellus hendrerit varius. Aenean tempus nulla ac neque adipiscing fermentum. Vivamus rutrum nibh in nibh pharetra consequat. Suspendisse potenti. Nulla consectetur nunc dignissim ante varius eleifend. Praesent euismod tortor quis ante blandit nec sodales turpis pharetra. Aenean nec tortor enim, et laoreet mauris. Etiam sed nisl ut dui vestibulum aliquam eget nec justo. Integer leo tortor, condimentum eu feugiat vitae, dapibus sed sem. Suspendisse id libero vitae erat pulvinar rhoncus. Proin sit amet ultricies lectus. Sed magna velit, pulvinar id malesuada nec, mollis quis nunc. Etiam nisl risus, semper egestas vestibulum faucibus, suscipit nec urna. Vestibulum luctus viverra metus sed blandit.",
  "title": "Document 5-1-1-3-2",
  "__meta": {
    "updateId": -1810168400,
    "cdate": 1501428311830,
    "cuser": "cn=Al Mass,o=DARWINO",
    "mdate": 1501428385200,
    "replicaId": "85257FB8005090FB",
    "changes": "zi_v",
    "muser": "cn=Al Mass,o=DARWINO",
    "seqId": 1
  }
}