{
  "form": "CompanyDocument",
  "_parentid": "0DF7775572B1B7358525816D0054B24B",
  "document": "Vivamus facilisis tincidunt euismod. Pellentesque vehicula pellentesque accumsan. Maecenas vitae metus elit, gravida tincidunt nibh. Suspendisse vel odio mollis quam posuere interdum. Nulla fringilla eros quis justo vulputate elementum mollis leo mollis. Nulla sapien urna, euismod id elementum vel, bibendum vitae diam. Ut in mauris massa. Sed pulvinar libero et elit lobortis ultricies. Donec venenatis tortor id dui vestibulum pharetra mollis id arcu. Aenean vulputate, ante id laoreet tristique, mauris orci tempus ante, eget luctus tortor erat eget justo. Quisque accumsan euismod laoreet. Aenean sed eros odio.\n\nEtiam cursus egestas tortor, sed pharetra ligula fringilla id. Praesent varius adipiscing placerat. Donec leo orci, porta in ornare sit amet, fermentum id nulla. Nam magna sapien, bibendum a ultrices sed, vestibulum in augue. Pellentesque ut lorem vitae ante malesuada consequat et eu nisl. Aliquam aliquam hendrerit erat ac interdum. Maecenas dui nisi, eleifend eu pellentesque eget, ullamcorper at ipsum. Donec vel volutpat nisl. Nulla aliquet est vel eros iaculis ut rhoncus ante accumsan. Etiam tellus orci, placerat ac auctor sit amet, mattis eu elit.\n\nEtiam ultricies ligula vel velit pretium et convallis augue eleifend. Sed lobortis interdum sem, sed sollicitudin lectus pellentesque a. Duis orci ante, laoreet vel viverra non, varius vel nisi. Quisque adipiscing mattis turpis, eget cursus ante sollicitudin sed. Praesent cursus lobortis posuere. Curabitur sapien mauris, suscipit a scelerisque at, eleifend sit amet nunc. Nam consequat arcu sit amet elit elementum iaculis. Quisque id augue elit, convallis malesuada mauris. Fusce consectetur bibendum arcu sit amet fringilla. Praesent tempor libero ut lectus luctus sit amet sagittis ligula congue. Donec dapibus risus eget nunc pretium sollicitudin. Nulla vitae bibendum diam. Proin libero nibh, posuere id molestie vitae, pellentesque eget magna. Fusce interdum dignissim ipsum id viverra. Ut in diam vitae nisl iaculis adipiscing ut a massa. Maecenas accumsan dolor sit amet ipsum imperdiet pharetra. Donec in rutrum quam. In urna nisl, convallis sit amet tempus vel, pulvinar id magna. Proin neque dolor, mollis vitae pretium sollicitudin, rhoncus at leo. Cras bibendum fermentum tempus.\n\nAenean varius dui a tellus fermentum sollicitudin. Sed convallis sollicitudin lectus, sed vestibulum velit bibendum eget. Mauris quam diam, porta eget consequat et, facilisis vitae ligula. Sed venenatis, libero a ornare cursus, felis dui dapibus turpis, vitae ullamcorper libero tellus sit amet massa. Nullam mi orci, iaculis a sagittis nec, vestibulum et diam. Nunc tincidunt lacinia lorem, eget consequat leo tempus fermentum. Etiam hendrerit, sem nec sodales commodo, purus elit feugiat odio, et auctor ipsum purus ut est. Pellentesque metus eros, lobortis id auctor ut, consequat hendrerit nisi. Mauris pharetra pulvinar ante eget dictum. Nullam nulla turpis, tincidunt sed ultricies sit amet, sagittis sodales est. Phasellus sodales augue ornare purus pellentesque ut ornare nisl hendrerit. Praesent euismod, sem id malesuada sodales, orci justo bibendum elit, sed lobortis libero mauris eu nisi. Proin quis sapien metus. Sed nec sapien odio.",
  "title": "Document 3-1-2-2-1",
  "__meta": {
    "updateId": -1810183830,
    "cdate": 1501428306680,
    "cuser": "cn=Al Mass,o=DARWINO",
    "mdate": 1501428369770,
    "replicaId": "85257FB8005090FB",
    "changes": "qsVI",
    "muser": "cn=Al Mass,o=DARWINO",
    "seqId": 1
  }
}