{
  "form": "CompanyDocument",
  "_parentid": "25063CDBE53968FA8525816D0054A6AE",
  "document": "Nam eleifend ante sit amet lorem gravida varius. Integer pretium lobortis massa vitae mattis. Nam quis neque id leo fermentum hendrerit. Sed posuere tristique mauris, sit amet tincidunt leo adipiscing non. Vestibulum sit amet malesuada urna. Phasellus laoreet, ipsum eget ullamcorper feugiat, erat purus consectetur neque, et adipiscing dolor dui sed dui. Nullam viverra tortor lacinia ante ornare bibendum. Vestibulum laoreet nibh vitae nunc semper laoreet. Nunc dapibus blandit tristique. Sed eu magna et diam porta consequat non eu purus. Curabitur ligula lorem, commodo vel sodales vitae, eleifend et nisi. Morbi nec tortor leo. Nullam dolor quam, aliquet nec cursus in, adipiscing eu lacus. Duis volutpat orci eu quam lacinia blandit sit amet sed est. Proin eleifend orci vel enim lacinia tristique.",
  "title": "Document 1-2-2",
  "__meta": {
    "updateId": -1810272720,
    "cdate": 1501428277000,
    "cuser": "cn=Al Mass,o=DARWINO",
    "mdate": 1501428280880,
    "replicaId": "85257FB8005090FB",
    "changes": "GRPX",
    "muser": "cn=Al Mass,o=DARWINO",
    "seqId": 1
  }
}