{
  "form": "CompanyDocument",
  "_parentid": "DF78C6376D2BADA78525816D0054AB57",
  "document": "Lorem ipsum dolor sit amet, consectetur adipiscing elit. Aliquam diam sem, bibendum non rutrum a, auctor nec massa. Proin nec nulla nibh. Nam ipsum lacus, elementum in luctus ut, fermentum sit amet nunc. Etiam tempus placerat lacus. Cras non tellus diam. Sed vel mauris metus. Ut elementum porttitor metus a sagittis. Fusce scelerisque neque nec augue iaculis eget tempor enim varius. Proin consequat sollicitudin lectus, vitae semper leo feugiat luctus. Donec ut rutrum lacus. Morbi faucibus leo vel arcu tincidunt in dignissim metus tristique. Nam nulla purus, aliquam ut mollis dapibus, tincidunt id neque. Etiam gravida, ipsum non volutpat molestie, odio dui rhoncus enim, eget cursus magna neque vitae mauris. Curabitur varius placerat mauris ac viverra. Mauris sollicitudin lorem in ante pretium ultrices. Vestibulum rhoncus placerat justo vel rhoncus. Nullam felis orci, placerat sed vulputate eget, aliquam a felis. In hac habitasse platea dictumst. Integer sagittis ante a turpis vestibulum at tempus justo tempus.\n\nSed ut nibh massa, a auctor eros. Suspendisse viverra ante ac purus consequat vel sagittis odio luctus. Nulla facilisi. Curabitur cursus, erat adipiscing aliquet ornare, leo velit tincidunt leo, in laoreet est tellus eget elit. Fusce libero dui, faucibus vel sollicitudin vel, dignissim et turpis. Vestibulum in turpis quam. Quisque nulla augue, bibendum in auctor id, tristique ac leo. Suspendisse magna ligula, venenatis eu tincidunt sit amet, sollicitudin eu dui. Maecenas sit amet nisl fringilla nisi tempor varius laoreet non ante. Maecenas pulvinar, nibh non volutpat lacinia, lorem ante suscipit massa, eu tristique est lorem rutrum enim. Nullam magna dui, rhoncus eget molestie ut, accumsan sagittis magna. Donec tempus fringilla elementum. Mauris ultricies interdum justo, vel imperdiet nisl varius ac. Curabitur non mauris quis augue dignissim consequat. Aliquam justo neque, posuere ac placerat ac, sagittis non mauris. Sed molestie, massa non venenatis condimentum, felis mauris placerat orci, non commodo eros nisi non neque. Nullam neque orci, congue sed mollis et, aliquam at massa. Proin mollis vulputate massa porta congue.",
  "title": "Document 3-1-1-4",
  "__meta": {
    "updateId": -1810236880,
    "cdate": 1501428288970,
    "cuser": "cn=Al Mass,o=DARWINO",
    "mdate": 1501428316720,
    "replicaId": "85257FB8005090FB",
    "changes": "cQa4",
    "muser": "cn=Al Mass,o=DARWINO",
    "seqId": 1
  }
}